Country,Crisis,Crisis ID,ISO3 code,Region,Type of crisis,Website name,Country level,,Indicator,Reliability,Type of entry,,,,,,,,,,,,,,,,,,,,,,,,,,,,,,,,,,,,,,,,,,,,,,,,,,,,,,,,,,,,,,,,,,,,,,,,,,,,,,,,,,,,,,,,,,,,,,,,,,,,,,,,,,,,,,,,,,,,,,,,,,,,,,,,,,,,,,,,,,,,,,,,,,,,,,,,,,,,,,,,,,,,,,,,,,,,,,,,,,,,,,,,,,,,,,,,,,,,,,,,,,,,,,,,,,,
,,,,,,,,,,,,,,,,,,,,,,,,,,,,,,,,,,,,,,,,,,,,,,,,,,,,,,,,,,,,,,,,,,,,,,,,,,,,,,,,,,,,,,,,,,,,,,,,,,,,,,,,,,,,,,,,,,,,,,,,,,,,,,,,,,,,,,,,,,,,,,,,,,,,,,,,,,,,,,,,,,,,,,,,,,,,,,,,,,,,,,,,,,,,,,,,,,,,,,,,,,,,,,,,,,,,,,,,,,,,,,
Afghanistan,Complex crisis in Afghanistan,AFG001,AFG,Asia,Complex crisis,Complex crisis,Yes,Individual,Total population,x,Humanitarian development,,,,,,,,,,,,,,,,,,,,,,,,,,,,,,,,,,,,,,,,,,,,,,,,,,,,,,,,,,,,,,,,,,,,,,,,,,,,,,,,,,,,,,,,,,,,,,,,,,,,,,,,,,,,,,,,,,,,,,,,,,,,,,,,,,,,,,,,,,,,,,,,,,,,,,,,,,,,,,,,,,,,,,,,,,,,,,,,,,,,,,,,,,,,,,,,,,,,,,,,,,,,,,,,,,,
Algeria,Mixed migration flows in Algeria,DZA002,DZA,Africa,International displacement,Mixed Migration,No,Individual,Landmass affected,Low,Change in the data/methodology,,,,,,,,,,,,,,,,,,,,,,,,,,,,,,,,,,,,,,,,,,,,,,,,,,,,,,,,,,,,,,,,,,,,,,,,,,,,,,,,,,,,,,,,,,,,,,,,,,,,,,,,,,,,,,,,,,,,,,,,,,,,,,,,,,,,,,,,,,,,,,,,,,,,,,,,,,,,,,,,,,,,,,,,,,,,,,,,,,,,,,,,,,,,,,,,,,,,,,,,,,,,,,,,,,,
Algeria,Sahrawi refugees in Algeria,DZA003,DZA,Africa,International displacement,Sahrawi refugees,No,Individual,People exposed,Medium,,,,,,,,,,,,,,,,,,,,,,,,,,,,,,,,,,,,,,,,,,,,,,,,,,,,,,,,,,,,,,,,,,,,,,,,,,,,,,,,,,,,,,,,,,,,,,,,,,,,,,,,,,,,,,,,,,,,,,,,,,,,,,,,,,,,,,,,,,,,,,,,,,,,,,,,,,,,,,,,,,,,,,,,,,,,,,,,,,,,,,,,,,,,,,,,,,,,,,,,,,,,,,,,,,,,
Algeria,Multiple crises in Algeria,DZA004,DZA,Africa,Multiple crises country,Country level,Yes,Aggregated,People affected,High,,,,,,,,,,,,,,,,,,,,,,,,,,,,,,,,,,,,,,,,,,,,,,,,,,,,,,,,,,,,,,,,,,,,,,,,,,,,,,,,,,,,,,,,,,,,,,,,,,,,,,,,,,,,,,,,,,,,,,,,,,,,,,,,,,,,,,,,,,,,,,,,,,,,,,,,,,,,,,,,,,,,,,,,,,,,,,,,,,,,,,,,,,,,,,,,,,,,,,,,,,,,,,,,,,,,
"Algeria, Morocco, Spain",Western Mediterranean Route,REG008,"DZA, MAR, ESP",Europe,Regional crisis,Western Mediterranean Route,,Individual,People displaced,,,,,,,,,,,,,,,,,,,,,,,,,,,,,,,,,,,,,,,,,,,,,,,,,,,,,,,,,,,,,,,,,,,,,,,,,,,,,,,,,,,,,,,,,,,,,,,,,,,,,,,,,,,,,,,,,,,,,,,,,,,,,,,,,,,,,,,,,,,,,,,,,,,,,,,,,,,,,,,,,,,,,,,,,,,,,,,,,,,,,,,,,,,,,,,,,,,,,,,,,,,,,,,,,,,,,
"Algeria, Tunisia, Libya, Italy",Central Mediterranean Route,REG007,"DZA, TUN, LBY, ITA",Europe,Regional crisis,Central Mediterranean Route,,Individual,Injuries reported,,,,,,,,,,,,,,,,,,,,,,,,,,,,,,,,,,,,,,,,,,,,,,,,,,,,,,,,,,,,,,,,,,,,,,,,,,,,,,,,,,,,,,,,,,,,,,,,,,,,,,,,,,,,,,,,,,,,,,,,,,,,,,,,,,,,,,,,,,,,,,,,,,,,,,,,,,,,,,,,,,,,,,,,,,,,,,,,,,,,,,,,,,,,,,,,,,,,,,,,,,,,,,,,,,,,,
Armenia,Nagorno-Karabakh Conflict in Armenia,ARM002,ARM,Middle east,Conflict,Conflict,Yes,Individual,Illness cases reported,,,,,,,,,,,,,,,,,,,,,,,,,,,,,,,,,,,,,,,,,,,,,,,,,,,,,,,,,,,,,,,,,,,,,,,,,,,,,,,,,,,,,,,,,,,,,,,,,,,,,,,,,,,,,,,,,,,,,,,,,,,,,,,,,,,,,,,,,,,,,,,,,,,,,,,,,,,,,,,,,,,,,,,,,,,,,,,,,,,,,,,,,,,,,,,,,,,,,,,,,,,,,,,,,,,,,
"Armenia, Azerbaijan",Nagorno-Karabakh Conflict,REG013,"ARM, AZE",Asia,Regional crisis,Regional conflict,,Individual,Fatalities reported,,,,Crisis related Injuries,Crisis related Injuries,Crisis related Injuries,Crisis related Injuries,Crisis related Injuries,Crisis related Injuries,Crisis related Injuries,Crisis related Injuries,Crisis related Injuries,Crisis related Injuries,Crisis related Injuries,Crisis related Injuries,Crisis related Injuries,Crisis related Injuries,Crisis related Injuries,Crisis related Injuries,Crisis related Injuries,Crisis related Injuries,Crisis related Injuries,Crisis related Injuries,Crisis related Injuries,Crisis related Injuries,Crisis related Injuries,Crisis related Injuries,Crisis related Injuries,Crisis related Injuries,Crisis related Injuries,Crisis related Injuries,Crisis related Injuries,Crisis related Injuries,Crisis related Injuries,Crisis related Injuries,Crisis related Injuries,Crisis related Injuries,Crisis related Injuries,Crisis related Injuries,Crisis related Injuries,Crisis related Injuries,Crisis related Injuries,Crisis related Injuries,Crisis related Injuries,Crisis related Injuries,Crisis related Injuries,Crisis related Injuries,Crisis related Injuries,Crisis related Injuries,Crisis related Injuries,Crisis related Injuries,Crisis related Injuries,Crisis related Injuries,Crisis related Injuries,Crisis related Injuries,Crisis related Injuries,Crisis related Injuries,Crisis related Injuries,Crisis related Injuries,Crisis related Injuries,Crisis related Injuries,Crisis related Injuries,Crisis related Injuries,Crisis related Injuries,Crisis related Injuries,Crisis related Injuries,Crisis related Injuries,Crisis related Injuries,Crisis related Injuries,Crisis related Injuries,Crisis related Injuries,Crisis related Injuries,Crisis related Injuries,Crisis related Injuries,Crisis related Injuries,Crisis related Injuries,Crisis related Injuries,Crisis related Injuries,Crisis related Injuries,Crisis related Injuries,Crisis related Injuries,Crisis related Injuries,Crisis related Injuries,Crisis related Injuries,Crisis related Injuries,Crisis related Injuries,Crisis related Injuries,Crisis related Injuries,Crisis related Injuries,Crisis related Injuries,Crisis related Injuries,Crisis related Injuries,Crisis related Injuries,Crisis related Injuries,Crisis related Injuries,Crisis related Injuries,Crisis related Injuries,Crisis related Injuries,Crisis related Injuries,Crisis related Injuries,Crisis related Injuries,Crisis related Injuries,Crisis related Injuries,Crisis related Injuries,Crisis related Injuries,Crisis related Injuries,Crisis related Injuries,Crisis related Injuries,Crisis related Injuries,Crisis related Injuries,Crisis related Injuries,Crisis related Injuries,Crisis related Injuries,Crisis related Injuries,Crisis related Injuries,Crisis related Injuries,Crisis related Injuries,Crisis related Injuries,Crisis related Injuries,Crisis related Injuries,Crisis related Injuries,Crisis related Injuries,Crisis related Injuries,Crisis related Injuries,Crisis related Injuries,Crisis related Injuries,Crisis related Injuries,Crisis related Injuries,Crisis related Injuries,Crisis related Injuries,Crisis related Injuries,Crisis related Injuries,Crisis related Injuries,Crisis related Injuries,Crisis related Injuries,Crisis related Injuries,Crisis related Injuries,Crisis related Injuries,Crisis related Injuries,Crisis related Injuries,Crisis related Injuries,Crisis related Injuries,Crisis related Injuries,Crisis related Injuries,Crisis related Injuries,Crisis related Injuries,Crisis related Injuries,Crisis related Injuries,Crisis related Injuries,Crisis related Injuries,Crisis related Injuries,Crisis related Injuries,Crisis related Injuries,Crisis related Injuries,Crisis related Injuries,Crisis related Injuries,Crisis related Injuries,Crisis related Injuries,Crisis related Injuries,Crisis related Injuries,Crisis related Injuries,Crisis related Injuries,Crisis related Injuries,Crisis related Injuries,Crisis related Injuries,Crisis related Injuries,Crisis related Injuries,Crisis related Injuries,Crisis related Injuries,Crisis related Injuries,Crisis related Injuries,Crisis related Injuries,Crisis related Injuries,Crisis related Injuries,Crisis related Injuries,Crisis related Injuries,Crisis related Injuries,Crisis related Injuries,Crisis related Injuries,Crisis related Injuries,Crisis related Injuries,Crisis related Injuries,Crisis related Injuries,Crisis related Injuries,Crisis related Injuries,Crisis related Injuries,Crisis related Injuries,Crisis related Injuries,Crisis related Injuries,Crisis related Injuries,Crisis related Injuries,Crisis related Injuries,Crisis related Injuries,Crisis related Injuries,Crisis related Injuries,Crisis related Injuries,Crisis related Injuries,Crisis related Injuries,Crisis related Injuries,Crisis related Injuries,Crisis related Injuries,Crisis related Injuries,Crisis related Injuries,Crisis related Injuries,Crisis related Injuries,Crisis related Injuries,Crisis related Injuries,Crisis related Injuries,Crisis related Injuries,Crisis related Injuries,Crisis related Injuries,Crisis related Injuries,Crisis related Injuries
Azerbaijan,Nagorno-Karabakh conflict in Azerbaijan,AZE002,AZE,Middle east,Conflict,Conflcit,Yes,Individual,Buildings damaged,,,,,,,,,,,,,,,,,,,,,,,,,,,,,,,,,,,,,,,,,,,,,,,,,,,,,,,,,,,,,,,,,,,,,,,,,,,,,,,,,,,,,,,,,,,,,,,,,,,,,,,,,,,,,,,,,,,,,,,,,,,,,,,,,,,,,,,,,,,,,,,,,,,,,,,,,,,,,,,,,,,,,,,,,,,,,,,,,,,,,,,,,,,,,,,,,,,,,,,,,,,,,,,,,,,,,
Bangladesh,Mutliple crises in Bangladesh,BGD001,BGD,Asia,Multiple crises country,Country Level,Yes,Aggregated,Buildings destroyed,,,,People  facing moderate humanitarian needs (level 3),People  facing moderate humanitarian needs (level 3),People  facing moderate humanitarian needs (level 3),People  facing moderate humanitarian needs (level 3),People  facing moderate humanitarian needs (level 3),People  facing moderate humanitarian needs (level 3),People  facing moderate humanitarian needs (level 3),People  facing moderate humanitarian needs (level 3),People  facing moderate humanitarian needs (level 3),People  facing moderate humanitarian needs (level 3),People  facing moderate humanitarian needs (level 3),People  facing moderate humanitarian needs (level 3),People  facing moderate humanitarian needs (level 3),People  facing moderate humanitarian needs (level 3),People  facing moderate humanitarian needs (level 3),People  facing moderate humanitarian needs (level 3),People  facing moderate humanitarian needs (level 3),People  facing moderate humanitarian needs (level 3),People  facing moderate humanitarian needs (level 3),People  facing moderate humanitarian needs (level 3),People  facing moderate humanitarian needs (level 3),People  facing moderate humanitarian needs (level 3),People  facing moderate humanitarian needs (level 3),People  facing moderate humanitarian needs (level 3),People  facing moderate humanitarian needs (level 3),People  facing moderate humanitarian needs (level 3),People  facing moderate humanitarian needs (level 3),People  facing moderate humanitarian needs (level 3),People  facing moderate humanitarian needs (level 3),People  facing moderate humanitarian needs (level 3),People  facing moderate humanitarian needs (level 3),People  facing moderate humanitarian needs (level 3),People  facing moderate humanitarian needs (level 3),People  facing moderate humanitarian needs (level 3),People  facing moderate humanitarian needs (level 3),People  facing moderate humanitarian needs (level 3),People  facing moderate humanitarian needs (level 3),People  facing moderate humanitarian needs (level 3),People  facing moderate humanitarian needs (level 3),People  facing moderate humanitarian needs (level 3),People  facing moderate humanitarian needs (level 3),People  facing moderate humanitarian needs (level 3),People  facing moderate humanitarian needs (level 3),People  facing moderate humanitarian needs (level 3),People  facing moderate humanitarian needs (level 3),People  facing moderate humanitarian needs (level 3),People  facing moderate humanitarian needs (level 3),People  facing moderate humanitarian needs (level 3),People  facing moderate humanitarian needs (level 3),People  facing moderate humanitarian needs (level 3),People  facing moderate humanitarian needs (level 3),People  facing moderate humanitarian needs (level 3),People  facing moderate humanitarian needs (level 3),People  facing moderate humanitarian needs (level 3),People  facing moderate humanitarian needs (level 3),People  facing moderate humanitarian needs (level 3),People  facing moderate humanitarian needs (level 3),People  facing moderate humanitarian needs (level 3),People  facing moderate humanitarian needs (level 3),People  facing moderate humanitarian needs (level 3),People  facing moderate humanitarian needs (level 3),People  facing moderate humanitarian needs (level 3),People  facing moderate humanitarian needs (level 3),People  facing moderate humanitarian needs (level 3),People  facing moderate humanitarian needs (level 3),People  facing moderate humanitarian needs (level 3),People  facing moderate humanitarian needs (level 3),People  facing moderate humanitarian needs (level 3),People  facing moderate humanitarian needs (level 3),People  facing moderate humanitarian needs (level 3),People  facing moderate humanitarian needs (level 3),People  facing moderate humanitarian needs (level 3),People  facing moderate humanitarian needs (level 3),People  facing moderate humanitarian needs (level 3),People  facing moderate humanitarian needs (level 3),People  facing moderate humanitarian needs (level 3),People  facing moderate humanitarian needs (level 3),People  facing moderate humanitarian needs (level 3),People  facing moderate humanitarian needs (level 3),People  facing moderate humanitarian needs (level 3),People  facing moderate humanitarian needs (level 3),People  facing moderate humanitarian needs (level 3),People  facing moderate humanitarian needs (level 3),People  facing moderate humanitarian needs (level 3),People  facing moderate humanitarian needs (level 3),People  facing moderate humanitarian needs (level 3),People  facing moderate humanitarian needs (level 3),People  facing moderate humanitarian needs (level 3),People  facing moderate humanitarian needs (level 3),People  facing moderate humanitarian needs (level 3),People  facing moderate humanitarian needs (level 3),People  facing moderate humanitarian needs (level 3),People  facing moderate humanitarian needs (level 3),People  facing moderate humanitarian needs (level 3),People  facing moderate humanitarian needs (level 3),People  facing moderate humanitarian needs (level 3),People  facing moderate humanitarian needs (level 3),People  facing moderate humanitarian needs (level 3),People  facing moderate humanitarian needs (level 3),People  facing moderate humanitarian needs (level 3),People  facing moderate humanitarian needs (level 3),People  facing moderate humanitarian needs (level 3),People  facing moderate humanitarian needs (level 3),People  facing moderate humanitarian needs (level 3),People  facing moderate humanitarian needs (level 3),People  facing moderate humanitarian needs (level 3),People  facing moderate humanitarian needs (level 3),People  facing moderate humanitarian needs (level 3),People  facing moderate humanitarian needs (level 3),People  facing moderate humanitarian needs (level 3),People  facing moderate humanitarian needs (level 3),People  facing moderate humanitarian needs (level 3),People  facing moderate humanitarian needs (level 3),People  facing moderate humanitarian needs (level 3),People  facing moderate humanitarian needs (level 3),People  facing moderate humanitarian needs (level 3),People  facing moderate humanitarian needs (level 3),People  facing moderate humanitarian needs (level 3),People  facing moderate humanitarian needs (level 3),People  facing moderate humanitarian needs (level 3),People  facing moderate humanitarian needs (level 3),People  facing moderate humanitarian needs (level 3),People  facing moderate humanitarian needs (level 3),People  facing moderate humanitarian needs (level 3),People  facing moderate humanitarian needs (level 3),People  facing moderate humanitarian needs (level 3),People  facing moderate humanitarian needs (level 3),People  facing moderate humanitarian needs (level 3),People  facing moderate humanitarian needs (level 3),People  facing moderate humanitarian needs (level 3),People  facing moderate humanitarian needs (level 3),People  facing moderate humanitarian needs (level 3),People  facing moderate humanitarian needs (level 3),People  facing moderate humanitarian needs (level 3),People  facing moderate humanitarian needs (level 3),People  facing moderate humanitarian needs (level 3),People  facing moderate humanitarian needs (level 3),People  facing moderate humanitarian needs (level 3),People  facing moderate humanitarian needs (level 3),People  facing moderate humanitarian needs (level 3),People  facing moderate humanitarian needs (level 3),People  facing moderate humanitarian needs (level 3),People  facing moderate humanitarian needs (level 3),People  facing moderate humanitarian needs (level 3),People  facing moderate humanitarian needs (level 3),People  facing moderate humanitarian needs (level 3),People  facing moderate humanitarian needs (level 3),People  facing moderate humanitarian needs (level 3),People  facing moderate humanitarian needs (level 3),People  facing moderate humanitarian needs (level 3),People  facing moderate humanitarian needs (level 3),People  facing moderate humanitarian needs (level 3),People  facing moderate humanitarian needs (level 3),People  facing moderate humanitarian needs (level 3),People  facing moderate humanitarian needs (level 3),People  facing moderate humanitarian needs (level 3),People  facing moderate humanitarian needs (level 3),People  facing moderate humanitarian needs (level 3),People  facing moderate humanitarian needs (level 3),People  facing moderate humanitarian needs (level 3),People  facing moderate humanitarian needs (level 3),People  facing moderate humanitarian needs (level 3),People  facing moderate humanitarian needs (level 3),People  facing moderate humanitarian needs (level 3),People  facing moderate humanitarian needs (level 3),People  facing moderate humanitarian needs (level 3),People  facing moderate humanitarian needs (level 3),People  facing moderate humanitarian needs (level 3),People  facing moderate humanitarian needs (level 3),People  facing moderate humanitarian needs (level 3),People  facing moderate humanitarian needs (level 3),People  facing moderate humanitarian needs (level 3),People  facing moderate humanitarian needs (level 3),People  facing moderate humanitarian needs (level 3),People  facing moderate humanitarian needs (level 3),People  facing moderate humanitarian needs (level 3),People  facing moderate humanitarian needs (level 3),People  facing moderate humanitarian needs (level 3),People  facing moderate humanitarian needs (level 3),People  facing moderate humanitarian needs (level 3),People  facing moderate humanitarian needs (level 3),People  facing moderate humanitarian needs (level 3),People  facing moderate humanitarian needs (level 3),People  facing moderate humanitarian needs (level 3),People  facing moderate humanitarian needs (level 3),People  facing moderate humanitarian needs (level 3),People  facing moderate humanitarian needs (level 3),People  facing moderate humanitarian needs (level 3),People  facing moderate humanitarian needs (level 3),People  facing moderate humanitarian needs (level 3),People  facing moderate humanitarian needs (level 3),People  facing moderate humanitarian needs (level 3),People  facing moderate humanitarian needs (level 3),People  facing moderate humanitarian needs (level 3),People  facing moderate humanitarian needs (level 3),People  facing moderate humanitarian needs (level 3),People  facing moderate humanitarian needs (level 3),People  facing moderate humanitarian needs (level 3),People  facing moderate humanitarian needs (level 3),People  facing moderate humanitarian needs (level 3),People  facing moderate humanitarian needs (level 3),People  facing moderate humanitarian needs (level 3),People  facing moderate humanitarian needs (level 3),People  facing moderate humanitarian needs (level 3),People  facing moderate humanitarian needs (level 3),People  facing moderate humanitarian needs (level 3),People  facing moderate humanitarian needs (level 3),People  facing moderate humanitarian needs (level 3),People  facing moderate humanitarian needs (level 3),People  facing moderate humanitarian needs (level 3)
Bangladesh,Rohingya refugee crisis,BGD002,BGD,Asia,International displacement,Rohingya Refugees,No,Individual,Economic Losses,,,,,,,,,,,,,,,,,,,,,,,,,,,,,,,,,,,,,,,,,,,,,,,,,,,,,,,,,,,,,,,,,,,,,,,,,,,,,,,,,,,,,,,,,,,,,,,,,,,,,,,,,,,,,,,,,,,,,,,,,,,,,,,,,,,,,,,,,,,,,,,,,,,,,,,,,,,,,,,,,,,,,,,,,,,,,,,,,,,,,,,,,,,,,,,,,,,,,,,,,,,,,,,,,,,,,
Bangladesh,Floods in Bangladesh,BGD003,BGD,Asia,Flood,Floods,No,Individual,People in Need,,,,Total # of illness cases reported,Total # of illness cases reported,Total # of illness cases reported,Total # of illness cases reported,Total # of illness cases reported,Total # of illness cases reported,Total # of illness cases reported,Total # of illness cases reported,Total # of illness cases reported,Total # of illness cases reported,Total # of illness cases reported,Total # of illness cases reported,Total # of illness cases reported,Total # of illness cases reported,Total # of illness cases reported,Total # of illness cases reported,Total # of illness cases reported,Total # of illness cases reported,Total # of illness cases reported,Total # of illness cases reported,Total # of illness cases reported,Total # of illness cases reported,Total # of illness cases reported,Total # of illness cases reported,Total # of illness cases reported,Total # of illness cases reported,Total # of illness cases reported,Total # of illness cases reported,Total # of illness cases reported,Total # of illness cases reported,Total # of illness cases reported,Total # of illness cases reported,Total # of illness cases reported,Total # of illness cases reported,Total # of illness cases reported,Total # of illness cases reported,Total # of illness cases reported,Total # of illness cases reported,Total # of illness cases reported,Total # of illness cases reported,Total # of illness cases reported,Total # of illness cases reported,Total # of illness cases reported,Total # of illness cases reported,Total # of illness cases reported,Total # of illness cases reported,Total # of illness cases reported,Total # of illness cases reported,Total # of illness cases reported,Total # of illness cases reported,Total # of illness cases reported,Total # of illness cases reported,Total # of illness cases reported,Total # of illness cases reported,Total # of illness cases reported,Total # of illness cases reported,Total # of illness cases reported,Total # of illness cases reported,Total # of illness cases reported,Total # of illness cases reported,Total # of illness cases reported,Total # of illness cases reported,Total # of illness cases reported,Total # of illness cases reported,Total # of illness cases reported,Total # of illness cases reported,Total # of illness cases reported,Total # of illness cases reported,Total # of illness cases reported,Total # of illness cases reported,Total # of illness cases reported,Total # of illness cases reported,Total # of illness cases reported,Total # of illness cases reported,Total # of illness cases reported,Total # of illness cases reported,Total # of illness cases reported,Total # of illness cases reported,Total # of illness cases reported,Total # of illness cases reported,Total # of illness cases reported,Total # of illness cases reported,Total # of illness cases reported,Total # of illness cases reported,Total # of illness cases reported,Total # of illness cases reported,Total # of illness cases reported,Total # of illness cases reported,Total # of illness cases reported,Total # of illness cases reported,Total # of illness cases reported,Total # of illness cases reported,Total # of illness cases reported,Total # of illness cases reported,Total # of illness cases reported,Total # of illness cases reported,Total # of illness cases reported,Total # of illness cases reported,Total # of illness cases reported,Total # of illness cases reported,Total # of illness cases reported,Total # of illness cases reported,Total # of illness cases reported,Total # of illness cases reported,Total # of illness cases reported,Total # of illness cases reported,Total # of illness cases reported,Total # of illness cases reported,Total # of illness cases reported,Total # of illness cases reported,Total # of illness cases reported,Total # of illness cases reported,Total # of illness cases reported,Total # of illness cases reported,Total # of illness cases reported,Total # of illness cases reported,Total # of illness cases reported,Total # of illness cases reported,Total # of illness cases reported,Total # of illness cases reported,Total # of illness cases reported,Total # of illness cases reported,Total # of illness cases reported,Total # of illness cases reported,Total # of illness cases reported,Total # of illness cases reported,Total # of illness cases reported,Total # of illness cases reported,Total # of illness cases reported,Total # of illness cases reported,Total # of illness cases reported,Total # of illness cases reported,Total # of illness cases reported,Total # of illness cases reported,Total # of illness cases reported,Total # of illness cases reported,Total # of illness cases reported,Total # of illness cases reported,Total # of illness cases reported,Total # of illness cases reported,Total # of illness cases reported,Total # of illness cases reported,Total # of illness cases reported,Total # of illness cases reported,Total # of illness cases reported,Total # of illness cases reported,Total # of illness cases reported,Total # of illness cases reported,Total # of illness cases reported,Total # of illness cases reported,Total # of illness cases reported,Total # of illness cases reported,Total # of illness cases reported,Total # of illness cases reported,Total # of illness cases reported,Total # of illness cases reported,Total # of illness cases reported,Total # of illness cases reported,Total # of illness cases reported,Total # of illness cases reported,Total # of illness cases reported,Total # of illness cases reported,Total # of illness cases reported,Total # of illness cases reported,Total # of illness cases reported,Total # of illness cases reported,Total # of illness cases reported,Total # of illness cases reported,Total # of illness cases reported,Total # of illness cases reported,Total # of illness cases reported,Total # of illness cases reported,Total # of illness cases reported,Total # of illness cases reported,Total # of illness cases reported,Total # of illness cases reported,Total # of illness cases reported,Total # of illness cases reported,Total # of illness cases reported,Total # of illness cases reported,Total # of illness cases reported,Total # of illness cases reported,Total # of illness cases reported,Total # of illness cases reported,Total # of illness cases reported,Total # of illness cases reported,Total # of illness cases reported,Total # of illness cases reported,Total # of illness cases reported,Total # of illness cases reported,Total # of illness cases reported,Total # of illness cases reported,Total # of illness cases reported,Total # of illness cases reported,Total # of illness cases reported,Total # of illness cases reported,Total # of illness cases reported,Total # of illness cases reported,Total # of illness cases reported,Total # of illness cases reported,Total # of illness cases reported,Total # of illness cases reported,Total # of illness cases reported,Total # of illness cases reported,Total # of illness cases reported,Total # of illness cases reported,Total # of illness cases reported,Total # of illness cases reported,Total # of illness cases reported,Total # of illness cases reported
Bangladesh,Cyclone Amphan Bangladesh,BGD006,BGD,Asia,Tropical cyclone,Cyclone Amphan,No,Individual,Minimal humanitarian conditions - Level 1,,,,,,,,,,,,,,,,,,,,,,,,,,,,,,,,,,,,,,,,,,,,,,,,,,,,,,,,,,,,,,,,,,,,,,,,,,,,,,,,,,,,,,,,,,,,,,,,,,,,,,,,,,,,,,,,,,,,,,,,,,,,,,,,,,,,,,,,,,,,,,,,,,,,,,,,,,,,,,,,,,,,,,,,,,,,,,,,,,,,,,,,,,,,,,,,,,,,,,,,,,,,,,,,,,,,,
"Bangladesh, Myanmar",Rohingya Regional Crisis,REG011,"BGD, MMR",Asia,Regional crisis,Rohingya Regional Crisis,No,Individual,Stressed humanitarian conditions - Level 2,,,,,,,,,,,,,,,,,,,,,,,,,,,,,,,,,,,,,,,,,,,,,,,,,,,,,,,,,,,,,,,,,,,,,,,,,,,,,,,,,,,,,,,,,,,,,,,,,,,,,,,,,,,,,,,,,,,,,,,,,,,,,,,,,,,,,,,,,,,,,,,,,,,,,,,,,,,,,,,,,,,,,,,,,,,,,,,,,,,,,,,,,,,,,,,,,,,,,,,,,,,,,,,,,,,,,
Brazil,Venezuela displacement in Brazil,BRA002,BRA,Americas,International displacement,Venezuelan refugees,Yes,Individual,Moderate humanitarian conditions - Level 3,,,,,,,,,,,,,,,,,,,,,,,,,,,,,,,,,,,,,,,,,,,,,,,,,,,,,,,,,,,,,,,,,,,,,,,,,,,,,,,,,,,,,,,,,,,,,,,,,,,,,,,,,,,,,,,,,,,,,,,,,,,,,,,,,,,,,,,,,,,,,,,,,,,,,,,,,,,,,,,,,,,,,,,,,,,,,,,,,,,,,,,,,,,,,,,,,,,,,,,,,,,,,,,,,,,,,
Burkina Faso,Conflict in Burkina Faso,BFA002,BFA,Africa,Conflict,Conflict,Yes,Individual,Severe humanitarian conditions - Level 4,,,,,,,,,,,,,,,,,,,,,,,,,,,,,,,,,,,,,,,,,,,,,,,,,,,,,,,,,,,,,,,,,,,,,,,,,,,,,,,,,,,,,,,,,,,,,,,,,,,,,,,,,,,,,,,,,,,,,,,,,,,,,,,,,,,,,,,,,,,,,,,,,,,,,,,,,,,,,,,,,,,,,,,,,,,,,,,,,,,,,,,,,,,,,,,,,,,,,,,,,,,,,,,,,,,,,
Burkina Faso,Floods in Burkina Faso,BFA003,BFA,Africa,Flood,Floods,No,Individual,Extreme humanitarian conditions - Level 5,,,,,,,,,,,,,,,,,,,,,,,,,,,,,,,,,,,,,,,,,,,,,,,,,,,,,,,,,,,,,,,,,,,,,,,,,,,,,,,,,,,,,,,,,,,,,,,,,,,,,,,,,,,,,,,,,,,,,,,,,,,,,,,,,,,,,,,,,,,,,,,,,,,,,,,,,,,,,,,,,,,,,,,,,,,,,,,,,,,,,,,,,,,,,,,,,,,,,,,,,,,,,,,,,,,,,
Burkina Faso,Multiple crises in Burkina Faso,BFA004,BFA,Africa,Multiple crises country,Country level,Yes,Aggregated,Fatalities in all crises,,,,,,,,,,,,,,,,,,,,,,,,,,,,,,,,,,,,,,,,,,,,,,,,,,,,,,,,,,,,,,,,,,,,,,,,,,,,,,,,,,,,,,,,,,,,,,,,,,,,,,,,,,,,,,,,,,,,,,,,,,,,,,,,,,,,,,,,,,,,,,,,,,,,,,,,,,,,,,,,,,,,,,,,,,,,,,,,,,,,,,,,,,,,,,,,,,,,,,,,,,,,,,,,,,,,,
Burundi,Complex in Burundi,BDI001,BDI,Africa,Complex crisis,Complex crisis ,Yes,Individual,Crisis affected groups,,,,,,,,,,,,,,,,,,,,,,,,,,,,,,,,,,,,,,,,,,,,,,,,,,,,,,,,,,,,,,,,,,,,,,,,,,,,,,,,,,,,,,,,,,,,,,,,,,,,,,,,,,,,,,,,,,,,,,,,,,,,,,,,,,,,,,,,,,,,,,,,,,,,,,,,,,,,,,,,,,,,,,,,,,,,,,,,,,,,,,,,,,,,,,,,,,,,,,,,,,,,,,,,,,,,,
Cameroon,Multiple crises in Cameroon,CMR001,CMR,Africa,Multiple crises country,Country level,Yes,Aggregated,People facing limited access constraints,,,,,,,,,,,,,,,,,,,,,,,,,,,,,,,,,,,,,,,,,,,,,,,,,,,,,,,,,,,,,,,,,,,,,,,,,,,,,,,,,,,,,,,,,,,,,,,,,,,,,,,,,,,,,,,,,,,,,,,,,,,,,,,,,,,,,,,,,,,,,,,,,,,,,,,,,,,,,,,,,,,,,,,,,,,,,,,,,,,,,,,,,,,,,,,,,,,,,,,,,,,,,,,,,,,,,
Cameroon,Boko Haram in Cameroon,CMR002,CMR,Africa,Conflict,Boko Haram,No,Individual,People facing restricted access constraints,,,,,,,,,,,,,,,,,,,,,,,,,,,,,,,,,,,,,,,,,,,,,,,,,,,,,,,,,,,,,,,,,,,,,,,,,,,,,,,,,,,,,,,,,,,,,,,,,,,,,,,,,,,,,,,,,,,,,,,,,,,,,,,,,,,,,,,,,,,,,,,,,,,,,,,,,,,,,,,,,,,,,,,,,,,,,,,,,,,,,,,,,,,,,,,,,,,,,,,,,,,,,,,,,,,,,
Cameroon,Anglophone Crisis in Cameroon,CMR003,CMR,Africa,Conflict,Anglophone crisis,No,Individual,Impediments to entry into country (bureaucratic and administrative),,,,,,,,,,,,,,,,,,,,,,,,,,,,,,,,,,,,,,,,,,,,,,,,,,,,,,,,,,,,,,,,,,,,,,,,,,,,,,,,,,,,,,,,,,,,,,,,,,,,,,,,,,,,,,,,,,,,,,,,,,,,,,,,,,,,,,,,,,,,,,,,,,,,,,,,,,,,,,,,,,,,,,,,,,,,,,,,,,,,,,,,,,,,,,,,,,,,,,,,,,,,,,,,,,,,,
Cameroon,CAR refugees in Cameroon,CMR004,CMR,Africa,International displacement,CAR refugees,No,Individual,Restriction of movement (impediments to freedom of movement and/or administrative restrictions),,,,,,,,,,,,,,,,,,,,,,,,,,,,,,,,,,,,,,,,,,,,,,,,,,,,,,,,,,,,,,,,,,,,,,,,,,,,,,,,,,,,,,,,,,,,,,,,,,,,,,,,,,,,,,,,,,,,,,,,,,,,,,,,,,,,,,,,,,,,,,,,,,,,,,,,,,,,,,,,,,,,,,,,,,,,,,,,,,,,,,,,,,,,,,,,,,,,,,,,,,,,,,,,,,,,,
CAR,Complex crisis in CAR,CAF001,CAF,Africa,Complex crisis,Complex crisis,Yes,Individual,Interference into implementation of humanitarian activities,,,,,,,,,,,,,,,,,,,,,,,,,,,,,,,,,,,,,,,,,,,,,,,,,,,,,,,,,,,,,,,,,,,,,,,,,,,,,,,,,,,,,,,,,,,,,,,,,,,,,,,,,,,,,,,,,,,,,,,,,,,,,,,,,,,,,,,,,,,,,,,,,,,,,,,,,,,,,,,,,,,,,,,,,,,,,,,,,,,,,,,,,,,,,,,,,,,,,,,,,,,,,,,,,,,,,
Chad,Complex crisis in Chad,TCD001,TCD,Africa,Multiple crises country,Complex crisis,Yes,Aggregated,"Violence against personnel, facilities and assets",,,,,,,,,,,,,,,,,,,,,,,,,,,,,,,,,,,,,,,,,,,,,,,,,,,,,,,,,,,,,,,,,,,,,,,,,,,,,,,,,,,,,,,,,,,,,,,,,,,,,,,,,,,,,,,,,,,,,,,,,,,,,,,,,,,,,,,,,,,,,,,,,,,,,,,,,,,,,,,,,,,,,,,,,,,,,,,,,,,,,,,,,,,,,,,,,,,,,,,,,,,,,,,,,,,,,
Chad,Boko Haram in Chad,TCD003,TCD,Africa,Conflict,Boko Haram ,No,Individual,Denial of existence of humanitarian needs or entitlements to assistance,,,,,,,,,,,,,,,,,,,,,,,,,,,,,,,,,,,,,,,,,,,,,,,,,,,,,,,,,,,,,,,,,,,,,,,,,,,,,,,,,,,,,,,,,,,,,,,,,,,,,,,,,,,,,,,,,,,,,,,,,,,,,,,,,,,,,,,,,,,,,,,,,,,,,,,,,,,,,,,,,,,,,,,,,,,,,,,,,,,,,,,,,,,,,,,,,,,,,,,,,,,,,,,,,,,,,
Chad,CAR refugees in Chad,TCD004,TCD,Africa,International displacement,CAR refugees,No,Individual,Restriction and obstruction of access to services and assistance,,,,Crisis related fatalities,Crisis related fatalities,Crisis related fatalities,Crisis related fatalities,Crisis related fatalities,Crisis related fatalities,Crisis related fatalities,Crisis related fatalities,Crisis related fatalities,Crisis related fatalities,Crisis related fatalities,Crisis related fatalities,Crisis related fatalities,Crisis related fatalities,Crisis related fatalities,Crisis related fatalities,Crisis related fatalities,Crisis related fatalities,Crisis related fatalities,Crisis related fatalities,Crisis related fatalities,Crisis related fatalities,Crisis related fatalities,Crisis related fatalities,Crisis related fatalities,Crisis related fatalities,Crisis related fatalities,Crisis related fatalities,Crisis related fatalities,Crisis related fatalities,Crisis related fatalities,Crisis related fatalities,Crisis related fatalities,Crisis related fatalities,Crisis related fatalities,Crisis related fatalities,Crisis related fatalities,Crisis related fatalities,Crisis related fatalities,Crisis related fatalities,Crisis related fatalities,Crisis related fatalities,Crisis related fatalities,Crisis related fatalities,Crisis related fatalities,Crisis related fatalities,Crisis related fatalities,Crisis related fatalities,Crisis related fatalities,Crisis related fatalities,Crisis related fatalities,Crisis related fatalities,Crisis related fatalities,Crisis related fatalities,Crisis related fatalities,Crisis related fatalities,Crisis related fatalities,Crisis related fatalities,Crisis related fatalities,Crisis related fatalities,Crisis related fatalities,Crisis related fatalities,Crisis related fatalities,Crisis related fatalities,Crisis related fatalities,Crisis related fatalities,Crisis related fatalities,Crisis related fatalities,Crisis related fatalities,Crisis related fatalities,Crisis related fatalities,Crisis related fatalities,Crisis related fatalities,Crisis related fatalities,Crisis related fatalities,Crisis related fatalities,Crisis related fatalities,Crisis related fatalities,Crisis related fatalities,Crisis related fatalities,Crisis related fatalities,Crisis related fatalities,Crisis related fatalities,Crisis related fatalities,Crisis related fatalities,Crisis related fatalities,Crisis related fatalities,Crisis related fatalities,Crisis related fatalities,Crisis related fatalities,Crisis related fatalities,Crisis related fatalities,Crisis related fatalities,Crisis related fatalities,Crisis related fatalities,Crisis related fatalities,Crisis related fatalities,Crisis related fatalities,Crisis related fatalities,Crisis related fatalities,Crisis related fatalities,Crisis related fatalities,Crisis related fatalities,Crisis related fatalities,Crisis related fatalities,Crisis related fatalities,Crisis related fatalities,Crisis related fatalities,Crisis related fatalities,Crisis related fatalities,Crisis related fatalities,Crisis related fatalities,Crisis related fatalities,Crisis related fatalities,Crisis related fatalities,Crisis related fatalities,Crisis related fatalities,Crisis related fatalities,Crisis related fatalities,Crisis related fatalities,Crisis related fatalities,Crisis related fatalities,Crisis related fatalities,Crisis related fatalities,Crisis related fatalities,Crisis related fatalities,Crisis related fatalities,Crisis related fatalities,Crisis related fatalities,Crisis related fatalities,Crisis related fatalities,Crisis related fatalities,Crisis related fatalities,Crisis related fatalities,Crisis related fatalities,Crisis related fatalities,Crisis related fatalities,Crisis related fatalities,Crisis related fatalities,Crisis related fatalities,Crisis related fatalities,Crisis related fatalities,Crisis related fatalities,Crisis related fatalities,Crisis related fatalities,Crisis related fatalities,Crisis related fatalities,Crisis related fatalities,Crisis related fatalities,Crisis related fatalities,Crisis related fatalities,Crisis related fatalities,Crisis related fatalities,Crisis related fatalities,Crisis related fatalities,Crisis related fatalities,Crisis related fatalities,Crisis related fatalities,Crisis related fatalities,Crisis related fatalities,Crisis related fatalities,Crisis related fatalities,Crisis related fatalities,Crisis related fatalities,Crisis related fatalities,Crisis related fatalities,Crisis related fatalities,Crisis related fatalities,Crisis related fatalities,Crisis related fatalities,Crisis related fatalities,Crisis related fatalities,Crisis related fatalities,Crisis related fatalities,Crisis related fatalities,Crisis related fatalities,Crisis related fatalities,Crisis related fatalities,Crisis related fatalities,Crisis related fatalities,Crisis related fatalities,Crisis related fatalities,Crisis related fatalities,Crisis related fatalities,Crisis related fatalities,Crisis related fatalities,Crisis related fatalities,Crisis related fatalities,Crisis related fatalities,Crisis related fatalities,Crisis related fatalities,Crisis related fatalities,Crisis related fatalities,Crisis related fatalities,Crisis related fatalities,Crisis related fatalities,Crisis related fatalities,Crisis related fatalities,Crisis related fatalities,Crisis related fatalities,Crisis related fatalities,Crisis related fatalities,Crisis related fatalities,Crisis related fatalities,Crisis related fatalities,Crisis related fatalities,Crisis related fatalities,Crisis related fatalities,Crisis related fatalities,Crisis related fatalities
Chad,Darfur refugees in Chad,TCD005,TCD,Africa,International displacement,Darfur refugees,No,Individual,Ongoing insecurity/hostilities affecting humanitarian assistance,,,,People facing stressed humanitarian needs (level 2),People facing stressed humanitarian needs (level 2),People facing stressed humanitarian needs (level 2),People facing stressed humanitarian needs (level 2),People facing stressed humanitarian needs (level 2),People facing stressed humanitarian needs (level 2),People facing stressed humanitarian needs (level 2),People facing stressed humanitarian needs (level 2),People facing stressed humanitarian needs (level 2),People facing stressed humanitarian needs (level 2),People facing stressed humanitarian needs (level 2),People facing stressed humanitarian needs (level 2),People facing stressed humanitarian needs (level 2),People facing stressed humanitarian needs (level 2),People facing stressed humanitarian needs (level 2),People facing stressed humanitarian needs (level 2),People facing stressed humanitarian needs (level 2),People facing stressed humanitarian needs (level 2),People facing stressed humanitarian needs (level 2),People facing stressed humanitarian needs (level 2),People facing stressed humanitarian needs (level 2),People facing stressed humanitarian needs (level 2),People facing stressed humanitarian needs (level 2),People facing stressed humanitarian needs (level 2),People facing stressed humanitarian needs (level 2),People facing stressed humanitarian needs (level 2),People facing stressed humanitarian needs (level 2),People facing stressed humanitarian needs (level 2),People facing stressed humanitarian needs (level 2),People facing stressed humanitarian needs (level 2),People facing stressed humanitarian needs (level 2),People facing stressed humanitarian needs (level 2),People facing stressed humanitarian needs (level 2),People facing stressed humanitarian needs (level 2),People facing stressed humanitarian needs (level 2),People facing stressed humanitarian needs (level 2),People facing stressed humanitarian needs (level 2),People facing stressed humanitarian needs (level 2),People facing stressed humanitarian needs (level 2),People facing stressed humanitarian needs (level 2),People facing stressed humanitarian needs (level 2),People facing stressed humanitarian needs (level 2),People facing stressed humanitarian needs (level 2),People facing stressed humanitarian needs (level 2),People facing stressed humanitarian needs (level 2),People facing stressed humanitarian needs (level 2),People facing stressed humanitarian needs (level 2),People facing stressed humanitarian needs (level 2),People facing stressed humanitarian needs (level 2),People facing stressed humanitarian needs (level 2),People facing stressed humanitarian needs (level 2),People facing stressed humanitarian needs (level 2),People facing stressed humanitarian needs (level 2),People facing stressed humanitarian needs (level 2),People facing stressed humanitarian needs (level 2),People facing stressed humanitarian needs (level 2),People facing stressed humanitarian needs (level 2),People facing stressed humanitarian needs (level 2),People facing stressed humanitarian needs (level 2),People facing stressed humanitarian needs (level 2),People facing stressed humanitarian needs (level 2),People facing stressed humanitarian needs (level 2),People facing stressed humanitarian needs (level 2),People facing stressed humanitarian needs (level 2),People facing stressed humanitarian needs (level 2),People facing stressed humanitarian needs (level 2),People facing stressed humanitarian needs (level 2),People facing stressed humanitarian needs (level 2),People facing stressed humanitarian needs (level 2),People facing stressed humanitarian needs (level 2),People facing stressed humanitarian needs (level 2),People facing stressed humanitarian needs (level 2),People facing stressed humanitarian needs (level 2),People facing stressed humanitarian needs (level 2),People facing stressed humanitarian needs (level 2),People facing stressed humanitarian needs (level 2),People facing stressed humanitarian needs (level 2),People facing stressed humanitarian needs (level 2),People facing stressed humanitarian needs (level 2),People facing stressed humanitarian needs (level 2),People facing stressed humanitarian needs (level 2),People facing stressed humanitarian needs (level 2),People facing stressed humanitarian needs (level 2),People facing stressed humanitarian needs (level 2),People facing stressed humanitarian needs (level 2),People facing stressed humanitarian needs (level 2),People facing stressed humanitarian needs (level 2),People facing stressed humanitarian needs (level 2),People facing stressed humanitarian needs (level 2),People facing stressed humanitarian needs (level 2),People facing stressed humanitarian needs (level 2),People facing stressed humanitarian needs (level 2),People facing stressed humanitarian needs (level 2),People facing stressed humanitarian needs (level 2),People facing stressed humanitarian needs (level 2),People facing stressed humanitarian needs (level 2),People facing stressed humanitarian needs (level 2),People facing stressed humanitarian needs (level 2),People facing stressed humanitarian needs (level 2),People facing stressed humanitarian needs (level 2),People facing stressed humanitarian needs (level 2),People facing stressed humanitarian needs (level 2),People facing stressed humanitarian needs (level 2),People facing stressed humanitarian needs (level 2),People facing stressed humanitarian needs (level 2),People facing stressed humanitarian needs (level 2),People facing stressed humanitarian needs (level 2),People facing stressed humanitarian needs (level 2),People facing stressed humanitarian needs (level 2),People facing stressed humanitarian needs (level 2),People facing stressed humanitarian needs (level 2),People facing stressed humanitarian needs (level 2),People facing stressed humanitarian needs (level 2),People facing stressed humanitarian needs (level 2),People facing stressed humanitarian needs (level 2),People facing stressed humanitarian needs (level 2),People facing stressed humanitarian needs (level 2),People facing stressed humanitarian needs (level 2),People facing stressed humanitarian needs (level 2),People facing stressed humanitarian needs (level 2),People facing stressed humanitarian needs (level 2),People facing stressed humanitarian needs (level 2),People facing stressed humanitarian needs (level 2),People facing stressed humanitarian needs (level 2),People facing stressed humanitarian needs (level 2),People facing stressed humanitarian needs (level 2),People facing stressed humanitarian needs (level 2),People facing stressed humanitarian needs (level 2),People facing stressed humanitarian needs (level 2),People facing stressed humanitarian needs (level 2),People facing stressed humanitarian needs (level 2),People facing stressed humanitarian needs (level 2),People facing stressed humanitarian needs (level 2),People facing stressed humanitarian needs (level 2),People facing stressed humanitarian needs (level 2),People facing stressed humanitarian needs (level 2),People facing stressed humanitarian needs (level 2),People facing stressed humanitarian needs (level 2),People facing stressed humanitarian needs (level 2),People facing stressed humanitarian needs (level 2),People facing stressed humanitarian needs (level 2),People facing stressed humanitarian needs (level 2),People facing stressed humanitarian needs (level 2),People facing stressed humanitarian needs (level 2),People facing stressed humanitarian needs (level 2),People facing stressed humanitarian needs (level 2),People facing stressed humanitarian needs (level 2),People facing stressed humanitarian needs (level 2),People facing stressed humanitarian needs (level 2),People facing stressed humanitarian needs (level 2),People facing stressed humanitarian needs (level 2),People facing stressed humanitarian needs (level 2),People facing stressed humanitarian needs (level 2),People facing stressed humanitarian needs (level 2),People facing stressed humanitarian needs (level 2),People facing stressed humanitarian needs (level 2),People facing stressed humanitarian needs (level 2),People facing stressed humanitarian needs (level 2),People facing stressed humanitarian needs (level 2),People facing stressed humanitarian needs (level 2),People facing stressed humanitarian needs (level 2),People facing stressed humanitarian needs (level 2),People facing stressed humanitarian needs (level 2),People facing stressed humanitarian needs (level 2),People facing stressed humanitarian needs (level 2),People facing stressed humanitarian needs (level 2),People facing stressed humanitarian needs (level 2),People facing stressed humanitarian needs (level 2),People facing stressed humanitarian needs (level 2),People facing stressed humanitarian needs (level 2),People facing stressed humanitarian needs (level 2),People facing stressed humanitarian needs (level 2),People facing stressed humanitarian needs (level 2),People facing stressed humanitarian needs (level 2),People facing stressed humanitarian needs (level 2),People facing stressed humanitarian needs (level 2),People facing stressed humanitarian needs (level 2),People facing stressed humanitarian needs (level 2),People facing stressed humanitarian needs (level 2),People facing stressed humanitarian needs (level 2),People facing stressed humanitarian needs (level 2),People facing stressed humanitarian needs (level 2),People facing stressed humanitarian needs (level 2),People facing stressed humanitarian needs (level 2),People facing stressed humanitarian needs (level 2),People facing stressed humanitarian needs (level 2),People facing stressed humanitarian needs (level 2),People facing stressed humanitarian needs (level 2),People facing stressed humanitarian needs (level 2),People facing stressed humanitarian needs (level 2),People facing stressed humanitarian needs (level 2),People facing stressed humanitarian needs (level 2),People facing stressed humanitarian needs (level 2),People facing stressed humanitarian needs (level 2),People facing stressed humanitarian needs (level 2),People facing stressed humanitarian needs (level 2),People facing stressed humanitarian needs (level 2),People facing stressed humanitarian needs (level 2),People facing stressed humanitarian needs (level 2),People facing stressed humanitarian needs (level 2),People facing stressed humanitarian needs (level 2),People facing stressed humanitarian needs (level 2),People facing stressed humanitarian needs (level 2),People facing stressed humanitarian needs (level 2),People facing stressed humanitarian needs (level 2),People facing stressed humanitarian needs (level 2),People facing stressed humanitarian needs (level 2),People facing stressed humanitarian needs (level 2),People facing stressed humanitarian needs (level 2),People facing stressed humanitarian needs (level 2)
Chad,Tibesti Conflict in Chad,TCD006,TCD,Africa,Conflict,Tibesti conflict,No,Individual,Presence of mines and improvised explosive devices ,,,,,,,,,,,,,,,,,,,,,,,,,,,,,,,,,,,,,,,,,,,,,,,,,,,,,,,,,,,,,,,,,,,,,,,,,,,,,,,,,,,,,,,,,,,,,,,,,,,,,,,,,,,,,,,,,,,,,,,,,,,,,,,,,,,,,,,,,,,,,,,,,,,,,,,,,,,,,,,,,,,,,,,,,,,,,,,,,,,,,,,,,,,,,,,,,,,,,,,,,,,,,,,,,,,,,
Chad,Floods in Chad,TCD008,TCD,Africa,Flood,Floods,No,Individual,"Physical constraints in the environment (obstacles related to terrain, climate, lack of infrastructure, etc.)",,,,,,,,,,,,,,,,,,,,,,,,,,,,,,,,,,,,,,,,,,,,,,,,,,,,,,,,,,,,,,,,,,,,,,,,,,,,,,,,,,,,,,,,,,,,,,,,,,,,,,,,,,,,,,,,,,,,,,,,,,,,,,,,,,,,,,,,,,,,,,,,,,,,,,,,,,,,,,,,,,,,,,,,,,,,,,,,,,,,,,,,,,,,,,,,,,,,,,,,,,,,,,,,,,,,,
Colombia,Complex crisis in Colombia,COL001,COL,Americas,Complex crisis,Complex crisis,Yes,Individual,,,,,,,,,,,,,,,,,,,,,,,,,,,,,,,,,,,,,,,,,,,,,,,,,,,,,,,,,,,,,,,,,,,,,,,,,,,,,,,,,,,,,,,,,,,,,,,,,,,,,,,,,,,,,,,,,,,,,,,,,,,,,,,,,,,,,,,,,,,,,,,,,,,,,,,,,,,,,,,,,,,,,,,,,,,,,,,,,,,,,,,,,,,,,,,,,,,,,,,,,,,,,,,,,,,,,,
Colombia,Venezuela displacement in Colombia,COL002,COL,Americas,International displacement,Venezuelan refugees ,No,Individual,,,,,People facing extreme humanitarian needs (level 5),People facing extreme humanitarian needs (level 5),People facing extreme humanitarian needs (level 5),People facing extreme humanitarian needs (level 5),People facing extreme humanitarian needs (level 5),People facing extreme humanitarian needs (level 5),People facing extreme humanitarian needs (level 5),People facing extreme humanitarian needs (level 5),People facing extreme humanitarian needs (level 5),People facing extreme humanitarian needs (level 5),People facing extreme humanitarian needs (level 5),People facing extreme humanitarian needs (level 5),People facing extreme humanitarian needs (level 5),People facing extreme humanitarian needs (level 5),People facing extreme humanitarian needs (level 5),People facing extreme humanitarian needs (level 5),People facing extreme humanitarian needs (level 5),People facing extreme humanitarian needs (level 5),People facing extreme humanitarian needs (level 5),People facing extreme humanitarian needs (level 5),People facing extreme humanitarian needs (level 5),People facing extreme humanitarian needs (level 5),People facing extreme humanitarian needs (level 5),People facing extreme humanitarian needs (level 5),People facing extreme humanitarian needs (level 5),People facing extreme humanitarian needs (level 5),People facing extreme humanitarian needs (level 5),People facing extreme humanitarian needs (level 5),People facing extreme humanitarian needs (level 5),People facing extreme humanitarian needs (level 5),People facing extreme humanitarian needs (level 5),People facing extreme humanitarian needs (level 5),People facing extreme humanitarian needs (level 5),People facing extreme humanitarian needs (level 5),People facing extreme humanitarian needs (level 5),People facing extreme humanitarian needs (level 5),People facing extreme humanitarian needs (level 5),People facing extreme humanitarian needs (level 5),People facing extreme humanitarian needs (level 5),People facing extreme humanitarian needs (level 5),People facing extreme humanitarian needs (level 5),People facing extreme humanitarian needs (level 5),People facing extreme humanitarian needs (level 5),People facing extreme humanitarian needs (level 5),People facing extreme humanitarian needs (level 5),People facing extreme humanitarian needs (level 5),People facing extreme humanitarian needs (level 5),People facing extreme humanitarian needs (level 5),People facing extreme humanitarian needs (level 5),People facing extreme humanitarian needs (level 5),People facing extreme humanitarian needs (level 5),People facing extreme humanitarian needs (level 5),People facing extreme humanitarian needs (level 5),People facing extreme humanitarian needs (level 5),People facing extreme humanitarian needs (level 5),People facing extreme humanitarian needs (level 5),People facing extreme humanitarian needs (level 5),People facing extreme humanitarian needs (level 5),People facing extreme humanitarian needs (level 5),People facing extreme humanitarian needs (level 5),People facing extreme humanitarian needs (level 5),People facing extreme humanitarian needs (level 5),People facing extreme humanitarian needs (level 5),People facing extreme humanitarian needs (level 5),People facing extreme humanitarian needs (level 5),People facing extreme humanitarian needs (level 5),People facing extreme humanitarian needs (level 5),People facing extreme humanitarian needs (level 5),People facing extreme humanitarian needs (level 5),People facing extreme humanitarian needs (level 5),People facing extreme humanitarian needs (level 5),People facing extreme humanitarian needs (level 5),People facing extreme humanitarian needs (level 5),People facing extreme humanitarian needs (level 5),People facing extreme humanitarian needs (level 5),People facing extreme humanitarian needs (level 5),People facing extreme humanitarian needs (level 5),People facing extreme humanitarian needs (level 5),People facing extreme humanitarian needs (level 5),People facing extreme humanitarian needs (level 5),People facing extreme humanitarian needs (level 5),People facing extreme humanitarian needs (level 5),People facing extreme humanitarian needs (level 5),People facing extreme humanitarian needs (level 5),People facing extreme humanitarian needs (level 5),People facing extreme humanitarian needs (level 5),People facing extreme humanitarian needs (level 5),People facing extreme humanitarian needs (level 5),People facing extreme humanitarian needs (level 5),People facing extreme humanitarian needs (level 5),People facing extreme humanitarian needs (level 5),People facing extreme humanitarian needs (level 5),People facing extreme humanitarian needs (level 5),People facing extreme humanitarian needs (level 5),People facing extreme humanitarian needs (level 5),People facing extreme humanitarian needs (level 5),People facing extreme humanitarian needs (level 5),People facing extreme humanitarian needs (level 5),People facing extreme humanitarian needs (level 5),People facing extreme humanitarian needs (level 5),People facing extreme humanitarian needs (level 5),People facing extreme humanitarian needs (level 5),People facing extreme humanitarian needs (level 5),People facing extreme humanitarian needs (level 5),People facing extreme humanitarian needs (level 5),People facing extreme humanitarian needs (level 5),People facing extreme humanitarian needs (level 5),People facing extreme humanitarian needs (level 5),People facing extreme humanitarian needs (level 5),People facing extreme humanitarian needs (level 5),People facing extreme humanitarian needs (level 5),People facing extreme humanitarian needs (level 5),People facing extreme humanitarian needs (level 5),People facing extreme humanitarian needs (level 5),People facing extreme humanitarian needs (level 5),People facing extreme humanitarian needs (level 5),People facing extreme humanitarian needs (level 5),People facing extreme humanitarian needs (level 5),People facing extreme humanitarian needs (level 5),People facing extreme humanitarian needs (level 5),People facing extreme humanitarian needs (level 5),People facing extreme humanitarian needs (level 5),People facing extreme humanitarian needs (level 5),People facing extreme humanitarian needs (level 5),People facing extreme humanitarian needs (level 5),People facing extreme humanitarian needs (level 5),People facing extreme humanitarian needs (level 5),People facing extreme humanitarian needs (level 5),People facing extreme humanitarian needs (level 5),People facing extreme humanitarian needs (level 5),People facing extreme humanitarian needs (level 5),People facing extreme humanitarian needs (level 5),People facing extreme humanitarian needs (level 5),People facing extreme humanitarian needs (level 5),People facing extreme humanitarian needs (level 5),People facing extreme humanitarian needs (level 5),People facing extreme humanitarian needs (level 5),People facing extreme humanitarian needs (level 5),People facing extreme humanitarian needs (level 5),People facing extreme humanitarian needs (level 5),People facing extreme humanitarian needs (level 5),People facing extreme humanitarian needs (level 5),People facing extreme humanitarian needs (level 5),People facing extreme humanitarian needs (level 5),People facing extreme humanitarian needs (level 5),People facing extreme humanitarian needs (level 5),People facing extreme humanitarian needs (level 5),People facing extreme humanitarian needs (level 5),People facing extreme humanitarian needs (level 5),People facing extreme humanitarian needs (level 5),People facing extreme humanitarian needs (level 5),People facing extreme humanitarian needs (level 5),People facing extreme humanitarian needs (level 5),People facing extreme humanitarian needs (level 5),People facing extreme humanitarian needs (level 5),People facing extreme humanitarian needs (level 5),People facing extreme humanitarian needs (level 5),People facing extreme humanitarian needs (level 5),People facing extreme humanitarian needs (level 5),People facing extreme humanitarian needs (level 5),People facing extreme humanitarian needs (level 5),People facing extreme humanitarian needs (level 5),People facing extreme humanitarian needs (level 5),People facing extreme humanitarian needs (level 5),People facing extreme humanitarian needs (level 5),People facing extreme humanitarian needs (level 5),People facing extreme humanitarian needs (level 5),People facing extreme humanitarian needs (level 5),People facing extreme humanitarian needs (level 5),People facing extreme humanitarian needs (level 5),People facing extreme humanitarian needs (level 5),People facing extreme humanitarian needs (level 5),People facing extreme humanitarian needs (level 5),People facing extreme humanitarian needs (level 5),People facing extreme humanitarian needs (level 5),People facing extreme humanitarian needs (level 5),People facing extreme humanitarian needs (level 5),People facing extreme humanitarian needs (level 5),People facing extreme humanitarian needs (level 5),People facing extreme humanitarian needs (level 5),People facing extreme humanitarian needs (level 5),People facing extreme humanitarian needs (level 5),People facing extreme humanitarian needs (level 5),People facing extreme humanitarian needs (level 5),People facing extreme humanitarian needs (level 5),People facing extreme humanitarian needs (level 5),People facing extreme humanitarian needs (level 5),People facing extreme humanitarian needs (level 5),People facing extreme humanitarian needs (level 5),People facing extreme humanitarian needs (level 5),People facing extreme humanitarian needs (level 5),People facing extreme humanitarian needs (level 5),People facing extreme humanitarian needs (level 5),People facing extreme humanitarian needs (level 5),People facing extreme humanitarian needs (level 5),People facing extreme humanitarian needs (level 5),People facing extreme humanitarian needs (level 5),People facing extreme humanitarian needs (level 5),People facing extreme humanitarian needs (level 5),People facing extreme humanitarian needs (level 5),People facing extreme humanitarian needs (level 5),People facing extreme humanitarian needs (level 5),People facing extreme humanitarian needs (level 5),People facing extreme humanitarian needs (level 5),People facing extreme humanitarian needs (level 5),People facing extreme humanitarian needs (level 5),People facing extreme humanitarian needs (level 5),People facing extreme humanitarian needs (level 5),People facing extreme humanitarian needs (level 5),People facing extreme humanitarian needs (level 5)
Congo,Floods in Congo,COG004,COG,Africa,Flood,Floods,Yes,Individual,,,,,,,,,,,,,,,,,,,,,,,,,,,,,,,,,,,,,,,,,,,,,,,,,,,,,,,,,,,,,,,,,,,,,,,,,,,,,,,,,,,,,,,,,,,,,,,,,,,,,,,,,,,,,,,,,,,,,,,,,,,,,,,,,,,,,,,,,,,,,,,,,,,,,,,,,,,,,,,,,,,,,,,,,,,,,,,,,,,,,,,,,,,,,,,,,,,,,,,,,,,,,,,,,,,,,,
Costa Rica,Nicaraguan refugees in Costa Rica,CRI002,CRI,Americas,International displacement,Nicaraguan refugees,Yes,Individual,,,,,,,,,,,,,,,,,,,,,,,,,,,,,,,,,,,,,,,,,,,,,,,,,,,,,,,,,,,,,,,,,,,,,,,,,,,,,,,,,,,,,,,,,,,,,,,,,,,,,,,,,,,,,,,,,,,,,,,,,,,,,,,,,,,,,,,,,,,,,,,,,,,,,,,,,,,,,,,,,,,,,,,,,,,,,,,,,,,,,,,,,,,,,,,,,,,,,,,,,,,,,,,,,,,,,,
Djibouti,Multiple crises in Djibouti,DJI001,DJI,Africa,Multiple crises country,Country level,Yes,Aggregated,,,,,,,,,,,,,,,,,,,,,,,,,,,,,,,,,,,,,,,,,,,,,,,,,,,,,,,,,,,,,,,,,,,,,,,,,,,,,,,,,,,,,,,,,,,,,,,,,,,,,,,,,,,,,,,,,,,,,,,,,,,,,,,,,,,,,,,,,,,,,,,,,,,,,,,,,,,,,,,,,,,,,,,,,,,,,,,,,,,,,,,,,,,,,,,,,,,,,,,,,,,,,,,,,,,,,,
Djibouti,Mixed migration in Djibouti,DJI002,DJI,Africa,International displacement,Mixed Migration,No,Individual,,,,,,,,,,,,,,,,,,,,,,,,,,,,,,,,,,,,,,,,,,,,,,,,,,,,,,,,,,,,,,,,,,,,,,,,,,,,,,,,,,,,,,,,,,,,,,,,,,,,,,,,,,,,,,,,,,,,,,,,,,,,,,,,,,,,,,,,,,,,,,,,,,,,,,,,,,,,,,,,,,,,,,,,,,,,,,,,,,,,,,,,,,,,,,,,,,,,,,,,,,,,,,,,,,,,,,
Djibouti,Drought in Djibouti,DJI003,DJI,Africa,Drought,Drought,No,Individual,,,,,,,,,,,,,,,,,,,,,,,,,,,,,,,,,,,,,,,,,,,,,,,,,,,,,,,,,,,,,,,,,,,,,,,,,,,,,,,,,,,,,,,,,,,,,,,,,,,,,,,,,,,,,,,,,,,,,,,,,,,,,,,,,,,,,,,,,,,,,,,,,,,,,,,,,,,,,,,,,,,,,,,,,,,,,,,,,,,,,,,,,,,,,,,,,,,,,,,,,,,,,,,,,,,,,,
DPRK,Complex crisis in DPRK,PRK001,PRK,Asia,Complex crisis,Complex crisis,Yes,Individual,,,,,,,,,,,,,,,,,,,,,,,,,,,,,,,,,,,,,,,,,,,,,,,,,,,,,,,,,,,,,,,,,,,,,,,,,,,,,,,,,,,,,,,,,,,,,,,,,,,,,,,,,,,,,,,,,,,,,,,,,,,,,,,,,,,,,,,,,,,,,,,,,,,,,,,,,,,,,,,,,,,,,,,,,,,,,,,,,,,,,,,,,,,,,,,,,,,,,,,,,,,,,,,,,,,,,,
DRC,Complex crisis in DRC,COD001,COD,Africa,Complex crisis,Complex crisis,Yes,Individual,,,,,,,,,,,,,,,,,,,,,,,,,,,,,,,,,,,,,,,,,,,,,,,,,,,,,,,,,,,,,,,,,,,,,,,,,,,,,,,,,,,,,,,,,,,,,,,,,,,,,,,,,,,,,,,,,,,,,,,,,,,,,,,,,,,,,,,,,,,,,,,,,,,,,,,,,,,,,,,,,,,,,,,,,,,,,,,,,,,,,,,,,,,,,,,,,,,,,,,,,,,,,,,,,,,,,,
DRC,Floods in south-eastern DRC,COD003,COD,Africa,Flood,Floods,No,Individual,,,,,,,,,,,,,,,,,,,,,,,,,,,,,,,,,,,,,,,,,,,,,,,,,,,,,,,,,,,,,,,,,,,,,,,,,,,,,,,,,,,,,,,,,,,,,,,,,,,,,,,,,,,,,,,,,,,,,,,,,,,,,,,,,,,,,,,,,,,,,,,,,,,,,,,,,,,,,,,,,,,,,,,,,,,,,,,,,,,,,,,,,,,,,,,,,,,,,,,,,,,,,,,,,,,,,,
Ecuador,Venezuela displacement in Ecuador,ECU002,ECU,Americas,International displacement,Venezuelan refugees ,Yes,Individual,,,,,,,,,,,,,,,,,,,,,,,,,,,,,,,,,,,,,,,,,,,,,,,,,,,,,,,,,,,,,,,,,,,,,,,,,,,,,,,,,,,,,,,,,,,,,,,,,,,,,,,,,,,,,,,,,,,,,,,,,,,,,,,,,,,,,,,,,,,,,,,,,,,,,,,,,,,,,,,,,,,,,,,,,,,,,,,,,,,,,,,,,,,,,,,,,,,,,,,,,,,,,,,,,,,,,,
Egypt,Syrian Refugee Crisis in Egypt,EGY002,EGY,Africa,International displacement,Syrian refugees,Yes,Individual,,,,,,,,,,,,,,,,,,,,,,,,,,,,,,,,,,,,,,,,,,,,,,,,,,,,,,,,,,,,,,,,,,,,,,,,,,,,,,,,,,,,,,,,,,,,,,,,,,,,,,,,,,,,,,,,,,,,,,,,,,,,,,,,,,,,,,,,,,,,,,,,,,,,,,,,,,,,,,,,,,,,,,,,,,,,,,,,,,,,,,,,,,,,,,,,,,,,,,,,,,,,,,,,,,,,,,
El Salvador,Complex crisis in El Salvador,SLV001,SLV,Americas,Complex crisis,Complex crisis,Yes,Individual,,,,,,,,,,,,,,,,,,,,,,,,,,,,,,,,,,,,,,,,,,,,,,,,,,,,,,,,,,,,,,,,,,,,,,,,,,,,,,,,,,,,,,,,,,,,,,,,,,,,,,,,,,,,,,,,,,,,,,,,,,,,,,,,,,,,,,,,,,,,,,,,,,,,,,,,,,,,,,,,,,,,,,,,,,,,,,,,,,,,,,,,,,,,,,,,,,,,,,,,,,,,,,,,,,,,,,
Eritrea,Complex crisis in Eritrea,ERI001,ERI,Africa,Complex crisis,Complex crisis,Yes,Individual,,,,,,,,,,,,,,,,,,,,,,,,,,,,,,,,,,,,,,,,,,,,,,,,,,,,,,,,,,,,,,,,,,,,,,,,,,,,,,,,,,,,,,,,,,,,,,,,,,,,,,,,,,,,,,,,,,,,,,,,,,,,,,,,,,,,,,,,,,,,,,,,,,,,,,,,,,,,,,,,,,,,,,,,,,,,,,,,,,,,,,,,,,,,,,,,,,,,,,,,,,,,,,,,,,,,,,
Eswatini,Food Security Crisis in Eswatini,SWZ001,SWZ,Africa,Food Security,Food Security Crisis in Swaziland,Yes,Individual,,,,,,,,,,,,,,,,,,,,,,,,,,,,,,,,,,,,,,,,,,,,,,,,,,,,,,,,,,,,,,,,,,,,,,,,,,,,,,,,,,,,,,,,,,,,,,,,,,,,,,,,,,,,,,,,,,,,,,,,,,,,,,,,,,,,,,,,,,,,,,,,,,,,,,,,,,,,,,,,,,,,,,,,,,,,,,,,,,,,,,,,,,,,,,,,,,,,,,,,,,,,,,,,,,,,,,
Ethiopia,Complex crisis in Ethiopia,ETH001,ETH,Africa,Complex crisis,Complex crisis,Yes,Individual,,,,,,,,,,,,,,,,,,,,,,,,,,,,,,,,,,,,,,,,,,,,,,,,,,,,,,,,,,,,,,,,,,,,,,,,,,,,,,,,,,,,,,,,,,,,,,,,,,,,,,,,,,,,,,,,,,,,,,,,,,,,,,,,,,,,,,,,,,,,,,,,,,,,,,,,,,,,,,,,,,,,,,,,,,,,,,,,,,,,,,,,,,,,,,,,,,,,,,,,,,,,,,,,,,,,,,
Ethiopia,Flood Crisis in Ethiopia,ETH002,ETH,Africa,Flood,Floods,No,Individual,,,,,Landmass affected by disaster,Landmass affected by disaster,Landmass affected by disaster,Landmass affected by disaster,Landmass affected by disaster,Landmass affected by disaster,Landmass affected by disaster,Landmass affected by disaster,Landmass affected by disaster,Landmass affected by disaster,Landmass affected by disaster,Landmass affected by disaster,Landmass affected by disaster,Landmass affected by disaster,Landmass affected by disaster,Landmass affected by disaster,Landmass affected by disaster,Landmass affected by disaster,Landmass affected by disaster,Landmass affected by disaster,Landmass affected by disaster,Landmass affected by disaster,Landmass affected by disaster,Landmass affected by disaster,Landmass affected by disaster,Landmass affected by disaster,Landmass affected by disaster,Landmass affected by disaster,Landmass affected by disaster,Landmass affected by disaster,Landmass affected by disaster,Landmass affected by disaster,Landmass affected by disaster,Landmass affected by disaster,Landmass affected by disaster,Landmass affected by disaster,Landmass affected by disaster,Landmass affected by disaster,Landmass affected by disaster,Landmass affected by disaster,Landmass affected by disaster,Landmass affected by disaster,Landmass affected by disaster,Landmass affected by disaster,Landmass affected by disaster,Landmass affected by disaster,Landmass affected by disaster,Landmass affected by disaster,Landmass affected by disaster,Landmass affected by disaster,Landmass affected by disaster,Landmass affected by disaster,Landmass affected by disaster,Landmass affected by disaster,Landmass affected by disaster,Landmass affected by disaster,Landmass affected by disaster,Landmass affected by disaster,Landmass affected by disaster,Landmass affected by disaster,Landmass affected by disaster,Landmass affected by disaster,Landmass affected by disaster,Landmass affected by disaster,Landmass affected by disaster,Landmass affected by disaster,Landmass affected by disaster,Landmass affected by disaster,Landmass affected by disaster,Landmass affected by disaster,Landmass affected by disaster,Landmass affected by disaster,Landmass affected by disaster,Landmass affected by disaster,Landmass affected by disaster,Landmass affected by disaster,Landmass affected by disaster,Landmass affected by disaster,Landmass affected by disaster,Landmass affected by disaster,Landmass affected by disaster,Landmass affected by disaster,Landmass affected by disaster,Landmass affected by disaster,Landmass affected by disaster,Landmass affected by disaster,Landmass affected by disaster,Landmass affected by disaster,Landmass affected by disaster,Landmass affected by disaster,Landmass affected by disaster,Landmass affected by disaster,Landmass affected by disaster,Landmass affected by disaster,Landmass affected by disaster,Landmass affected by disaster,Landmass affected by disaster,Landmass affected by disaster,Landmass affected by disaster,Landmass affected by disaster,Landmass affected by disaster,Landmass affected by disaster,Landmass affected by disaster,Landmass affected by disaster,Landmass affected by disaster,Landmass affected by disaster,Landmass affected by disaster,Landmass affected by disaster,Landmass affected by disaster,Landmass affected by disaster,Landmass affected by disaster,Landmass affected by disaster,Landmass affected by disaster,Landmass affected by disaster,Landmass affected by disaster,Landmass affected by disaster,Landmass affected by disaster,Landmass affected by disaster,Landmass affected by disaster,Landmass affected by disaster,Landmass affected by disaster,Landmass affected by disaster,Landmass affected by disaster,Landmass affected by disaster,Landmass affected by disaster,Landmass affected by disaster,Landmass affected by disaster,Landmass affected by disaster,Landmass affected by disaster,Landmass affected by disaster,Landmass affected by disaster,Landmass affected by disaster,Landmass affected by disaster,Landmass affected by disaster,Landmass affected by disaster,Landmass affected by disaster,Landmass affected by disaster,Landmass affected by disaster,Landmass affected by disaster,Landmass affected by disaster,Landmass affected by disaster,Landmass affected by disaster,Landmass affected by disaster,Landmass affected by disaster,Landmass affected by disaster,Landmass affected by disaster,Landmass affected by disaster,Landmass affected by disaster,Landmass affected by disaster,Landmass affected by disaster,Landmass affected by disaster,Landmass affected by disaster,Landmass affected by disaster,Landmass affected by disaster,Landmass affected by disaster,Landmass affected by disaster,Landmass affected by disaster,Landmass affected by disaster,Landmass affected by disaster,Landmass affected by disaster,Landmass affected by disaster,Landmass affected by disaster,Landmass affected by disaster,Landmass affected by disaster,Landmass affected by disaster,Landmass affected by disaster,Landmass affected by disaster,Landmass affected by disaster,Landmass affected by disaster,Landmass affected by disaster,Landmass affected by disaster,Landmass affected by disaster,Landmass affected by disaster,Landmass affected by disaster,Landmass affected by disaster,Landmass affected by disaster,Landmass affected by disaster,Landmass affected by disaster,Landmass affected by disaster,Landmass affected by disaster,Landmass affected by disaster,Landmass affected by disaster,Landmass affected by disaster,Landmass affected by disaster,Landmass affected by disaster,Landmass affected by disaster,Landmass affected by disaster,Landmass affected by disaster,Landmass affected by disaster,Landmass affected by disaster,Landmass affected by disaster,Landmass affected by disaster,Landmass affected by disaster,Landmass affected by disaster,Landmass affected by disaster,Landmass affected by disaster,Landmass affected by disaster,Landmass affected by disaster,Landmass affected by disaster,Landmass affected by disaster,Landmass affected by disaster,Landmass affected by disaster,Landmass affected by disaster,Landmass affected by disaster,Landmass affected by disaster,Landmass affected by disaster,Landmass affected by disaster,Landmass affected by disaster,Landmass affected by disaster,Landmass affected by disaster
Ethiopia,International Displacement,ETH003,ETH,Africa,International displacement,International Displacement,No,Individual,,,,,,,,,,,,,,,,,,,,,,,,,,,,,,,,,,,,,,,,,,,,,,,,,,,,,,,,,,,,,,,,,,,,,,,,,,,,,,,,,,,,,,,,,,,,,,,,,,,,,,,,,,,,,,,,,,,,,,,,,,,,,,,,,,,,,,,,,,,,,,,,,,,,,,,,,,,,,,,,,,,,,,,,,,,,,,,,,,,,,,,,,,,,,,,,,,,,,,,,,,,,,,,,,,,,,,
Greece,Mixed migration flows in Greece,GRC002,GRC,Europe,International displacement,Mixed Migration,Yes,Individual,,,,,,,,,,,,,,,,,,,,,,,,,,,,,,,,,,,,,,,,,,,,,,,,,,,,,,,,,,,,,,,,,,,,,,,,,,,,,,,,,,,,,,,,,,,,,,,,,,,,,,,,,,,,,,,,,,,,,,,,,,,,,,,,,,,,,,,,,,,,,,,,,,,,,,,,,,,,,,,,,,,,,,,,,,,,,,,,,,,,,,,,,,,,,,,,,,,,,,,,,,,,,,,,,,,,,,
Guatemala,Complex crisis in Guatemala,GTM001,GTM,Americas,Complex crisis,Complex crisis,Yes,Individual,,,,,,,,,,,,,,,,,,,,,,,,,,,,,,,,,,,,,,,,,,,,,,,,,,,,,,,,,,,,,,,,,,,,,,,,,,,,,,,,,,,,,,,,,,,,,,,,,,,,,,,,,,,,,,,,,,,,,,,,,,,,,,,,,,,,,,,,,,,,,,,,,,,,,,,,,,,,,,,,,,,,,,,,,,,,,,,,,,,,,,,,,,,,,,,,,,,,,,,,,,,,,,,,,,,,,,
Haiti,Complex crisis in Haiti,HTI001,HTI,Americas,Complex crisis,Complex crisis,Yes,Individual,,,,,,,,,,,,,,,,,,,,,,,,,,,,,,,,,,,,,,,,,,,,,,,,,,,,,,,,,,,,,,,,,,,,,,,,,,,,,,,,,,,,,,,,,,,,,,,,,,,,,,,,,,,,,,,,,,,,,,,,,,,,,,,,,,,,,,,,,,,,,,,,,,,,,,,,,,,,,,,,,,,,,,,,,,,,,,,,,,,,,,,,,,,,,,,,,,,,,,,,,,,,,,,,,,,,,,
Honduras,Complex crisis in Honduras,HND001,HND,Americas,Complex crisis,Complex crisis,Yes,Individual,,,,,,,,,,,,,,,,,,,,,,,,,,,,,,,,,,,,,,,,,,,,,,,,,,,,,,,,,,,,,,,,,,,,,,,,,,,,,,,,,,,,,,,,,,,,,,,,,,,,,,,,,,,,,,,,,,,,,,,,,,,,,,,,,,,,,,,,,,,,,,,,,,,,,,,,,,,,,,,,,,,,,,,,,,,,,,,,,,,,,,,,,,,,,,,,,,,,,,,,,,,,,,,,,,,,,,
India,Multiple Crises in India,IND001,IND,Asia,Multiple crises country,Country Level,Yes,Aggregated,,,,,,,,,,,,,,,,,,,,,,,,,,,,,,,,,,,,,,,,,,,,,,,,,,,,,,,,,,,,,,,,,,,,,,,,,,,,,,,,,,,,,,,,,,,,,,,,,,,,,,,,,,,,,,,,,,,,,,,,,,,,,,,,,,,,,,,,,,,,,,,,,,,,,,,,,,,,,,,,,,,,,,,,,,,,,,,,,,,,,,,,,,,,,,,,,,,,,,,,,,,,,,,,,,,,,,
India,Conflict in Jammu and Kashmir,IND002,IND,Asia,Conflict,Kashmir conflict ,No,Individual,,,,,,,,,,,,,,,,,,,,,,,,,,,,,,,,,,,,,,,,,,,,,,,,,,,,,,,,,,,,,,,,,,,,,,,,,,,,,,,,,,,,,,,,,,,,,,,,,,,,,,,,,,,,,,,,,,,,,,,,,,,,,,,,,,,,,,,,,,,,,,,,,,,,,,,,,,,,,,,,,,,,,,,,,,,,,,,,,,,,,,,,,,,,,,,,,,,,,,,,,,,,,,,,,,,,,,
India,Cyclone Amphan India,IND003,IND,Asia,Tropical cyclone,Cyclone Amphan,No,Individual,,,,,,,,,,,,,,,,,,,,,,,,,,,,,,,,,,,,,,,,,,,,,,,,,,,,,,,,,,,,,,,,,,,,,,,,,,,,,,,,,,,,,,,,,,,,,,,,,,,,,,,,,,,,,,,,,,,,,,,,,,,,,,,,,,,,,,,,,,,,,,,,,,,,,,,,,,,,,,,,,,,,,,,,,,,,,,,,,,,,,,,,,,,,,,,,,,,,,,,,,,,,,,,,,,,,,,
India,Floods in India,IND005,IND,Asia,Flood,Floods,No,Individual,,,,,,,,,,,,,,,,,,,,,,,,,,,,,,,,,,,,,,,,,,,,,,,,,,,,,,,,,,,,,,,,,,,,,,,,,,,,,,,,,,,,,,,,,,,,,,,,,,,,,,,,,,,,,,,,,,,,,,,,,,,,,,,,,,,,,,,,,,,,,,,,,,,,,,,,,,,,,,,,,,,,,,,,,,,,,,,,,,,,,,,,,,,,,,,,,,,,,,,,,,,,,,,,,,,,,,
"India, Pakistan",Regional Kashmir conflict,REG003,"IND, PAK",Asia,Regional crisis,Regional Kashmir conflict,No,Individual,,,,,,,,,,,,,,,,,,,,,,,,,,,,,,,,,,,,,,,,,,,,,,,,,,,,,,,,,,,,,,,,,,,,,,,,,,,,,,,,,,,,,,,,,,,,,,,,,,,,,,,,,,,,,,,,,,,,,,,,,,,,,,,,,,,,,,,,,,,,,,,,,,,,,,,,,,,,,,,,,,,,,,,,,,,,,,,,,,,,,,,,,,,,,,,,,,,,,,,,,,,,,,,,,,,,,,
Indonesia,Papua Conflict,IDN002,IDN,Asia,Conflict,Papua Conflict,No,Individual,,,,,,,,,,,,,,,,,,,,,,,,,,,,,,,,,,,,,,,,,,,,,,,,,,,,,,,,,,,,,,,,,,,,,,,,,,,,,,,,,,,,,,,,,,,,,,,,,,,,,,,,,,,,,,,,,,,,,,,,,,,,,,,,,,,,,,,,,,,,,,,,,,,,,,,,,,,,,,,,,,,,,,,,,,,,,,,,,,,,,,,,,,,,,,,,,,,,,,,,,,,,,,,,,,,,,,
Iran,Afghan Refugees in Iran,IRN004,IRN,Middle east,International displacement,Afghan Refugees,Yes,Individual,,,,,,,,,,,,,,,,,,,,,,,,,,,,,,,,,,,,,,,,,,,,,,,,,,,,,,,,,,,,,,,,,,,,,,,,,,,,,,,,,,,,,,,,,,,,,,,,,,,,,,,,,,,,,,,,,,,,,,,,,,,,,,,,,,,,,,,,,,,,,,,,,,,,,,,,,,,,,,,,,,,,,,,,,,,,,,,,,,,,,,,,,,,,,,,,,,,,,,,,,,,,,,,,,,,,,,
Iraq,Multiple crises in Iraq,IRQ001,IRQ,Middle east,Multiple crises country,Country level,Yes,Aggregated,,,,,,,,,,,,,,,,,,,,,,,,,,,,,,,,,,,,,,,,,,,,,,,,,,,,,,,,,,,,,,,,,,,,,,,,,,,,,,,,,,,,,,,,,,,,,,,,,,,,,,,,,,,,,,,,,,,,,,,,,,,,,,,,,,,,,,,,,,,,,,,,,,,,,,,,,,,,,,,,,,,,,,,,,,,,,,,,,,,,,,,,,,,,,,,,,,,,,,,,,,,,,,,,,,,,,,
Iraq,Conflict  in Iraq,IRQ002,IRQ,Middle east,Conflict,Conflict,No,Individual,,,,,,,,,,,,,,,,,,,,,,,,,,,,,,,,,,,,,,,,,,,,,,,,,,,,,,,,,,,,,,,,,,,,,,,,,,,,,,,,,,,,,,,,,,,,,,,,,,,,,,,,,,,,,,,,,,,,,,,,,,,,,,,,,,,,,,,,,,,,,,,,,,,,,,,,,,,,,,,,,,,,,,,,,,,,,,,,,,,,,,,,,,,,,,,,,,,,,,,,,,,,,,,,,,,,,,
Iraq,Syrian and Palestinian refugees in iraq,IRQ003,IRQ,Middle east,International displacement,Syrian Refugees,No,Individual,,,,,,,,,,,,,,,,,,,,,,,,,,,,,,,,,,,,,,,,,,,,,,,,,,,,,,,,,,,,,,,,,,,,,,,,,,,,,,,,,,,,,,,,,,,,,,,,,,,,,,,,,,,,,,,,,,,,,,,,,,,,,,,,,,,,,,,,,,,,,,,,,,,,,,,,,,,,,,,,,,,,,,,,,,,,,,,,,,,,,,,,,,,,,,,,,,,,,,,,,,,,,,,,,,,,,,
Jordan,Syrian refugees in Jordan,JOR002,JOR,Middle east,International displacement,Syrian refugees,Yes,Individual,,,,,,,,,,,,,,,,,,,,,,,,,,,,,,,,,,,,,,,,,,,,,,,,,,,,,,,,,,,,,,,,,,,,,,,,,,,,,,,,,,,,,,,,,,,,,,,,,,,,,,,,,,,,,,,,,,,,,,,,,,,,,,,,,,,,,,,,,,,,,,,,,,,,,,,,,,,,,,,,,,,,,,,,,,,,,,,,,,,,,,,,,,,,,,,,,,,,,,,,,,,,,,,,,,,,,,
Kenya,Multiple crisis in Kenya ,KEN001,KEN,Africa,Multiple crises country,Country level ,Yes,Aggregated,,,,,Crisis affected groups,Crisis affected groups,Crisis affected groups,Crisis affected groups,Crisis affected groups,Crisis affected groups,Crisis affected groups,Crisis affected groups,Crisis affected groups,Crisis affected groups,Crisis affected groups,Crisis affected groups,Crisis affected groups,Crisis affected groups,Crisis affected groups,Crisis affected groups,Crisis affected groups,Crisis affected groups,Crisis affected groups,Crisis affected groups,Crisis affected groups,Crisis affected groups,Crisis affected groups,Crisis affected groups,Crisis affected groups,Crisis affected groups,Crisis affected groups,Crisis affected groups,Crisis affected groups,Crisis affected groups,Crisis affected groups,Crisis affected groups,Crisis affected groups,Crisis affected groups,Crisis affected groups,Crisis affected groups,Crisis affected groups,Crisis affected groups,Crisis affected groups,Crisis affected groups,Crisis affected groups,Crisis affected groups,Crisis affected groups,Crisis affected groups,Crisis affected groups,Crisis affected groups,Crisis affected groups,Crisis affected groups,Crisis affected groups,Crisis affected groups,Crisis affected groups,Crisis affected groups,Crisis affected groups,Crisis affected groups,Crisis affected groups,Crisis affected groups,Crisis affected groups,Crisis affected groups,Crisis affected groups,Crisis affected groups,Crisis affected groups,Crisis affected groups,Crisis affected groups,Crisis affected groups,Crisis affected groups,Crisis affected groups,Crisis affected groups,Crisis affected groups,Crisis affected groups,Crisis affected groups,Crisis affected groups,Crisis affected groups,Crisis affected groups,Crisis affected groups,Crisis affected groups,Crisis affected groups,Crisis affected groups,Crisis affected groups,Crisis affected groups,Crisis affected groups,Crisis affected groups,Crisis affected groups,Crisis affected groups,Crisis affected groups,Crisis affected groups,Crisis affected groups,Crisis affected groups,Crisis affected groups,Crisis affected groups,Crisis affected groups,Crisis affected groups,Crisis affected groups,Crisis affected groups,Crisis affected groups,Crisis affected groups,Crisis affected groups,Crisis affected groups,Crisis affected groups,Crisis affected groups,Crisis affected groups,Crisis affected groups,Crisis affected groups,Crisis affected groups,Crisis affected groups,Crisis affected groups,Crisis affected groups,Crisis affected groups,Crisis affected groups,Crisis affected groups,Crisis affected groups,Crisis affected groups,Crisis affected groups,Crisis affected groups,Crisis affected groups,Crisis affected groups,Crisis affected groups,Crisis affected groups,Crisis affected groups,Crisis affected groups,Crisis affected groups,Crisis affected groups,Crisis affected groups,Crisis affected groups,Crisis affected groups,Crisis affected groups,Crisis affected groups,Crisis affected groups,Crisis affected groups,Crisis affected groups,Crisis affected groups,Crisis affected groups,Crisis affected groups,Crisis affected groups,Crisis affected groups,Crisis affected groups,Crisis affected groups,Crisis affected groups,Crisis affected groups,Crisis affected groups,Crisis affected groups,Crisis affected groups,Crisis affected groups,Crisis affected groups,Crisis affected groups,Crisis affected groups,Crisis affected groups,Crisis affected groups,Crisis affected groups,Crisis affected groups,Crisis affected groups,Crisis affected groups,Crisis affected groups,Crisis affected groups,Crisis affected groups,Crisis affected groups,Crisis affected groups,Crisis affected groups,Crisis affected groups,Crisis affected groups,Crisis affected groups,Crisis affected groups,Crisis affected groups,Crisis affected groups,Crisis affected groups,Crisis affected groups,Crisis affected groups,Crisis affected groups,Crisis affected groups,Crisis affected groups,Crisis affected groups,Crisis affected groups,Crisis affected groups,Crisis affected groups,Crisis affected groups,Crisis affected groups,Crisis affected groups,Crisis affected groups,Crisis affected groups,Crisis affected groups,Crisis affected groups,Crisis affected groups,Crisis affected groups,Crisis affected groups,Crisis affected groups,Crisis affected groups,Crisis affected groups,Crisis affected groups,Crisis affected groups,Crisis affected groups,Crisis affected groups,Crisis affected groups,Crisis affected groups,Crisis affected groups,Crisis affected groups,Crisis affected groups,Crisis affected groups,Crisis affected groups,Crisis affected groups,Crisis affected groups,Crisis affected groups,Crisis affected groups,Crisis affected groups,Crisis affected groups,Crisis affected groups,Crisis affected groups,Crisis affected groups,Crisis affected groups,Crisis affected groups,Crisis affected groups,Crisis affected groups
Kenya,Refugee situation in Kenya,KEN002,KEN,Africa,International displacement,Refugee situation,No,Individual,,,,,Building totally damaged,Building totally damaged,Building totally damaged,Building totally damaged,Building totally damaged,Building totally damaged,Building totally damaged,Building totally damaged,Building totally damaged,Building totally damaged,Building totally damaged,Building totally damaged,Building totally damaged,Building totally damaged,Building totally damaged,Building totally damaged,Building totally damaged,Building totally damaged,Building totally damaged,Building totally damaged,Building totally damaged,Building totally damaged,Building totally damaged,Building totally damaged,Building totally damaged,Building totally damaged,Building totally damaged,Building totally damaged,Building totally damaged,Building totally damaged,Building totally damaged,Building totally damaged,Building totally damaged,Building totally damaged,Building totally damaged,Building totally damaged,Building totally damaged,Building totally damaged,Building totally damaged,Building totally damaged,Building totally damaged,Building totally damaged,Building totally damaged,Building totally damaged,Building totally damaged,Building totally damaged,Building totally damaged,Building totally damaged,Building totally damaged,Building totally damaged,Building totally damaged,Building totally damaged,Building totally damaged,Building totally damaged,Building totally damaged,Building totally damaged,Building totally damaged,Building totally damaged,Building totally damaged,Building totally damaged,Building totally damaged,Building totally damaged,Building totally damaged,Building totally damaged,Building totally damaged,Building totally damaged,Building totally damaged,Building totally damaged,Building totally damaged,Building totally damaged,Building totally damaged,Building totally damaged,Building totally damaged,Building totally damaged,Building totally damaged,Building totally damaged,Building totally damaged,Building totally damaged,Building totally damaged,Building totally damaged,Building totally damaged,Building totally damaged,Building totally damaged,Building totally damaged,Building totally damaged,Building totally damaged,Building totally damaged,Building totally damaged,Building totally damaged,Building totally damaged,Building totally damaged,Building totally damaged,Building totally damaged,Building totally damaged,Building totally damaged,Building totally damaged,Building totally damaged,Building totally damaged,Building totally damaged,Building totally damaged,Building totally damaged,Building totally damaged,Building totally damaged,Building totally damaged,Building totally damaged,Building totally damaged,Building totally damaged,Building totally damaged,Building totally damaged,Building totally damaged,Building totally damaged,Building totally damaged,Building totally damaged,Building totally damaged,Building totally damaged,Building totally damaged,Building totally damaged,Building totally damaged,Building totally damaged,Building totally damaged,Building totally damaged,Building totally damaged,Building totally damaged,Building totally damaged,Building totally damaged,Building totally damaged,Building totally damaged,Building totally damaged,Building totally damaged,Building totally damaged,Building totally damaged,Building totally damaged,Building totally damaged,Building totally damaged,Building totally damaged,Building totally damaged,Building totally damaged,Building totally damaged,Building totally damaged,Building totally damaged,Building totally damaged,Building totally damaged,Building totally damaged,Building totally damaged,Building totally damaged,Building totally damaged,Building totally damaged,Building totally damaged,Building totally damaged,Building totally damaged,Building totally damaged,Building totally damaged,Building totally damaged,Building totally damaged,Building totally damaged,Building totally damaged,Building totally damaged,Building totally damaged,Building totally damaged,Building totally damaged,Building totally damaged,Building totally damaged,Building totally damaged,Building totally damaged,Building totally damaged,Building totally damaged,Building totally damaged,Building totally damaged,Building totally damaged,Building totally damaged,Building totally damaged,Building totally damaged,Building totally damaged,Building totally damaged,Building totally damaged,Building totally damaged,Building totally damaged,Building totally damaged,Building totally damaged,Building totally damaged,Building totally damaged,Building totally damaged,Building totally damaged,Building totally damaged,Building totally damaged,Building totally damaged,Building totally damaged,Building totally damaged,Building totally damaged,Building totally damaged,Building totally damaged,Building totally damaged,Building totally damaged,Building totally damaged,Building totally damaged,Building totally damaged,Building totally damaged,Building totally damaged,Building totally damaged,Building totally damaged,Building totally damaged,Building totally damaged,Building totally damaged,Building totally damaged,Building totally damaged,Building totally damaged,Building totally damaged,Building totally damaged,Building totally damaged,Building totally damaged
Kenya,Drought in Kenya,KEN003,KEN,Africa,Drought,Drought,No,Individual,,,,,,,,,,,,,,,,,,,,,,,,,,,,,,,,,,,,,,,,,,,,,,,,,,,,,,,,,,,,,,,,,,,,,,,,,,,,,,,,,,,,,,,,,,,,,,,,,,,,,,,,,,,,,,,,,,,,,,,,,,,,,,,,,,,,,,,,,,,,,,,,,,,,,,,,,,,,,,,,,,,,,,,,,,,,,,,,,,,,,,,,,,,,,,,,,,,,,,,,,,,,,,,,,,,,,,
Kenya,Flooding and Landslides in Kenya,KEN005,KEN,Africa,Flood,Flooding and Landslides,No,Individual,,,,,,,,,,,,,,,,,,,,,,,,,,,,,,,,,,,,,,,,,,,,,,,,,,,,,,,,,,,,,,,,,,,,,,,,,,,,,,,,,,,,,,,,,,,,,,,,,,,,,,,,,,,,,,,,,,,,,,,,,,,,,,,,,,,,,,,,,,,,,,,,,,,,,,,,,,,,,,,,,,,,,,,,,,,,,,,,,,,,,,,,,,,,,,,,,,,,,,,,,,,,,,,,,,,,,,
Lebanon,Syrian refugees in Lebanon,LBN002,LBN,Middle east,International displacement,Syrian refugees,No,Individual,,,,,,,,,,,,,,,,,,,,,,,,,,,,,,,,,,,,,,,,,,,,,,,,,,,,,,,,,,,,,,,,,,,,,,,,,,,,,,,,,,,,,,,,,,,,,,,,,,,,,,,,,,,,,,,,,,,,,,,,,,,,,,,,,,,,,,,,,,,,,,,,,,,,,,,,,,,,,,,,,,,,,,,,,,,,,,,,,,,,,,,,,,,,,,,,,,,,,,,,,,,,,,,,,,,,,,
Lebanon,Socioeconomic crisis in Lebanon,LBN004,LBN,Middle east,Political and economic crisis,Socioeconomic crisis,Yes,Individual,,,,,,,,,,,,,,,,,,,,,,,,,,,,,,,,,,,,,,,,,,,,,,,,,,,,,,,,,,,,,,,,,,,,,,,,,,,,,,,,,,,,,,,,,,,,,,,,,,,,,,,,,,,,,,,,,,,,,,,,,,,,,,,,,,,,,,,,,,,,,,,,,,,,,,,,,,,,,,,,,,,,,,,,,,,,,,,,,,,,,,,,,,,,,,,,,,,,,,,,,,,,,,,,,,,,,,
Lebanon,Explosion in Beirut,LBN005,LBN,Middle east,Industrial Accidents,Beirut Explosion,No,Individual,,,,,,,,,,,,,,,,,,,,,,,,,,,,,,,,,,,,,,,,,,,,,,,,,,,,,,,,,,,,,,,,,,,,,,,,,,,,,,,,,,,,,,,,,,,,,,,,,,,,,,,,,,,,,,,,,,,,,,,,,,,,,,,,,,,,,,,,,,,,,,,,,,,,,,,,,,,,,,,,,,,,,,,,,,,,,,,,,,,,,,,,,,,,,,,,,,,,,,,,,,,,,,,,,,,,,,
Lesotho,Drought in Lesotho,LSO002,LSO,Africa,Drought,Drought,Yes,Individual,,,,,,,,,,,,,,,,,,,,,,,,,,,,,,,,,,,,,,,,,,,,,,,,,,,,,,,,,,,,,,,,,,,,,,,,,,,,,,,,,,,,,,,,,,,,,,,,,,,,,,,,,,,,,,,,,,,,,,,,,,,,,,,,,,,,,,,,,,,,,,,,,,,,,,,,,,,,,,,,,,,,,,,,,,,,,,,,,,,,,,,,,,,,,,,,,,,,,,,,,,,,,,,,,,,,,,
"Lesotho,Madagascar,Malawi,Mozambique,Namibia,Eswatini,Tanzania,Zambia,Zimbabwe",Southern Africa Regional Food Security Crisis,REG012,"LSO, MDG, MWI, MOZ, NAM, SWZ, TZA, ZMB, ZWE",Africa,Regional crisis,Southern Africa Regional Food Security Crisis,,Individual,,,,,,,,,,,,,,,,,,,,,,,,,,,,,,,,,,,,,,,,,,,,,,,,,,,,,,,,,,,,,,,,,,,,,,,,,,,,,,,,,,,,,,,,,,,,,,,,,,,,,,,,,,,,,,,,,,,,,,,,,,,,,,,,,,,,,,,,,,,,,,,,,,,,,,,,,,,,,,,,,,,,,,,,,,,,,,,,,,,,,,,,,,,,,,,,,,,,,,,,,,,,,,,,,,,,,,
Libya,Complex crisis in Libya,LBY001,LBY,Africa,Multiple crises country,Complex crisis,Yes,Aggregated,,,,,,,,,,,,,,,,,,,,,,,,,,,,,,,,,,,,,,,,,,,,,,,,,,,,,,,,,,,,,,,,,,,,,,,,,,,,,,,,,,,,,,,,,,,,,,,,,,,,,,,,,,,,,,,,,,,,,,,,,,,,,,,,,,,,,,,,,,,,,,,,,,,,,,,,,,,,,,,,,,,,,,,,,,,,,,,,,,,,,,,,,,,,,,,,,,,,,,,,,,,,,,,,,,,,,,
Libya,Mixed migration flows in Libya,LBY002,LBY,Africa,International displacement,Mixed Migration,No,Individual,,,,,,,,,,,,,,,,,,,,,,,,,,,,,,,,,,,,,,,,,,,,,,,,,,,,,,,,,,,,,,,,,,,,,,,,,,,,,,,,,,,,,,,,,,,,,,,,,,,,,,,,,,,,,,,,,,,,,,,,,,,,,,,,,,,,,,,,,,,,,,,,,,,,,,,,,,,,,,,,,,,,,,,,,,,,,,,,,,,,,,,,,,,,,,,,,,,,,,,,,,,,,,,,,,,,,,
Madagascar,Drought in Madagascar,MDG002,MDG,Africa,Drought,Drought,No,Individual,,,,,Buildings in the affected area,Buildings in the affected area,Buildings in the affected area,Buildings in the affected area,Buildings in the affected area,Buildings in the affected area,Buildings in the affected area,Buildings in the affected area,Buildings in the affected area,Buildings in the affected area,Buildings in the affected area,Buildings in the affected area,Buildings in the affected area,Buildings in the affected area,Buildings in the affected area,Buildings in the affected area,Buildings in the affected area,Buildings in the affected area,Buildings in the affected area,Buildings in the affected area,Buildings in the affected area,Buildings in the affected area,Buildings in the affected area,Buildings in the affected area,Buildings in the affected area,Buildings in the affected area,Buildings in the affected area,Buildings in the affected area,Buildings in the affected area,Buildings in the affected area,Buildings in the affected area,Buildings in the affected area,Buildings in the affected area,Buildings in the affected area,Buildings in the affected area,Buildings in the affected area,Buildings in the affected area,Buildings in the affected area,Buildings in the affected area,Buildings in the affected area,Buildings in the affected area,Buildings in the affected area,Buildings in the affected area,Buildings in the affected area,Buildings in the affected area,Buildings in the affected area,Buildings in the affected area,Buildings in the affected area,Buildings in the affected area,Buildings in the affected area,Buildings in the affected area,Buildings in the affected area,Buildings in the affected area,Buildings in the affected area,Buildings in the affected area,Buildings in the affected area,Buildings in the affected area,Buildings in the affected area,Buildings in the affected area,Buildings in the affected area,Buildings in the affected area,Buildings in the affected area,Buildings in the affected area,Buildings in the affected area,Buildings in the affected area,Buildings in the affected area,Buildings in the affected area,Buildings in the affected area,Buildings in the affected area,Buildings in the affected area,Buildings in the affected area,Buildings in the affected area,Buildings in the affected area,Buildings in the affected area,Buildings in the affected area,Buildings in the affected area,Buildings in the affected area,Buildings in the affected area,Buildings in the affected area,Buildings in the affected area,Buildings in the affected area,Buildings in the affected area,Buildings in the affected area,Buildings in the affected area,Buildings in the affected area,Buildings in the affected area,Buildings in the affected area,Buildings in the affected area,Buildings in the affected area,Buildings in the affected area,Buildings in the affected area,Buildings in the affected area,Buildings in the affected area,Buildings in the affected area,Buildings in the affected area,Buildings in the affected area,Buildings in the affected area,Buildings in the affected area,Buildings in the affected area,Buildings in the affected area,Buildings in the affected area,Buildings in the affected area,Buildings in the affected area,Buildings in the affected area,Buildings in the affected area,Buildings in the affected area,Buildings in the affected area,Buildings in the affected area,Buildings in the affected area,Buildings in the affected area,Buildings in the affected area,Buildings in the affected area,Buildings in the affected area,Buildings in the affected area,Buildings in the affected area,Buildings in the affected area,Buildings in the affected area,Buildings in the affected area,Buildings in the affected area,Buildings in the affected area,Buildings in the affected area,Buildings in the affected area,Buildings in the affected area,Buildings in the affected area,Buildings in the affected area,Buildings in the affected area,Buildings in the affected area,Buildings in the affected area,Buildings in the affected area,Buildings in the affected area,Buildings in the affected area,Buildings in the affected area,Buildings in the affected area,Buildings in the affected area,Buildings in the affected area,Buildings in the affected area,Buildings in the affected area,Buildings in the affected area,Buildings in the affected area,Buildings in the affected area,Buildings in the affected area,Buildings in the affected area,Buildings in the affected area,Buildings in the affected area,Buildings in the affected area,Buildings in the affected area,Buildings in the affected area,Buildings in the affected area,Buildings in the affected area,Buildings in the affected area,Buildings in the affected area,Buildings in the affected area,Buildings in the affected area,Buildings in the affected area,Buildings in the affected area,Buildings in the affected area,Buildings in the affected area,Buildings in the affected area,Buildings in the affected area,Buildings in the affected area,Buildings in the affected area,Buildings in the affected area,Buildings in the affected area,Buildings in the affected area,Buildings in the affected area,Buildings in the affected area,Buildings in the affected area,Buildings in the affected area,Buildings in the affected area,Buildings in the affected area,Buildings in the affected area,Buildings in the affected area,Buildings in the affected area,Buildings in the affected area,Buildings in the affected area,Buildings in the affected area,Buildings in the affected area,Buildings in the affected area,Buildings in the affected area,Buildings in the affected area,Buildings in the affected area,Buildings in the affected area,Buildings in the affected area,Buildings in the affected area,Buildings in the affected area,Buildings in the affected area,Buildings in the affected area,Buildings in the affected area,Buildings in the affected area,Buildings in the affected area,Buildings in the affected area,Buildings in the affected area,Buildings in the affected area,Buildings in the affected area,Buildings in the affected area,Buildings in the affected area,Buildings in the affected area,Buildings in the affected area,Buildings in the affected area,Buildings in the affected area,Buildings in the affected area,Buildings in the affected area,Buildings in the affected area,Buildings in the affected area,Buildings in the affected area,Buildings in the affected area,Buildings in the affected area,Buildings in the affected area,Buildings in the affected area,Buildings in the affected area
Madagascar,Floods in Madagascar,MDG004,MDG,Africa,Flood,Floods in Madagascar,No,Individual,,,,,,,,,,,,,,,,,,,,,,,,,,,,,,,,,,,,,,,,,,,,,,,,,,,,,,,,,,,,,,,,,,,,,,,,,,,,,,,,,,,,,,,,,,,,,,,,,,,,,,,,,,,,,,,,,,,,,,,,,,,,,,,,,,,,,,,,,,,,,,,,,,,,,,,,,,,,,,,,,,,,,,,,,,,,,,,,,,,,,,,,,,,,,,,,,,,,,,,,,,,,,,,,,,,,,,
Madagascar,Complex Country Crisis in Madagascar,MDG005,MDG,Africa,Complex crisis,Complex Country Crisis in Madagascar,Yes,Individual,,,,,,,,,,,,,,,,,,,,,,,,,,,,,,,,,,,,,,,,,,,,,,,,,,,,,,,,,,,,,,,,,,,,,,,,,,,,,,,,,,,,,,,,,,,,,,,,,,,,,,,,,,,,,,,,,,,,,,,,,,,,,,,,,,,,,,,,,,,,,,,,,,,,,,,,,,,,,,,,,,,,,,,,,,,,,,,,,,,,,,,,,,,,,,,,,,,,,,,,,,,,,,,,,,,,,,
Malawi,Complex crisis in Malawi,MWI002,MWI,Africa,Complex crisis,Complex,Yes,Individual,,,,,,,,,,,,,,,,,,,,,,,,,,,,,,,,,,,,,,,,,,,,,,,,,,,,,,,,,,,,,,,,,,,,,,,,,,,,,,,,,,,,,,,,,,,,,,,,,,,,,,,,,,,,,,,,,,,,,,,,,,,,,,,,,,,,,,,,,,,,,,,,,,,,,,,,,,,,,,,,,,,,,,,,,,,,,,,,,,,,,,,,,,,,,,,,,,,,,,,,,,,,,,,,,,,,,,
Mali,Complex crisis in Mali,MLI001,MLI,Africa,Complex crisis,Complex crisis,Yes,Individual,,,,,,,,,,,,,,,,,,,,,,,,,,,,,,,,,,,,,,,,,,,,,,,,,,,,,,,,,,,,,,,,,,,,,,,,,,,,,,,,,,,,,,,,,,,,,,,,,,,,,,,,,,,,,,,,,,,,,,,,,,,,,,,,,,,,,,,,,,,,,,,,,,,,,,,,,,,,,,,,,,,,,,,,,,,,,,,,,,,,,,,,,,,,,,,,,,,,,,,,,,,,,,,,,,,,,,
Mauritania,Refugees from Mali in Mauritania,MRT002,MRT,Africa,International displacement,Malian refugees,No,Individual,,,,,People exposed,People exposed,People exposed,People exposed,People exposed,People exposed,People exposed,People exposed,People exposed,People exposed,People exposed,People exposed,People exposed,People exposed,People exposed,People exposed,People exposed,People exposed,People exposed,People exposed,People exposed,People exposed,People exposed,People exposed,People exposed,People exposed,People exposed,People exposed,People exposed,People exposed,People exposed,People exposed,People exposed,People exposed,People exposed,People exposed,People exposed,People exposed,People exposed,People exposed,People exposed,People exposed,People exposed,People exposed,People exposed,People exposed,People exposed,People exposed,People exposed,People exposed,People exposed,People exposed,People exposed,People exposed,People exposed,People exposed,People exposed,People exposed,People exposed,People exposed,People exposed,People exposed,People exposed,People exposed,People exposed,People exposed,People exposed,People exposed,People exposed,People exposed,People exposed,People exposed,People exposed,People exposed,People exposed,People exposed,People exposed,People exposed,People exposed,People exposed,People exposed,People exposed,People exposed,People exposed,People exposed,People exposed,People exposed,People exposed,People exposed,People exposed,People exposed,People exposed,People exposed,People exposed,People exposed,People exposed,People exposed,People exposed,People exposed,People exposed,People exposed,People exposed,People exposed,People exposed,People exposed,People exposed,People exposed,People exposed,People exposed,People exposed,People exposed,People exposed,People exposed,People exposed,People exposed,People exposed,People exposed,People exposed,People exposed,People exposed,People exposed,People exposed,People exposed,People exposed,People exposed,People exposed,People exposed,People exposed,People exposed,People exposed,People exposed,People exposed,People exposed,People exposed,People exposed,People exposed,People exposed,People exposed,People exposed,People exposed,People exposed,People exposed,People exposed,People exposed,People exposed,People exposed,People exposed,People exposed,People exposed,People exposed,People exposed,People exposed,People exposed,People exposed,People exposed,People exposed,People exposed,People exposed,People exposed,People exposed,People exposed,People exposed,People exposed,People exposed,People exposed,People exposed,People exposed,People exposed,People exposed,People exposed,People exposed,People exposed,People exposed,People exposed,People exposed,People exposed,People exposed,People exposed,People exposed,People exposed,People exposed,People exposed,People exposed,People exposed,People exposed,People exposed,People exposed,People exposed,People exposed,People exposed,People exposed,People exposed,People exposed,People exposed,People exposed,People exposed,People exposed,People exposed,People exposed,People exposed,People exposed,People exposed,People exposed,People exposed,People exposed,People exposed,People exposed,People exposed,People exposed,People exposed
Mauritania,Food Security in Mauritania,MRT003,MRT,Africa,Drought,Food security,Yes,Individual,,,,,,,,,,,,,,,,,,,,,,,,,,,,,,,,,,,,,,,,,,,,,,,,,,,,,,,,,,,,,,,,,,,,,,,,,,,,,,,,,,,,,,,,,,,,,,,,,,,,,,,,,,,,,,,,,,,,,,,,,,,,,,,,,,,,,,,,,,,,,,,,,,,,,,,,,,,,,,,,,,,,,,,,,,,,,,,,,,,,,,,,,,,,,,,,,,,,,,,,,,,,,,,,,,,,,,
Mexico,Multiple crisis in Mexico,MEX001,MEX,Americas,Multiple crises country,Country Level,Yes,Aggregated,,,,,,,,,,,,,,,,,,,,,,,,,,,,,,,,,,,,,,,,,,,,,,,,,,,,,,,,,,,,,,,,,,,,,,,,,,,,,,,,,,,,,,,,,,,,,,,,,,,,,,,,,,,,,,,,,,,,,,,,,,,,,,,,,,,,,,,,,,,,,,,,,,,,,,,,,,,,,,,,,,,,,,,,,,,,,,,,,,,,,,,,,,,,,,,,,,,,,,,,,,,,,,,,,,,,,,
Mexico,Criminal Violence in Mexico,MEX002,MEX,Americas,Other type of violence,Criminal Violence,No,Individual,,,,,,,,,,,,,,,,,,,,,,,,,,,,,,,,,,,,,,,,,,,,,,,,,,,,,,,,,,,,,,,,,,,,,,,,,,,,,,,,,,,,,,,,,,,,,,,,,,,,,,,,,,,,,,,,,,,,,,,,,,,,,,,,,,,,,,,,,,,,,,,,,,,,,,,,,,,,,,,,,,,,,,,,,,,,,,,,,,,,,,,,,,,,,,,,,,,,,,,,,,,,,,,,,,,,,,
Mexico,Mixed Migration in Mexico,MEX003,MEX,Americas,International displacement,Mixed Migration,No,Individual,,,,,,,,,,,,,,,,,,,,,,,,,,,,,,,,,,,,,,,,,,,,,,,,,,,,,,,,,,,,,,,,,,,,,,,,,,,,,,,,,,,,,,,,,,,,,,,,,,,,,,,,,,,,,,,,,,,,,,,,,,,,,,,,,,,,,,,,,,,,,,,,,,,,,,,,,,,,,,,,,,,,,,,,,,,,,,,,,,,,,,,,,,,,,,,,,,,,,,,,,,,,,,,,,,,,,,
Morocco,Mixed migration flows in Morocco,MAR002,MAR,Africa,International displacement,Mixed Migration,Yes,Individual,,,,,,,,,,,,,,,,,,,,,,,,,,,,,,,,,,,,,,,,,,,,,,,,,,,,,,,,,,,,,,,,,,,,,,,,,,,,,,,,,,,,,,,,,,,,,,,,,,,,,,,,,,,,,,,,,,,,,,,,,,,,,,,,,,,,,,,,,,,,,,,,,,,,,,,,,,,,,,,,,,,,,,,,,,,,,,,,,,,,,,,,,,,,,,,,,,,,,,,,,,,,,,,,,,,,,,
Mozambique,Complex crisis in Mozambique,MOZ001,MOZ,Africa,Complex crisis,Complex crisis in Mozambique,Yes,Individual,,,,,,,,,,,,,,,,,,,,,,,,,,,,,,,,,,,,,,,,,,,,,,,,,,,,,,,,,,,,,,,,,,,,,,,,,,,,,,,,,,,,,,,,,,,,,,,,,,,,,,,,,,,,,,,,,,,,,,,,,,,,,,,,,,,,,,,,,,,,,,,,,,,,,,,,,,,,,,,,,,,,,,,,,,,,,,,,,,,,,,,,,,,,,,,,,,,,,,,,,,,,,,,,,,,,,,
Mozambique,Cabo Delgado Islamist Insurgency,MOZ004,MOZ,Africa,Other type of violence,Violent Insurgency in Cabo Delgado,No,Individual,,,,,,,,,,,,,,,,,,,,,,,,,,,,,,,,,,,,,,,,,,,,,,,,,,,,,,,,,,,,,,,,,,,,,,,,,,,,,,,,,,,,,,,,,,,,,,,,,,,,,,,,,,,,,,,,,,,,,,,,,,,,,,,,,,,,,,,,,,,,,,,,,,,,,,,,,,,,,,,,,,,,,,,,,,,,,,,,,,,,,,,,,,,,,,,,,,,,,,,,,,,,,,,,,,,,,,
Mozambique,Food Security Crisis in Mozambique,MOZ006,MOZ,Africa,Food Security,Food Security Crisis in Mozambique,No,Individual,,,,,,,,,,,,,,,,,,,,,,,,,,,,,,,,,,,,,,,,,,,,,,,,,,,,,,,,,,,,,,,,,,,,,,,,,,,,,,,,,,,,,,,,,,,,,,,,,,,,,,,,,,,,,,,,,,,,,,,,,,,,,,,,,,,,,,,,,,,,,,,,,,,,,,,,,,,,,,,,,,,,,,,,,,,,,,,,,,,,,,,,,,,,,,,,,,,,,,,,,,,,,,,,,,,,,,
Myanmar,Multiple crises in Myanmar,MMR001,MMR,Asia,Multiple crises country,Country level,Yes,Aggregated,,,,,,,,,,,,,,,,,,,,,,,,,,,,,,,,,,,,,,,,,,,,,,,,,,,,,,,,,,,,,,,,,,,,,,,,,,,,,,,,,,,,,,,,,,,,,,,,,,,,,,,,,,,,,,,,,,,,,,,,,,,,,,,,,,,,,,,,,,,,,,,,,,,,,,,,,,,,,,,,,,,,,,,,,,,,,,,,,,,,,,,,,,,,,,,,,,,,,,,,,,,,,,,,,,,,,,
Myanmar,Rakhine Conflict,MMR002,MMR,Asia,Conflict,Rakhine conflict,No,Individual,,,,,,,,,,,,,,,,,,,,,,,,,,,,,,,,,,,,,,,,,,,,,,,,,,,,,,,,,,,,,,,,,,,,,,,,,,,,,,,,,,,,,,,,,,,,,,,,,,,,,,,,,,,,,,,,,,,,,,,,,,,,,,,,,,,,,,,,,,,,,,,,,,,,,,,,,,,,,,,,,,,,,,,,,,,,,,,,,,,,,,,,,,,,,,,,,,,,,,,,,,,,,,,,,,,,,,
Myanmar,Kachin and Shan Conflict,MMR003,MMR,Asia,Conflict,Kachin and Shan conflict,No,Individual,,,,,,,,,,,,,,,,,,,,,,,,,,,,,,,,,,,,,,,,,,,,,,,,,,,,,,,,,,,,,,,,,,,,,,,,,,,,,,,,,,,,,,,,,,,,,,,,,,,,,,,,,,,,,,,,,,,,,,,,,,,,,,,,,,,,,,,,,,,,,,,,,,,,,,,,,,,,,,,,,,,,,,,,,,,,,,,,,,,,,,,,,,,,,,,,,,,,,,,,,,,,,,,,,,,,,,
Namibia,Food Security Crisis in Namibia,NAM002,NAM,Africa,Food Security,Food Security Crisis in Namibia,Yes,Individual,,,,,,,,,,,,,,,,,,,,,,,,,,,,,,,,,,,,,,,,,,,,,,,,,,,,,,,,,,,,,,,,,,,,,,,,,,,,,,,,,,,,,,,,,,,,,,,,,,,,,,,,,,,,,,,,,,,,,,,,,,,,,,,,,,,,,,,,,,,,,,,,,,,,,,,,,,,,,,,,,,,,,,,,,,,,,,,,,,,,,,,,,,,,,,,,,,,,,,,,,,,,,,,,,,,,,,
Nicaragua,Socioeconomic crisis in Nicaragua,NIC001,NIC,Americas,Political and economic crisis,Socioeconomic crisis,Yes,Individual,,,,,Economic Losses,Economic Losses,Economic Losses,Economic Losses,Economic Losses,Economic Losses,Economic Losses,Economic Losses,Economic Losses,Economic Losses,Economic Losses,Economic Losses,Economic Losses,Economic Losses,Economic Losses,Economic Losses,Economic Losses,Economic Losses,Economic Losses,Economic Losses,Economic Losses,Economic Losses,Economic Losses,Economic Losses,Economic Losses,Economic Losses,Economic Losses,Economic Losses,Economic Losses,Economic Losses,Economic Losses,Economic Losses,Economic Losses,Economic Losses,Economic Losses,Economic Losses,Economic Losses,Economic Losses,Economic Losses,Economic Losses,Economic Losses,Economic Losses,Economic Losses,Economic Losses,Economic Losses,Economic Losses,Economic Losses,Economic Losses,Economic Losses,Economic Losses,Economic Losses,Economic Losses,Economic Losses,Economic Losses,Economic Losses,Economic Losses,Economic Losses,Economic Losses,Economic Losses,Economic Losses,Economic Losses,Economic Losses,Economic Losses,Economic Losses,Economic Losses,Economic Losses,Economic Losses,Economic Losses,Economic Losses,Economic Losses,Economic Losses,Economic Losses,Economic Losses,Economic Losses,Economic Losses,Economic Losses,Economic Losses,Economic Losses,Economic Losses,Economic Losses,Economic Losses,Economic Losses,Economic Losses,Economic Losses,Economic Losses,Economic Losses,Economic Losses,Economic Losses,Economic Losses,Economic Losses,Economic Losses,Economic Losses,Economic Losses,Economic Losses,Economic Losses,Economic Losses,Economic Losses,Economic Losses,Economic Losses,Economic Losses,Economic Losses,Economic Losses,Economic Losses,Economic Losses,Economic Losses,Economic Losses,Economic Losses,Economic Losses,Economic Losses,Economic Losses,Economic Losses,Economic Losses,Economic Losses,Economic Losses,Economic Losses,Economic Losses,Economic Losses,Economic Losses,Economic Losses,Economic Losses,Economic Losses,Economic Losses,Economic Losses,Economic Losses,Economic Losses,Economic Losses,Economic Losses,Economic Losses,Economic Losses,Economic Losses,Economic Losses,Economic Losses,Economic Losses,Economic Losses,Economic Losses,Economic Losses,Economic Losses,Economic Losses,Economic Losses,Economic Losses,Economic Losses,Economic Losses,Economic Losses,Economic Losses,Economic Losses,Economic Losses,Economic Losses,Economic Losses,Economic Losses,Economic Losses,Economic Losses,Economic Losses,Economic Losses,Economic Losses,Economic Losses,Economic Losses,Economic Losses,Economic Losses,Economic Losses,Economic Losses,Economic Losses,Economic Losses,Economic Losses,Economic Losses,Economic Losses,Economic Losses,Economic Losses,Economic Losses,Economic Losses,Economic Losses,Economic Losses,Economic Losses,Economic Losses,Economic Losses,Economic Losses,Economic Losses,Economic Losses,Economic Losses,Economic Losses,Economic Losses,Economic Losses,Economic Losses,Economic Losses,Economic Losses,Economic Losses,Economic Losses,Economic Losses,Economic Losses,Economic Losses,Economic Losses,Economic Losses,Economic Losses,Economic Losses,Economic Losses,Economic Losses,Economic Losses,Economic Losses,Economic Losses,Economic Losses,Economic Losses,Economic Losses,Economic Losses,Economic Losses,Economic Losses,Economic Losses,Economic Losses,Economic Losses,Economic Losses,Economic Losses,Economic Losses
Niger,Multiple crises in Niger,NER001,NER,Africa,Multiple crises country,Country level,Yes,Aggregated,,,,,,,,,,,,,,,,,,,,,,,,,,,,,,,,,,,,,,,,,,,,,,,,,,,,,,,,,,,,,,,,,,,,,,,,,,,,,,,,,,,,,,,,,,,,,,,,,,,,,,,,,,,,,,,,,,,,,,,,,,,,,,,,,,,,,,,,,,,,,,,,,,,,,,,,,,,,,,,,,,,,,,,,,,,,,,,,,,,,,,,,,,,,,,,,,,,,,,,,,,,,,,,,,,,,,,
Niger,Boko Haram in Niger,NER002,NER,Africa,Conflict,Boko Haram,No,Individual,,,,,,,,,,,,,,,,,,,,,,,,,,,,,,,,,,,,,,,,,,,,,,,,,,,,,,,,,,,,,,,,,,,,,,,,,,,,,,,,,,,,,,,,,,,,,,,,,,,,,,,,,,,,,,,,,,,,,,,,,,,,,,,,,,,,,,,,,,,,,,,,,,,,,,,,,,,,,,,,,,,,,,,,,,,,,,,,,,,,,,,,,,,,,,,,,,,,,,,,,,,,,,,,,,,,,,
Niger,Mali/Burkina Faso conflict,NER003,NER,Africa,Conflict,Cross-border violence ,No,Individual,,,,,,,,,,,,,,,,,,,,,,,,,,,,,,,,,,,,,,,,,,,,,,,,,,,,,,,,,,,,,,,,,,,,,,,,,,,,,,,,,,,,,,,,,,,,,,,,,,,,,,,,,,,,,,,,,,,,,,,,,,,,,,,,,,,,,,,,,,,,,,,,,,,,,,,,,,,,,,,,,,,,,,,,,,,,,,,,,,,,,,,,,,,,,,,,,,,,,,,,,,,,,,,,,,,,,,
Niger,Nigerian Refugees,NER004,NER,Africa,International displacement,Nigerian Refugees,No,Individual,,,,,,,,,,,,,,,,,,,,,,,,,,,,,,,,,,,,,,,,,,,,,,,,,,,,,,,,,,,,,,,,,,,,,,,,,,,,,,,,,,,,,,,,,,,,,,,,,,,,,,,,,,,,,,,,,,,,,,,,,,,,,,,,,,,,,,,,,,,,,,,,,,,,,,,,,,,,,,,,,,,,,,,,,,,,,,,,,,,,,,,,,,,,,,,,,,,,,,,,,,,,,,,,,,,,,,
Niger,Floods in Niger,NER005,NER,Africa,Flood,Floods,No,Individual,,,,,,,,,,,,,,,,,,,,,,,,,,,,,,,,,,,,,,,,,,,,,,,,,,,,,,,,,,,,,,,,,,,,,,,,,,,,,,,,,,,,,,,,,,,,,,,,,,,,,,,,,,,,,,,,,,,,,,,,,,,,,,,,,,,,,,,,,,,,,,,,,,,,,,,,,,,,,,,,,,,,,,,,,,,,,,,,,,,,,,,,,,,,,,,,,,,,,,,,,,,,,,,,,,,,,,
Nigeria,Complex crisis in Nigeria,NGA001,NGA,Africa,Complex crisis,Complex crisis,Yes,Individual,,,,,,,,,,,,,,,,,,,,,,,,,,,,,,,,,,,,,,,,,,,,,,,,,,,,,,,,,,,,,,,,,,,,,,,,,,,,,,,,,,,,,,,,,,,,,,,,,,,,,,,,,,,,,,,,,,,,,,,,,,,,,,,,,,,,,,,,,,,,,,,,,,,,,,,,,,,,,,,,,,,,,,,,,,,,,,,,,,,,,,,,,,,,,,,,,,,,,,,,,,,,,,,,,,,,,,
Nigeria,Middle belt conflict,NGA003,NGA,Africa,Conflict,Middle Belt,No,Individual,,,,,,,,,,,,,,,,,,,,,,,,,,,,,,,,,,,,,,,,,,,,,,,,,,,,,,,,,,,,,,,,,,,,,,,,,,,,,,,,,,,,,,,,,,,,,,,,,,,,,,,,,,,,,,,,,,,,,,,,,,,,,,,,,,,,,,,,,,,,,,,,,,,,,,,,,,,,,,,,,,,,,,,,,,,,,,,,,,,,,,,,,,,,,,,,,,,,,,,,,,,,,,,,,,,,,,
Nigeria,Boko Haram crisis in Nigeria,NGA004,NGA,Africa,Conflict,Boko Haram ,No,Individual,,,,,,,,,,,,,,,,,,,,,,,,,,,,,,,,,,,,,,,,,,,,,,,,,,,,,,,,,,,,,,,,,,,,,,,,,,,,,,,,,,,,,,,,,,,,,,,,,,,,,,,,,,,,,,,,,,,,,,,,,,,,,,,,,,,,,,,,,,,,,,,,,,,,,,,,,,,,,,,,,,,,,,,,,,,,,,,,,,,,,,,,,,,,,,,,,,,,,,,,,,,,,,,,,,,,,,
Nigeria,Northwest Banditry,NGA007,NGA,Africa,Other type of violence,Northwest Banditry,No,Individual,,,,,,,,,,,,,,,,,,,,,,,,,,,,,,,,,,,,,,,,,,,,,,,,,,,,,,,,,,,,,,,,,,,,,,,,,,,,,,,,,,,,,,,,,,,,,,,,,,,,,,,,,,,,,,,,,,,,,,,,,,,,,,,,,,,,,,,,,,,,,,,,,,,,,,,,,,,,,,,,,,,,,,,,,,,,,,,,,,,,,,,,,,,,,,,,,,,,,,,,,,,,,,,,,,,,,,
Nigeria,Cameroonian Refugees in Nigeria,NGA008,NGA,Africa,International displacement,Cameroonian Refugees in Nigeria,No,Individual,,,,,,,,,,,,,,,,,,,,,,,,,,,,,,,,,,,,,,,,,,,,,,,,,,,,,,,,,,,,,,,,,,,,,,,,,,,,,,,,,,,,,,,,,,,,,,,,,,,,,,,,,,,,,,,,,,,,,,,,,,,,,,,,,,,,,,,,,,,,,,,,,,,,,,,,,,,,,,,,,,,,,,,,,,,,,,,,,,,,,,,,,,,,,,,,,,,,,,,,,,,,,,,,,,,,,,
"Nigeria, Niger, Chad, Cameroon",Regional Boko Haram Crisis,REG001,"NGA, NER, TCD, CMR",Africa,Regional crisis,Regional Boko Haram,,Individual,,,,,,,,,,,,,,,,,,,,,,,,,,,,,,,,,,,,,,,,,,,,,,,,,,,,,,,,,,,,,,,,,,,,,,,,,,,,,,,,,,,,,,,,,,,,,,,,,,,,,,,,,,,,,,,,,,,,,,,,,,,,,,,,,,,,,,,,,,,,,,,,,,,,,,,,,,,,,,,,,,,,,,,,,,,,,,,,,,,,,,,,,,,,,,,,,,,,,,,,,,,,,,,,,,,,,,
Pakistan,Complex crisis in Pakistan,PAK001,PAK,Asia,Complex crisis,Complex crisis,Yes,Individual,,,,,,,,,,,,,,,,,,,,,,,,,,,,,,,,,,,,,,,,,,,,,,,,,,,,,,,,,,,,,,,,,,,,,,,,,,,,,,,,,,,,,,,,,,,,,,,,,,,,,,,,,,,,,,,,,,,,,,,,,,,,,,,,,,,,,,,,,,,,,,,,,,,,,,,,,,,,,,,,,,,,,,,,,,,,,,,,,,,,,,,,,,,,,,,,,,,,,,,,,,,,,,,,,,,,,,
Pakistan,Kashmir conflict in Pakistan,PAK004,PAK,Asia,Conflict,Kashmir conflict,No,Individual,,,,,,,,,,,,,,,,,,,,,,,,,,,,,,,,,,,,,,,,,,,,,,,,,,,,,,,,,,,,,,,,,,,,,,,,,,,,,,,,,,,,,,,,,,,,,,,,,,,,,,,,,,,,,,,,,,,,,,,,,,,,,,,,,,,,,,,,,,,,,,,,,,,,,,,,,,,,,,,,,,,,,,,,,,,,,,,,,,,,,,,,,,,,,,,,,,,,,,,,,,,,,,,,,,,,,,
Palestine,Conflict in Palestine,PSE002,PSE,Middle east,Conflict,Complex,Yes,Individual,,,,,People in Need,People in Need,People in Need,People in Need,People in Need,People in Need,People in Need,People in Need,People in Need,People in Need,People in Need,People in Need,People in Need,People in Need,People in Need,People in Need,People in Need,People in Need,People in Need,People in Need,People in Need,People in Need,People in Need,People in Need,People in Need,People in Need,People in Need,People in Need,People in Need,People in Need,People in Need,People in Need,People in Need,People in Need,People in Need,People in Need,People in Need,People in Need,People in Need,People in Need,People in Need,People in Need,People in Need,People in Need,People in Need,People in Need,People in Need,People in Need,People in Need,People in Need,People in Need,People in Need,People in Need,People in Need,People in Need,People in Need,People in Need,People in Need,People in Need,People in Need,People in Need,People in Need,People in Need,People in Need,People in Need,People in Need,People in Need,People in Need,People in Need,People in Need,People in Need,People in Need,People in Need,People in Need,People in Need,People in Need,People in Need,People in Need,People in Need,People in Need,People in Need,People in Need,People in Need,People in Need,People in Need,People in Need,People in Need,People in Need,People in Need,People in Need,People in Need,People in Need,People in Need,People in Need,People in Need,People in Need,People in Need,People in Need,People in Need,People in Need,People in Need,People in Need,People in Need,People in Need,People in Need,People in Need,People in Need,People in Need,People in Need,People in Need,People in Need,People in Need,People in Need,People in Need,People in Need,People in Need,People in Need,People in Need,People in Need,People in Need,People in Need,People in Need,People in Need,People in Need,People in Need,People in Need,People in Need,People in Need,People in Need,People in Need,People in Need,People in Need,People in Need,People in Need,People in Need,People in Need,People in Need,People in Need,People in Need,People in Need,People in Need,People in Need,People in Need,People in Need,People in Need,People in Need,People in Need,People in Need,People in Need,People in Need,People in Need,People in Need,People in Need,People in Need,People in Need,People in Need,People in Need,People in Need,People in Need,People in Need,People in Need,People in Need,People in Need,People in Need,People in Need,People in Need,People in Need,People in Need,People in Need,People in Need,People in Need,People in Need,People in Need,People in Need,People in Need,People in Need,People in Need,People in Need,People in Need,People in Need,People in Need,People in Need,People in Need,People in Need,People in Need,People in Need,People in Need,People in Need,People in Need,People in Need,People in Need,People in Need,People in Need,People in Need,People in Need,People in Need,People in Need,People in Need,People in Need,People in Need,People in Need,People in Need,People in Need,People in Need,People in Need,People in Need,People in Need,People in Need,People in Need,People in Need
Peru,Venezuela displacement in Peru,PER002,PER,Americas,International displacement,Venezuelan refugees,Yes,Individual,,,,,People affected by the crisis,People affected by the crisis,People affected by the crisis,People affected by the crisis,People affected by the crisis,People affected by the crisis,People affected by the crisis,People affected by the crisis,People affected by the crisis,People affected by the crisis,People affected by the crisis,People affected by the crisis,People affected by the crisis,People affected by the crisis,People affected by the crisis,People affected by the crisis,People affected by the crisis,People affected by the crisis,People affected by the crisis,People affected by the crisis,People affected by the crisis,People affected by the crisis,People affected by the crisis,People affected by the crisis,People affected by the crisis,People affected by the crisis,People affected by the crisis,People affected by the crisis,People affected by the crisis,People affected by the crisis,People affected by the crisis,People affected by the crisis,People affected by the crisis,People affected by the crisis,People affected by the crisis,People affected by the crisis,People affected by the crisis,People affected by the crisis,People affected by the crisis,People affected by the crisis,People affected by the crisis,People affected by the crisis,People affected by the crisis,People affected by the crisis,People affected by the crisis,People affected by the crisis,People affected by the crisis,People affected by the crisis,People affected by the crisis,People affected by the crisis,People affected by the crisis,People affected by the crisis,People affected by the crisis,People affected by the crisis,People affected by the crisis,People affected by the crisis,People affected by the crisis,People affected by the crisis,People affected by the crisis,People affected by the crisis,People affected by the crisis,People affected by the crisis,People affected by the crisis,People affected by the crisis,People affected by the crisis,People affected by the crisis,People affected by the crisis,People affected by the crisis,People affected by the crisis,People affected by the crisis,People affected by the crisis,People affected by the crisis,People affected by the crisis,People affected by the crisis,People affected by the crisis,People affected by the crisis,People affected by the crisis,People affected by the crisis,People affected by the crisis,People affected by the crisis,People affected by the crisis,People affected by the crisis,People affected by the crisis,People affected by the crisis,People affected by the crisis,People affected by the crisis,People affected by the crisis,People affected by the crisis,People affected by the crisis,People affected by the crisis,People affected by the crisis,People affected by the crisis,People affected by the crisis,People affected by the crisis,People affected by the crisis,People affected by the crisis,People affected by the crisis,People affected by the crisis,People affected by the crisis,People affected by the crisis,People affected by the crisis,People affected by the crisis,People affected by the crisis,People affected by the crisis,People affected by the crisis,People affected by the crisis,People affected by the crisis,People affected by the crisis,People affected by the crisis,People affected by the crisis,People affected by the crisis,People affected by the crisis,People affected by the crisis,People affected by the crisis,People affected by the crisis,People affected by the crisis,People affected by the crisis,People affected by the crisis,People affected by the crisis,People affected by the crisis,People affected by the crisis,People affected by the crisis,People affected by the crisis,People affected by the crisis,People affected by the crisis,People affected by the crisis,People affected by the crisis,People affected by the crisis,People affected by the crisis,People affected by the crisis,People affected by the crisis,People affected by the crisis,People affected by the crisis,People affected by the crisis,People affected by the crisis,People affected by the crisis,People affected by the crisis,People affected by the crisis,People affected by the crisis,People affected by the crisis,People affected by the crisis,People affected by the crisis,People affected by the crisis,People affected by the crisis,People affected by the crisis,People affected by the crisis,People affected by the crisis,People affected by the crisis,People affected by the crisis,People affected by the crisis,People affected by the crisis,People affected by the crisis,People affected by the crisis,People affected by the crisis,People affected by the crisis,People affected by the crisis,People affected by the crisis,People affected by the crisis,People affected by the crisis,People affected by the crisis,People affected by the crisis,People affected by the crisis,People affected by the crisis,People affected by the crisis,People affected by the crisis,People affected by the crisis,People affected by the crisis,People affected by the crisis,People affected by the crisis,People affected by the crisis,People affected by the crisis,People affected by the crisis,People affected by the crisis,People affected by the crisis,People affected by the crisis,People affected by the crisis,People affected by the crisis,People affected by the crisis,People affected by the crisis,People affected by the crisis,People affected by the crisis,People affected by the crisis,People affected by the crisis,People affected by the crisis,People affected by the crisis,People affected by the crisis,People affected by the crisis,People affected by the crisis,People affected by the crisis,People affected by the crisis,People affected by the crisis,People affected by the crisis,People affected by the crisis,People affected by the crisis,People affected by the crisis,People affected by the crisis,People affected by the crisis,People affected by the crisis,People affected by the crisis,People affected by the crisis,People affected by the crisis,People affected by the crisis,People affected by the crisis,People affected by the crisis,People affected by the crisis,People affected by the crisis,People affected by the crisis,People affected by the crisis,People affected by the crisis,People affected by the crisis
Philippines,Multiple crises in the Philippines,PHL001,PHL,Asia,Multiple crises country,Country level,Yes,Aggregated,,,,,,,,,,,,,,,,,,,,,,,,,,,,,,,,,,,,,,,,,,,,,,,,,,,,,,,,,,,,,,,,,,,,,,,,,,,,,,,,,,,,,,,,,,,,,,,,,,,,,,,,,,,,,,,,,,,,,,,,,,,,,,,,,,,,,,,,,,,,,,,,,,,,,,,,,,,,,,,,,,,,,,,,,,,,,,,,,,,,,,,,,,,,,,,,,,,,,,,,,,,,,,,,,,,,,,
Philippines,Mindanao conflict,PHL003,PHL,Asia,Conflict,Mindanao Conflict,No,Individual,,,,,,,,,,,,,,,,,,,,,,,,,,,,,,,,,,,,,,,,,,,,,,,,,,,,,,,,,,,,,,,,,,,,,,,,,,,,,,,,,,,,,,,,,,,,,,,,,,,,,,,,,,,,,,,,,,,,,,,,,,,,,,,,,,,,,,,,,,,,,,,,,,,,,,,,,,,,,,,,,,,,,,,,,,,,,,,,,,,,,,,,,,,,,,,,,,,,,,,,,,,,,,,,,,,,,,
Philippines,Mindanao Earthquake,PHL004,PHL,Asia,Earthquake,Mindanao Earthquake,No,Individual,,,,,,,,,,,,,,,,,,,,,,,,,,,,,,,,,,,,,,,,,,,,,,,,,,,,,,,,,,,,,,,,,,,,,,,,,,,,,,,,,,,,,,,,,,,,,,,,,,,,,,,,,,,,,,,,,,,,,,,,,,,,,,,,,,,,,,,,,,,,,,,,,,,,,,,,,,,,,,,,,,,,,,,,,,,,,,,,,,,,,,,,,,,,,,,,,,,,,,,,,,,,,,,,,,,,,,
Rwanda,Burundi and DRC refugees in Rwanda,RWA002,RWA,Africa,International displacement,Refugees,Yes,Individual,,,,,,,,,,,,,,,,,,,,,,,,,,,,,,,,,,,,,,,,,,,,,,,,,,,,,,,,,,,,,,,,,,,,,,,,,,,,,,,,,,,,,,,,,,,,,,,,,,,,,,,,,,,,,,,,,,,,,,,,,,,,,,,,,,,,,,,,,,,,,,,,,,,,,,,,,,,,,,,,,,,,,,,,,,,,,,,,,,,,,,,,,,,,,,,,,,,,,,,,,,,,,,,,,,,,,,
Senegal,Drought in Senegal,SEN002,SEN,Africa,Drought,Drought,No,Individual,,,,,,,,,,,,,,,,,,,,,,,,,,,,,,,,,,,,,,,,,,,,,,,,,,,,,,,,,,,,,,,,,,,,,,,,,,,,,,,,,,,,,,,,,,,,,,,,,,,,,,,,,,,,,,,,,,,,,,,,,,,,,,,,,,,,,,,,,,,,,,,,,,,,,,,,,,,,,,,,,,,,,,,,,,,,,,,,,,,,,,,,,,,,,,,,,,,,,,,,,,,,,,,,,,,,,,
Somalia,Complex crisis in Somalia,SOM001,SOM,Africa,Complex crisis,Complex crisis,Yes,Individual,,,,,People killed in all crises,People killed in all crises,People killed in all crises,People killed in all crises,People killed in all crises,People killed in all crises,People killed in all crises,People killed in all crises,People killed in all crises,People killed in all crises,People killed in all crises,People killed in all crises,People killed in all crises,People killed in all crises,People killed in all crises,People killed in all crises,People killed in all crises,People killed in all crises,People killed in all crises,People killed in all crises,People killed in all crises,People killed in all crises,People killed in all crises,People killed in all crises,People killed in all crises,People killed in all crises,People killed in all crises,People killed in all crises,People killed in all crises,People killed in all crises,People killed in all crises,People killed in all crises,People killed in all crises,People killed in all crises,People killed in all crises,People killed in all crises,People killed in all crises,People killed in all crises,People killed in all crises,People killed in all crises,People killed in all crises,People killed in all crises,People killed in all crises,People killed in all crises,People killed in all crises,People killed in all crises,People killed in all crises,People killed in all crises,People killed in all crises,People killed in all crises,People killed in all crises,People killed in all crises,People killed in all crises,People killed in all crises,People killed in all crises,People killed in all crises,People killed in all crises,People killed in all crises,People killed in all crises,People killed in all crises,People killed in all crises,People killed in all crises,People killed in all crises,People killed in all crises,People killed in all crises,People killed in all crises,People killed in all crises,People killed in all crises,People killed in all crises,People killed in all crises,People killed in all crises,People killed in all crises,People killed in all crises,People killed in all crises,People killed in all crises,People killed in all crises,People killed in all crises,People killed in all crises,People killed in all crises,People killed in all crises,People killed in all crises,People killed in all crises,People killed in all crises,People killed in all crises,People killed in all crises,People killed in all crises,People killed in all crises,People killed in all crises,People killed in all crises,People killed in all crises,People killed in all crises,People killed in all crises,People killed in all crises,People killed in all crises,People killed in all crises,People killed in all crises,People killed in all crises,People killed in all crises,People killed in all crises,People killed in all crises,People killed in all crises,People killed in all crises,People killed in all crises,People killed in all crises,People killed in all crises,People killed in all crises,People killed in all crises,People killed in all crises,People killed in all crises,People killed in all crises,People killed in all crises,People killed in all crises,People killed in all crises,People killed in all crises,People killed in all crises,People killed in all crises,People killed in all crises,People killed in all crises,People killed in all crises,People killed in all crises,People killed in all crises,People killed in all crises,People killed in all crises,People killed in all crises,People killed in all crises,People killed in all crises,People killed in all crises,People killed in all crises,People killed in all crises,People killed in all crises,People killed in all crises,People killed in all crises,People killed in all crises,People killed in all crises,People killed in all crises,People killed in all crises,People killed in all crises,People killed in all crises,People killed in all crises,People killed in all crises,People killed in all crises,People killed in all crises,People killed in all crises,People killed in all crises,People killed in all crises,People killed in all crises,People killed in all crises,People killed in all crises,People killed in all crises,People killed in all crises,People killed in all crises,People killed in all crises,People killed in all crises,People killed in all crises,People killed in all crises,People killed in all crises,People killed in all crises,People killed in all crises,People killed in all crises,People killed in all crises,People killed in all crises,People killed in all crises,People killed in all crises,People killed in all crises,People killed in all crises,People killed in all crises,People killed in all crises,People killed in all crises,People killed in all crises,People killed in all crises,People killed in all crises,People killed in all crises,People killed in all crises,People killed in all crises,People killed in all crises,People killed in all crises,People killed in all crises,People killed in all crises,People killed in all crises,People killed in all crises,People killed in all crises,People killed in all crises,People killed in all crises,People killed in all crises,People killed in all crises,People killed in all crises,People killed in all crises,People killed in all crises,People killed in all crises,People killed in all crises,People killed in all crises,People killed in all crises,People killed in all crises,People killed in all crises,People killed in all crises,People killed in all crises,People killed in all crises,People killed in all crises,People killed in all crises,People killed in all crises,People killed in all crises,People killed in all crises,People killed in all crises,People killed in all crises,People killed in all crises,People killed in all crises,People killed in all crises,People killed in all crises,People killed in all crises,People killed in all crises
Somalia,Mixed Migration Flows in Somalia,SOM002,SOM,Africa,International displacement,Mixed Migration,,Individual,,,,,,,,,,,,,,,,,,,,,,,,,,,,,,,,,,,,,,,,,,,,,,,,,,,,,,,,,,,,,,,,,,,,,,,,,,,,,,,,,,,,,,,,,,,,,,,,,,,,,,,,,,,,,,,,,,,,,,,,,,,,,,,,,,,,,,,,,,,,,,,,,,,,,,,,,,,,,,,,,,,,,,,,,,,,,,,,,,,,,,,,,,,,,,,,,,,,,,,,,,,,,,,,,,,,,,
Somalia,Floods in Somalia,SOM004,SOM,Africa,Flood,Floods,No,Individual,,,,,,,,,,,,,,,,,,,,,,,,,,,,,,,,,,,,,,,,,,,,,,,,,,,,,,,,,,,,,,,,,,,,,,,,,,,,,,,,,,,,,,,,,,,,,,,,,,,,,,,,,,,,,,,,,,,,,,,,,,,,,,,,,,,,,,,,,,,,,,,,,,,,,,,,,,,,,,,,,,,,,,,,,,,,,,,,,,,,,,,,,,,,,,,,,,,,,,,,,,,,,,,,,,,,,,
South Sudan,Complex crisis in South Sudan,SSD001,SSD,Africa,Complex crisis,Complex crisis,Yes,Individual,,,,,,,,,,,,,,,,,,,,,,,,,,,,,,,,,,,,,,,,,,,,,,,,,,,,,,,,,,,,,,,,,,,,,,,,,,,,,,,,,,,,,,,,,,,,,,,,,,,,,,,,,,,,,,,,,,,,,,,,,,,,,,,,,,,,,,,,,,,,,,,,,,,,,,,,,,,,,,,,,,,,,,,,,,,,,,,,,,,,,,,,,,,,,,,,,,,,,,,,,,,,,,,,,,,,,,
Sudan,Complex crisis in Sudan,SDN001,SDN,Africa,Complex crisis,Complex crisis,Yes,Individual,,,,,,,,,,,,,,,,,,,,,,,,,,,,,,,,,,,,,,,,,,,,,,,,,,,,,,,,,,,,,,,,,,,,,,,,,,,,,,,,,,,,,,,,,,,,,,,,,,,,,,,,,,,,,,,,,,,,,,,,,,,,,,,,,,,,,,,,,,,,,,,,,,,,,,,,,,,,,,,,,,,,,,,,,,,,,,,,,,,,,,,,,,,,,,,,,,,,,,,,,,,,,,,,,,,,,,
Sudan,Refugees in Sudan,SDN005,SDN,Africa,International displacement,Refugees,No,Individual,,,,,,,,,,,,,,,,,,,,,,,,,,,,,,,,,,,,,,,,,,,,,,,,,,,,,,,,,,,,,,,,,,,,,,,,,,,,,,,,,,,,,,,,,,,,,,,,,,,,,,,,,,,,,,,,,,,,,,,,,,,,,,,,,,,,,,,,,,,,,,,,,,,,,,,,,,,,,,,,,,,,,,,,,,,,,,,,,,,,,,,,,,,,,,,,,,,,,,,,,,,,,,,,,,,,,,
Sudan,Floods in Sudan ,SDN006,SDN,Africa,Flood,Floods,No,Individual,,,,,,,,,,,,,,,,,,,,,,,,,,,,,,,,,,,,,,,,,,,,,,,,,,,,,,,,,,,,,,,,,,,,,,,,,,,,,,,,,,,,,,,,,,,,,,,,,,,,,,,,,,,,,,,,,,,,,,,,,,,,,,,,,,,,,,,,,,,,,,,,,,,,,,,,,,,,,,,,,,,,,,,,,,,,,,,,,,,,,,,,,,,,,,,,,,,,,,,,,,,,,,,,,,,,,,
Syria,Syrian conflict,SYR001,SYR,Middle east,Complex crisis,Conflict,Yes,Individual,,,,,People facing minimal humanitarian needs (level 1),People facing minimal humanitarian needs (level 1),People facing minimal humanitarian needs (level 1),People facing minimal humanitarian needs (level 1),People facing minimal humanitarian needs (level 1),People facing minimal humanitarian needs (level 1),People facing minimal humanitarian needs (level 1),People facing minimal humanitarian needs (level 1),People facing minimal humanitarian needs (level 1),People facing minimal humanitarian needs (level 1),People facing minimal humanitarian needs (level 1),People facing minimal humanitarian needs (level 1),People facing minimal humanitarian needs (level 1),People facing minimal humanitarian needs (level 1),People facing minimal humanitarian needs (level 1),People facing minimal humanitarian needs (level 1),People facing minimal humanitarian needs (level 1),People facing minimal humanitarian needs (level 1),People facing minimal humanitarian needs (level 1),People facing minimal humanitarian needs (level 1),People facing minimal humanitarian needs (level 1),People facing minimal humanitarian needs (level 1),People facing minimal humanitarian needs (level 1),People facing minimal humanitarian needs (level 1),People facing minimal humanitarian needs (level 1),People facing minimal humanitarian needs (level 1),People facing minimal humanitarian needs (level 1),People facing minimal humanitarian needs (level 1),People facing minimal humanitarian needs (level 1),People facing minimal humanitarian needs (level 1),People facing minimal humanitarian needs (level 1),People facing minimal humanitarian needs (level 1),People facing minimal humanitarian needs (level 1),People facing minimal humanitarian needs (level 1),People facing minimal humanitarian needs (level 1),People facing minimal humanitarian needs (level 1),People facing minimal humanitarian needs (level 1),People facing minimal humanitarian needs (level 1),People facing minimal humanitarian needs (level 1),People facing minimal humanitarian needs (level 1),People facing minimal humanitarian needs (level 1),People facing minimal humanitarian needs (level 1),People facing minimal humanitarian needs (level 1),People facing minimal humanitarian needs (level 1),People facing minimal humanitarian needs (level 1),People facing minimal humanitarian needs (level 1),People facing minimal humanitarian needs (level 1),People facing minimal humanitarian needs (level 1),People facing minimal humanitarian needs (level 1),People facing minimal humanitarian needs (level 1),People facing minimal humanitarian needs (level 1),People facing minimal humanitarian needs (level 1),People facing minimal humanitarian needs (level 1),People facing minimal humanitarian needs (level 1),People facing minimal humanitarian needs (level 1),People facing minimal humanitarian needs (level 1),People facing minimal humanitarian needs (level 1),People facing minimal humanitarian needs (level 1),People facing minimal humanitarian needs (level 1),People facing minimal humanitarian needs (level 1),People facing minimal humanitarian needs (level 1),People facing minimal humanitarian needs (level 1),People facing minimal humanitarian needs (level 1),People facing minimal humanitarian needs (level 1),People facing minimal humanitarian needs (level 1),People facing minimal humanitarian needs (level 1),People facing minimal humanitarian needs (level 1),People facing minimal humanitarian needs (level 1),People facing minimal humanitarian needs (level 1),People facing minimal humanitarian needs (level 1),People facing minimal humanitarian needs (level 1),People facing minimal humanitarian needs (level 1),People facing minimal humanitarian needs (level 1),People facing minimal humanitarian needs (level 1),People facing minimal humanitarian needs (level 1),People facing minimal humanitarian needs (level 1),People facing minimal humanitarian needs (level 1),People facing minimal humanitarian needs (level 1),People facing minimal humanitarian needs (level 1),People facing minimal humanitarian needs (level 1),People facing minimal humanitarian needs (level 1),People facing minimal humanitarian needs (level 1),People facing minimal humanitarian needs (level 1),People facing minimal humanitarian needs (level 1),People facing minimal humanitarian needs (level 1),People facing minimal humanitarian needs (level 1),People facing minimal humanitarian needs (level 1),People facing minimal humanitarian needs (level 1),People facing minimal humanitarian needs (level 1),People facing minimal humanitarian needs (level 1),People facing minimal humanitarian needs (level 1),People facing minimal humanitarian needs (level 1),People facing minimal humanitarian needs (level 1),People facing minimal humanitarian needs (level 1),People facing minimal humanitarian needs (level 1),People facing minimal humanitarian needs (level 1),People facing minimal humanitarian needs (level 1),People facing minimal humanitarian needs (level 1),People facing minimal humanitarian needs (level 1),People facing minimal humanitarian needs (level 1),People facing minimal humanitarian needs (level 1),People facing minimal humanitarian needs (level 1),People facing minimal humanitarian needs (level 1),People facing minimal humanitarian needs (level 1),People facing minimal humanitarian needs (level 1),People facing minimal humanitarian needs (level 1),People facing minimal humanitarian needs (level 1),People facing minimal humanitarian needs (level 1),People facing minimal humanitarian needs (level 1),People facing minimal humanitarian needs (level 1),People facing minimal humanitarian needs (level 1),People facing minimal humanitarian needs (level 1),People facing minimal humanitarian needs (level 1),People facing minimal humanitarian needs (level 1),People facing minimal humanitarian needs (level 1),People facing minimal humanitarian needs (level 1),People facing minimal humanitarian needs (level 1),People facing minimal humanitarian needs (level 1),People facing minimal humanitarian needs (level 1),People facing minimal humanitarian needs (level 1),People facing minimal humanitarian needs (level 1),People facing minimal humanitarian needs (level 1),People facing minimal humanitarian needs (level 1),People facing minimal humanitarian needs (level 1),People facing minimal humanitarian needs (level 1),People facing minimal humanitarian needs (level 1),People facing minimal humanitarian needs (level 1),People facing minimal humanitarian needs (level 1),People facing minimal humanitarian needs (level 1),People facing minimal humanitarian needs (level 1),People facing minimal humanitarian needs (level 1),People facing minimal humanitarian needs (level 1),People facing minimal humanitarian needs (level 1),People facing minimal humanitarian needs (level 1),People facing minimal humanitarian needs (level 1),People facing minimal humanitarian needs (level 1),People facing minimal humanitarian needs (level 1),People facing minimal humanitarian needs (level 1),People facing minimal humanitarian needs (level 1),People facing minimal humanitarian needs (level 1),People facing minimal humanitarian needs (level 1),People facing minimal humanitarian needs (level 1),People facing minimal humanitarian needs (level 1),People facing minimal humanitarian needs (level 1),People facing minimal humanitarian needs (level 1),People facing minimal humanitarian needs (level 1),People facing minimal humanitarian needs (level 1),People facing minimal humanitarian needs (level 1),People facing minimal humanitarian needs (level 1),People facing minimal humanitarian needs (level 1),People facing minimal humanitarian needs (level 1),People facing minimal humanitarian needs (level 1),People facing minimal humanitarian needs (level 1),People facing minimal humanitarian needs (level 1),People facing minimal humanitarian needs (level 1),People facing minimal humanitarian needs (level 1),People facing minimal humanitarian needs (level 1),People facing minimal humanitarian needs (level 1),People facing minimal humanitarian needs (level 1),People facing minimal humanitarian needs (level 1),People facing minimal humanitarian needs (level 1),People facing minimal humanitarian needs (level 1),People facing minimal humanitarian needs (level 1),People facing minimal humanitarian needs (level 1),People facing minimal humanitarian needs (level 1),People facing minimal humanitarian needs (level 1),People facing minimal humanitarian needs (level 1),People facing minimal humanitarian needs (level 1),People facing minimal humanitarian needs (level 1),People facing minimal humanitarian needs (level 1),People facing minimal humanitarian needs (level 1),People facing minimal humanitarian needs (level 1),People facing minimal humanitarian needs (level 1),People facing minimal humanitarian needs (level 1),People facing minimal humanitarian needs (level 1),People facing minimal humanitarian needs (level 1),People facing minimal humanitarian needs (level 1),People facing minimal humanitarian needs (level 1),People facing minimal humanitarian needs (level 1),People facing minimal humanitarian needs (level 1),People facing minimal humanitarian needs (level 1),People facing minimal humanitarian needs (level 1),People facing minimal humanitarian needs (level 1),People facing minimal humanitarian needs (level 1),People facing minimal humanitarian needs (level 1),People facing minimal humanitarian needs (level 1),People facing minimal humanitarian needs (level 1),People facing minimal humanitarian needs (level 1),People facing minimal humanitarian needs (level 1),People facing minimal humanitarian needs (level 1),People facing minimal humanitarian needs (level 1),People facing minimal humanitarian needs (level 1),People facing minimal humanitarian needs (level 1),People facing minimal humanitarian needs (level 1),People facing minimal humanitarian needs (level 1),People facing minimal humanitarian needs (level 1),People facing minimal humanitarian needs (level 1),People facing minimal humanitarian needs (level 1),People facing minimal humanitarian needs (level 1),People facing minimal humanitarian needs (level 1),People facing minimal humanitarian needs (level 1),People facing minimal humanitarian needs (level 1),People facing minimal humanitarian needs (level 1),People facing minimal humanitarian needs (level 1),People facing minimal humanitarian needs (level 1),People facing minimal humanitarian needs (level 1),People facing minimal humanitarian needs (level 1),People facing minimal humanitarian needs (level 1),People facing minimal humanitarian needs (level 1),People facing minimal humanitarian needs (level 1)
"Syria, Turkey, Iraq, Egypt, Jordan, Lebanon",Syrian Regional Crisis,REG004,"SYR, TUR, IRQ, EGY, JOR, LBN",Middle east,Regional crisis,Syrian Regional Crisis,No,Individual,,,,,,,,,,,,,,,,,,,,,,,,,,,,,,,,,,,,,,,,,,,,,,,,,,,,,,,,,,,,,,,,,,,,,,,,,,,,,,,,,,,,,,,,,,,,,,,,,,,,,,,,,,,,,,,,,,,,,,,,,,,,,,,,,,,,,,,,,,,,,,,,,,,,,,,,,,,,,,,,,,,,,,,,,,,,,,,,,,,,,,,,,,,,,,,,,,,,,,,,,,,,,,,,,,,,,,
Tanzania,International Displacement in Tanzania,TZA002,TZA,Africa,International displacement,Refugees,Yes,Individual,,,,,,,,,,,,,,,,,,,,,,,,,,,,,,,,,,,,,,,,,,,,,,,,,,,,,,,,,,,,,,,,,,,,,,,,,,,,,,,,,,,,,,,,,,,,,,,,,,,,,,,,,,,,,,,,,,,,,,,,,,,,,,,,,,,,,,,,,,,,,,,,,,,,,,,,,,,,,,,,,,,,,,,,,,,,,,,,,,,,,,,,,,,,,,,,,,,,,,,,,,,,,,,,,,,,,,
Thailand,Multiple situations in Thailand,THA001,THA,Asia,Multiple crises country,Country level,Yes,Aggregated,,,,,,,,,,,,,,,,,,,,,,,,,,,,,,,,,,,,,,,,,,,,,,,,,,,,,,,,,,,,,,,,,,,,,,,,,,,,,,,,,,,,,,,,,,,,,,,,,,,,,,,,,,,,,,,,,,,,,,,,,,,,,,,,,,,,,,,,,,,,,,,,,,,,,,,,,,,,,,,,,,,,,,,,,,,,,,,,,,,,,,,,,,,,,,,,,,,,,,,,,,,,,,,,,,,,,,
Thailand,Conflict in southern Thailand ,THA002,THA,Asia,Conflict,Conflict,No,Individual,,,,,,,,,,,,,,,,,,,,,,,,,,,,,,,,,,,,,,,,,,,,,,,,,,,,,,,,,,,,,,,,,,,,,,,,,,,,,,,,,,,,,,,,,,,,,,,,,,,,,,,,,,,,,,,,,,,,,,,,,,,,,,,,,,,,,,,,,,,,,,,,,,,,,,,,,,,,,,,,,,,,,,,,,,,,,,,,,,,,,,,,,,,,,,,,,,,,,,,,,,,,,,,,,,,,,,
Thailand,Myanmar refugees in Thailand,THA003,THA,Asia,International displacement,Refugees,No,Individual,,,,,,,,,,,,,,,,,,,,,,,,,,,,,,,,,,,,,,,,,,,,,,,,,,,,,,,,,,,,,,,,,,,,,,,,,,,,,,,,,,,,,,,,,,,,,,,,,,,,,,,,,,,,,,,,,,,,,,,,,,,,,,,,,,,,,,,,,,,,,,,,,,,,,,,,,,,,,,,,,,,,,,,,,,,,,,,,,,,,,,,,,,,,,,,,,,,,,,,,,,,,,,,,,,,,,,
Trinidad and Tobago,Venezuelan refugees in Trinidad and Tobago,TTO002,TTO,Americas,International displacement,Venezuelan refugees,Yes,Individual,,,,,,,,,,,,,,,,,,,,,,,,,,,,,,,,,,,,,,,,,,,,,,,,,,,,,,,,,,,,,,,,,,,,,,,,,,,,,,,,,,,,,,,,,,,,,,,,,,,,,,,,,,,,,,,,,,,,,,,,,,,,,,,,,,,,,,,,,,,,,,,,,,,,,,,,,,,,,,,,,,,,,,,,,,,,,,,,,,,,,,,,,,,,,,,,,,,,,,,,,,,,,,,,,,,,,,
Tunisia,Mixed migration flows in Tunisia,TUN002,TUN,Africa,International displacement,Mixed Migration,Yes,Individual,,,,,,,,,,,,,,,,,,,,,,,,,,,,,,,,,,,,,,,,,,,,,,,,,,,,,,,,,,,,,,,,,,,,,,,,,,,,,,,,,,,,,,,,,,,,,,,,,,,,,,,,,,,,,,,,,,,,,,,,,,,,,,,,,,,,,,,,,,,,,,,,,,,,,,,,,,,,,,,,,,,,,,,,,,,,,,,,,,,,,,,,,,,,,,,,,,,,,,,,,,,,,,,,,,,,,,
Turkey,Complex situation in Turkey,TUR001,TUR,Middle east,Multiple crises country,Country level,Yes,Aggregated,,,,,,,,,,,,,,,,,,,,,,,,,,,,,,,,,,,,,,,,,,,,,,,,,,,,,,,,,,,,,,,,,,,,,,,,,,,,,,,,,,,,,,,,,,,,,,,,,,,,,,,,,,,,,,,,,,,,,,,,,,,,,,,,,,,,,,,,,,,,,,,,,,,,,,,,,,,,,,,,,,,,,,,,,,,,,,,,,,,,,,,,,,,,,,,,,,,,,,,,,,,,,,,,,,,,,,
Turkey,Syrian Refugees in Turkey,TUR002,TUR,Middle east,International displacement,Syrian refugees,No,Individual,,,,,,,,,,,,,,,,,,,,,,,,,,,,,,,,,,,,,,,,,,,,,,,,,,,,,,,,,,,,,,,,,,,,,,,,,,,,,,,,,,,,,,,,,,,,,,,,,,,,,,,,,,,,,,,,,,,,,,,,,,,,,,,,,,,,,,,,,,,,,,,,,,,,,,,,,,,,,,,,,,,,,,,,,,,,,,,,,,,,,,,,,,,,,,,,,,,,,,,,,,,,,,,,,,,,,,
Turkey,Mixed Migration Flows in Turkey,TUR003,TUR,Middle east,International displacement,Mixed Migration,No,Individual,,,,,,,,,,,,,,,,,,,,,,,,,,,,,,,,,,,,,,,,,,,,,,,,,,,,,,,,,,,,,,,,,,,,,,,,,,,,,,,,,,,,,,,,,,,,,,,,,,,,,,,,,,,,,,,,,,,,,,,,,,,,,,,,,,,,,,,,,,,,,,,,,,,,,,,,,,,,,,,,,,,,,,,,,,,,,,,,,,,,,,,,,,,,,,,,,,,,,,,,,,,,,,,,,,,,,,
Turkey,Kurdish Conflict,TUR004,TUR,Middle east,Conflict,Kurdish conflict,No,Individual,,,,,Total # of crisis related displaced people,Total # of crisis related displaced people,Total # of crisis related displaced people,Total # of crisis related displaced people,Total # of crisis related displaced people,Total # of crisis related displaced people,Total # of crisis related displaced people,Total # of crisis related displaced people,Total # of crisis related displaced people,Total # of crisis related displaced people,Total # of crisis related displaced people,Total # of crisis related displaced people,Total # of crisis related displaced people,Total # of crisis related displaced people,Total # of crisis related displaced people,Total # of crisis related displaced people,Total # of crisis related displaced people,Total # of crisis related displaced people,Total # of crisis related displaced people,Total # of crisis related displaced people,Total # of crisis related displaced people,Total # of crisis related displaced people,Total # of crisis related displaced people,Total # of crisis related displaced people,Total # of crisis related displaced people,Total # of crisis related displaced people,Total # of crisis related displaced people,Total # of crisis related displaced people,Total # of crisis related displaced people,Total # of crisis related displaced people,Total # of crisis related displaced people,Total # of crisis related displaced people,Total # of crisis related displaced people,Total # of crisis related displaced people,Total # of crisis related displaced people,Total # of crisis related displaced people,Total # of crisis related displaced people,Total # of crisis related displaced people,Total # of crisis related displaced people,Total # of crisis related displaced people,Total # of crisis related displaced people,Total # of crisis related displaced people,Total # of crisis related displaced people,Total # of crisis related displaced people,Total # of crisis related displaced people,Total # of crisis related displaced people,Total # of crisis related displaced people,Total # of crisis related displaced people,Total # of crisis related displaced people,Total # of crisis related displaced people,Total # of crisis related displaced people,Total # of crisis related displaced people,Total # of crisis related displaced people,Total # of crisis related displaced people,Total # of crisis related displaced people,Total # of crisis related displaced people,Total # of crisis related displaced people,Total # of crisis related displaced people,Total # of crisis related displaced people,Total # of crisis related displaced people,Total # of crisis related displaced people,Total # of crisis related displaced people,Total # of crisis related displaced people,Total # of crisis related displaced people,Total # of crisis related displaced people,Total # of crisis related displaced people,Total # of crisis related displaced people,Total # of crisis related displaced people,Total # of crisis related displaced people,Total # of crisis related displaced people,Total # of crisis related displaced people,Total # of crisis related displaced people,Total # of crisis related displaced people,Total # of crisis related displaced people,Total # of crisis related displaced people,Total # of crisis related displaced people,Total # of crisis related displaced people,Total # of crisis related displaced people,Total # of crisis related displaced people,Total # of crisis related displaced people,Total # of crisis related displaced people,Total # of crisis related displaced people,Total # of crisis related displaced people,Total # of crisis related displaced people,Total # of crisis related displaced people,Total # of crisis related displaced people,Total # of crisis related displaced people,Total # of crisis related displaced people,Total # of crisis related displaced people,Total # of crisis related displaced people,Total # of crisis related displaced people,Total # of crisis related displaced people,Total # of crisis related displaced people,Total # of crisis related displaced people,Total # of crisis related displaced people,Total # of crisis related displaced people,Total # of crisis related displaced people,Total # of crisis related displaced people,Total # of crisis related displaced people,Total # of crisis related displaced people,Total # of crisis related displaced people,Total # of crisis related displaced people,Total # of crisis related displaced people,Total # of crisis related displaced people,Total # of crisis related displaced people,Total # of crisis related displaced people,Total # of crisis related displaced people,Total # of crisis related displaced people,Total # of crisis related displaced people,Total # of crisis related displaced people,Total # of crisis related displaced people,Total # of crisis related displaced people,Total # of crisis related displaced people,Total # of crisis related displaced people,Total # of crisis related displaced people,Total # of crisis related displaced people,Total # of crisis related displaced people,Total # of crisis related displaced people,Total # of crisis related displaced people,Total # of crisis related displaced people,Total # of crisis related displaced people,Total # of crisis related displaced people,Total # of crisis related displaced people,Total # of crisis related displaced people,Total # of crisis related displaced people,Total # of crisis related displaced people,Total # of crisis related displaced people,Total # of crisis related displaced people,Total # of crisis related displaced people,Total # of crisis related displaced people,Total # of crisis related displaced people,Total # of crisis related displaced people,Total # of crisis related displaced people,Total # of crisis related displaced people,Total # of crisis related displaced people,Total # of crisis related displaced people,Total # of crisis related displaced people,Total # of crisis related displaced people,Total # of crisis related displaced people,Total # of crisis related displaced people,Total # of crisis related displaced people,Total # of crisis related displaced people,Total # of crisis related displaced people,Total # of crisis related displaced people,Total # of crisis related displaced people,Total # of crisis related displaced people,Total # of crisis related displaced people,Total # of crisis related displaced people,Total # of crisis related displaced people,Total # of crisis related displaced people,Total # of crisis related displaced people,Total # of crisis related displaced people,Total # of crisis related displaced people,Total # of crisis related displaced people,Total # of crisis related displaced people,Total # of crisis related displaced people,Total # of crisis related displaced people,Total # of crisis related displaced people,Total # of crisis related displaced people,Total # of crisis related displaced people,Total # of crisis related displaced people,Total # of crisis related displaced people,Total # of crisis related displaced people,Total # of crisis related displaced people,Total # of crisis related displaced people,Total # of crisis related displaced people,Total # of crisis related displaced people,Total # of crisis related displaced people,Total # of crisis related displaced people,Total # of crisis related displaced people,Total # of crisis related displaced people,Total # of crisis related displaced people,Total # of crisis related displaced people,Total # of crisis related displaced people,Total # of crisis related displaced people,Total # of crisis related displaced people,Total # of crisis related displaced people,Total # of crisis related displaced people,Total # of crisis related displaced people,Total # of crisis related displaced people,Total # of crisis related displaced people,Total # of crisis related displaced people,Total # of crisis related displaced people,Total # of crisis related displaced people,Total # of crisis related displaced people,Total # of crisis related displaced people,Total # of crisis related displaced people,Total # of crisis related displaced people,Total # of crisis related displaced people,Total # of crisis related displaced people,Total # of crisis related displaced people,Total # of crisis related displaced people,Total # of crisis related displaced people,Total # of crisis related displaced people,Total # of crisis related displaced people,Total # of crisis related displaced people,Total # of crisis related displaced people,Total # of crisis related displaced people,Total # of crisis related displaced people,Total # of crisis related displaced people,Total # of crisis related displaced people,Total # of crisis related displaced people,Total # of crisis related displaced people,Total # of crisis related displaced people,Total # of crisis related displaced people,Total # of crisis related displaced people,Total # of crisis related displaced people,Total # of crisis related displaced people,Total # of crisis related displaced people,Total # of crisis related displaced people
"Turkey, Greece",Eastern Mediterranean Route ,REG006,"TUR, GRC",Europe,Regional crisis,Eastern Mediterranean Route ,,Individual,,,,,,,,,,,,,,,,,,,,,,,,,,,,,,,,,,,,,,,,,,,,,,,,,,,,,,,,,,,,,,,,,,,,,,,,,,,,,,,,,,,,,,,,,,,,,,,,,,,,,,,,,,,,,,,,,,,,,,,,,,,,,,,,,,,,,,,,,,,,,,,,,,,,,,,,,,,,,,,,,,,,,,,,,,,,,,,,,,,,,,,,,,,,,,,,,,,,,,,,,,,,,,,,,,,,,,
Uganda,Multiple crises in Uganda,UGA001,UGA,Africa,Multiple crises country,Country level,Yes,Aggregated,,,,,,,,,,,,,,,,,,,,,,,,,,,,,,,,,,,,,,,,,,,,,,,,,,,,,,,,,,,,,,,,,,,,,,,,,,,,,,,,,,,,,,,,,,,,,,,,,,,,,,,,,,,,,,,,,,,,,,,,,,,,,,,,,,,,,,,,,,,,,,,,,,,,,,,,,,,,,,,,,,,,,,,,,,,,,,,,,,,,,,,,,,,,,,,,,,,,,,,,,,,,,,,,,,,,,,
Uganda,International Displacement in Uganda,UGA005,UGA,Africa,International displacement,Refugees,No,Individual,,,,,,,,,,,,,,,,,,,,,,,,,,,,,,,,,,,,,,,,,,,,,,,,,,,,,,,,,,,,,,,,,,,,,,,,,,,,,,,,,,,,,,,,,,,,,,,,,,,,,,,,,,,,,,,,,,,,,,,,,,,,,,,,,,,,,,,,,,,,,,,,,,,,,,,,,,,,,,,,,,,,,,,,,,,,,,,,,,,,,,,,,,,,,,,,,,,,,,,,,,,,,,,,,,,,,,
Uganda,Floods and Landslides in Uganda,UGA006,UGA,Africa,Flood,Floods and Landslides,No,Individual,,,,,,,,,,,,,,,,,,,,,,,,,,,,,,,,,,,,,,,,,,,,,,,,,,,,,,,,,,,,,,,,,,,,,,,,,,,,,,,,,,,,,,,,,,,,,,,,,,,,,,,,,,,,,,,,,,,,,,,,,,,,,,,,,,,,,,,,,,,,,,,,,,,,,,,,,,,,,,,,,,,,,,,,,,,,,,,,,,,,,,,,,,,,,,,,,,,,,,,,,,,,,,,,,,,,,,
Ukraine,Conflict in Ukraine,UKR002,UKR,Europe,Conflict,Conflict,Yes,Individual,,,,,,,,,,,,,,,,,,,,,,,,,,,,,,,,,,,,,,,,,,,,,,,,,,,,,,,,,,,,,,,,,,,,,,,,,,,,,,,,,,,,,,,,,,,,,,,,,,,,,,,,,,,,,,,,,,,,,,,,,,,,,,,,,,,,,,,,,,,,,,,,,,,,,,,,,,,,,,,,,,,,,,,,,,,,,,,,,,,,,,,,,,,,,,,,,,,,,,,,,,,,,,,,,,,,,,
Vanuatu,Cyclone Harold in Vanuatu,VUT002,VUT,Pacific,Tropical cyclone,Cyclone Harold,No,Individual,,,,,,,,,,,,,,,,,,,,,,,,,,,,,,,,,,,,,,,,,,,,,,,,,,,,,,,,,,,,,,,,,,,,,,,,,,,,,,,,,,,,,,,,,,,,,,,,,,,,,,,,,,,,,,,,,,,,,,,,,,,,,,,,,,,,,,,,,,,,,,,,,,,,,,,,,,,,,,,,,,,,,,,,,,,,,,,,,,,,,,,,,,,,,,,,,,,,,,,,,,,,,,,,,,,,,,
Venezuela,Complex crisis in Venezuela,VEN001,VEN,Americas,Complex crisis,Complex crisis,Yes,Individual,,,,,People facing restricted access constraints,People facing restricted access constraints,People facing restricted access constraints,People facing restricted access constraints,People facing restricted access constraints,People facing restricted access constraints,People facing restricted access constraints,People facing restricted access constraints,People facing restricted access constraints,People facing restricted access constraints,People facing restricted access constraints,People facing restricted access constraints,People facing restricted access constraints,People facing restricted access constraints,People facing restricted access constraints,People facing restricted access constraints,People facing restricted access constraints,People facing restricted access constraints,People facing restricted access constraints,People facing restricted access constraints,People facing restricted access constraints,People facing restricted access constraints,People facing restricted access constraints,People facing restricted access constraints,People facing restricted access constraints,People facing restricted access constraints,People facing restricted access constraints,People facing restricted access constraints,People facing restricted access constraints,People facing restricted access constraints,People facing restricted access constraints,People facing restricted access constraints,People facing restricted access constraints,People facing restricted access constraints,People facing restricted access constraints,People facing restricted access constraints,People facing restricted access constraints,People facing restricted access constraints,People facing restricted access constraints,People facing restricted access constraints,People facing restricted access constraints,People facing restricted access constraints,People facing restricted access constraints,People facing restricted access constraints,People facing restricted access constraints,People facing restricted access constraints,People facing restricted access constraints,People facing restricted access constraints,People facing restricted access constraints,People facing restricted access constraints,People facing restricted access constraints,People facing restricted access constraints,People facing restricted access constraints,People facing restricted access constraints,People facing restricted access constraints,People facing restricted access constraints,People facing restricted access constraints,People facing restricted access constraints,People facing restricted access constraints,People facing restricted access constraints,People facing restricted access constraints,People facing restricted access constraints,People facing restricted access constraints,People facing restricted access constraints,People facing restricted access constraints,People facing restricted access constraints,People facing restricted access constraints,People facing restricted access constraints,People facing restricted access constraints,People facing restricted access constraints,People facing restricted access constraints,People facing restricted access constraints,People facing restricted access constraints,People facing restricted access constraints,People facing restricted access constraints,People facing restricted access constraints,People facing restricted access constraints,People facing restricted access constraints,People facing restricted access constraints,People facing restricted access constraints,People facing restricted access constraints,People facing restricted access constraints,People facing restricted access constraints,People facing restricted access constraints,People facing restricted access constraints,People facing restricted access constraints,People facing restricted access constraints,People facing restricted access constraints,People facing restricted access constraints,People facing restricted access constraints,People facing restricted access constraints,People facing restricted access constraints,People facing restricted access constraints,People facing restricted access constraints,People facing restricted access constraints,People facing restricted access constraints,People facing restricted access constraints,People facing restricted access constraints,People facing restricted access constraints,People facing restricted access constraints,People facing restricted access constraints,People facing restricted access constraints,People facing restricted access constraints,People facing restricted access constraints,People facing restricted access constraints,People facing restricted access constraints,People facing restricted access constraints,People facing restricted access constraints,People facing restricted access constraints,People facing restricted access constraints,People facing restricted access constraints,People facing restricted access constraints,People facing restricted access constraints,People facing restricted access constraints,People facing restricted access constraints,People facing restricted access constraints,People facing restricted access constraints,People facing restricted access constraints,People facing restricted access constraints,People facing restricted access constraints,People facing restricted access constraints,People facing restricted access constraints,People facing restricted access constraints,People facing restricted access constraints,People facing restricted access constraints,People facing restricted access constraints,People facing restricted access constraints,People facing restricted access constraints,People facing restricted access constraints,People facing restricted access constraints,People facing restricted access constraints,People facing restricted access constraints,People facing restricted access constraints,People facing restricted access constraints,People facing restricted access constraints,People facing restricted access constraints,People facing restricted access constraints,People facing restricted access constraints,People facing restricted access constraints,People facing restricted access constraints,People facing restricted access constraints,People facing restricted access constraints,People facing restricted access constraints,People facing restricted access constraints,People facing restricted access constraints,People facing restricted access constraints,People facing restricted access constraints,People facing restricted access constraints,People facing restricted access constraints,People facing restricted access constraints,People facing restricted access constraints,People facing restricted access constraints,People facing restricted access constraints,People facing restricted access constraints,People facing restricted access constraints,People facing restricted access constraints,People facing restricted access constraints,People facing restricted access constraints,People facing restricted access constraints,People facing restricted access constraints,People facing restricted access constraints,People facing restricted access constraints,People facing restricted access constraints,People facing restricted access constraints,People facing restricted access constraints,People facing restricted access constraints,People facing restricted access constraints,People facing restricted access constraints,People facing restricted access constraints,People facing restricted access constraints,People facing restricted access constraints,People facing restricted access constraints,People facing restricted access constraints,People facing restricted access constraints,People facing restricted access constraints,People facing restricted access constraints,People facing restricted access constraints,People facing restricted access constraints,People facing restricted access constraints,People facing restricted access constraints,People facing restricted access constraints,People facing restricted access constraints,People facing restricted access constraints,People facing restricted access constraints,People facing restricted access constraints,People facing restricted access constraints,People facing restricted access constraints,People facing restricted access constraints,People facing restricted access constraints,People facing restricted access constraints,People facing restricted access constraints,People facing restricted access constraints,People facing restricted access constraints,People facing restricted access constraints,People facing restricted access constraints,People facing restricted access constraints,People facing restricted access constraints,People facing restricted access constraints,People facing restricted access constraints,People facing restricted access constraints,People facing restricted access constraints,People facing restricted access constraints,People facing restricted access constraints,People facing restricted access constraints,People facing restricted access constraints,People facing restricted access constraints,People facing restricted access constraints,People facing restricted access constraints,People facing restricted access constraints,People facing restricted access constraints
"Venezuela, Brazil, Colombia, Ecuador, Peru, Trinidad and Tobago",Venezuela Regional Crisis,REG002,"VEN, BRA, COL, ECU, PER, TTO",Americas,Regional crisis,Venezuela Regional Crisis,,Individual,,,,,,,,,,,,,,,,,,,,,,,,,,,,,,,,,,,,,,,,,,,,,,,,,,,,,,,,,,,,,,,,,,,,,,,,,,,,,,,,,,,,,,,,,,,,,,,,,,,,,,,,,,,,,,,,,,,,,,,,,,,,,,,,,,,,,,,,,,,,,,,,,,,,,,,,,,,,,,,,,,,,,,,,,,,,,,,,,,,,,,,,,,,,,,,,,,,,,,,,,,,,,,,,,,,,,,
Vietnam,Floods in central Vietnam,VNM002,VNM,Asia,Flood,Floods,Yes,Individual,,,,,,,,,,,,,,,,,,,,,,,,,,,,,,,,,,,,,,,,,,,,,,,,,,,,,,,,,,,,,,,,,,,,,,,,,,,,,,,,,,,,,,,,,,,,,,,,,,,,,,,,,,,,,,,,,,,,,,,,,,,,,,,,,,,,,,,,,,,,,,,,,,,,,,,,,,,,,,,,,,,,,,,,,,,,,,,,,,,,,,,,,,,,,,,,,,,,,,,,,,,,,,,,,,,,,,
Yemen,Conflict in Yemen,YEM001,YEM,Middle east,Complex crisis,Complex crisis,Yes,Individual,,,,,,,,,,,,,,,,,,,,,,,,,,,,,,,,,,,,,,,,,,,,,,,,,,,,,,,,,,,,,,,,,,,,,,,,,,,,,,,,,,,,,,,,,,,,,,,,,,,,,,,,,,,,,,,,,,,,,,,,,,,,,,,,,,,,,,,,,,,,,,,,,,,,,,,,,,,,,,,,,,,,,,,,,,,,,,,,,,,,,,,,,,,,,,,,,,,,,,,,,,,,,,,,,,,,,,
Yemen,Mixed migration flows in Yemen,YEM002,YEM,Middle east,International displacement,Mixed Migration,No,Individual,,,,,,,,,,,,,,,,,,,,,,,,,,,,,,,,,,,,,,,,,,,,,,,,,,,,,,,,,,,,,,,,,,,,,,,,,,,,,,,,,,,,,,,,,,,,,,,,,,,,,,,,,,,,,,,,,,,,,,,,,,,,,,,,,,,,,,,,,,,,,,,,,,,,,,,,,,,,,,,,,,,,,,,,,,,,,,,,,,,,,,,,,,,,,,,,,,,,,,,,,,,,,,,,,,,,,,
Zambia,Drought in Zambia,ZMB002,ZMB,Africa,Drought,Drought,Yes,Individual,,,,,,,,,,,,,,,,,,,,,,,,,,,,,,,,,,,,,,,,,,,,,,,,,,,,,,,,,,,,,,,,,,,,,,,,,,,,,,,,,,,,,,,,,,,,,,,,,,,,,,,,,,,,,,,,,,,,,,,,,,,,,,,,,,,,,,,,,,,,,,,,,,,,,,,,,,,,,,,,,,,,,,,,,,,,,,,,,,,,,,,,,,,,,,,,,,,,,,,,,,,,,,,,,,,,,,
Zimbabwe,Complex crisis in Zimbabwe,ZWE001,ZWE,Africa,Complex crisis,Complex crisis,Yes,Individual,,,,,,,,,,,,,,,,,,,,,,,,,,,,,,,,,,,,,,,,,,,,,,,,,,,,,,,,,,,,,,,,,,,,,,,,,,,,,,,,,,,,,,,,,,,,,,,,,,,,,,,,,,,,,,,,,,,,,,,,,,,,,,,,,,,,,,,,,,,,,,,,,,,,,,,,,,,,,,,,,,,,,,,,,,,,,,,,,,,,,,,,,,,,,,,,,,,,,,,,,,,,,,,,,,,,,,
Zimbabwe,Malaria Outbreak in Zimbabwe,ZWE003,ZWE,Africa,Epidemic,Malaria Epidemic,No,Individual,,,,,Impediments to entry into country (bureaucratic and administrative),Impediments to entry into country (bureaucratic and administrative),Impediments to entry into country (bureaucratic and administrative),Impediments to entry into country (bureaucratic and administrative),Impediments to entry into country (bureaucratic and administrative),Impediments to entry into country (bureaucratic and administrative),Impediments to entry into country (bureaucratic and administrative),Impediments to entry into country (bureaucratic and administrative),Impediments to entry into country (bureaucratic and administrative),Impediments to entry into country (bureaucratic and administrative),Impediments to entry into country (bureaucratic and administrative),Impediments to entry into country (bureaucratic and administrative),Impediments to entry into country (bureaucratic and administrative),Impediments to entry into country (bureaucratic and administrative),Impediments to entry into country (bureaucratic and administrative),Impediments to entry into country (bureaucratic and administrative),Impediments to entry into country (bureaucratic and administrative),Impediments to entry into country (bureaucratic and administrative),Impediments to entry into country (bureaucratic and administrative),Impediments to entry into country (bureaucratic and administrative),Impediments to entry into country (bureaucratic and administrative),Impediments to entry into country (bureaucratic and administrative),Impediments to entry into country (bureaucratic and administrative),Impediments to entry into country (bureaucratic and administrative),Impediments to entry into country (bureaucratic and administrative),Impediments to entry into country (bureaucratic and administrative),Impediments to entry into country (bureaucratic and administrative),Impediments to entry into country (bureaucratic and administrative),Impediments to entry into country (bureaucratic and administrative),Impediments to entry into country (bureaucratic and administrative),Impediments to entry into country (bureaucratic and administrative),Impediments to entry into country (bureaucratic and administrative),Impediments to entry into country (bureaucratic and administrative),Impediments to entry into country (bureaucratic and administrative),Impediments to entry into country (bureaucratic and administrative),Impediments to entry into country (bureaucratic and administrative),Impediments to entry into country (bureaucratic and administrative),Impediments to entry into country (bureaucratic and administrative),Impediments to entry into country (bureaucratic and administrative),Impediments to entry into country (bureaucratic and administrative),Impediments to entry into country (bureaucratic and administrative),Impediments to entry into country (bureaucratic and administrative),Impediments to entry into country (bureaucratic and administrative),Impediments to entry into country (bureaucratic and administrative),Impediments to entry into country (bureaucratic and administrative),Impediments to entry into country (bureaucratic and administrative),Impediments to entry into country (bureaucratic and administrative),Impediments to entry into country (bureaucratic and administrative),Impediments to entry into country (bureaucratic and administrative),Impediments to entry into country (bureaucratic and administrative),Impediments to entry into country (bureaucratic and administrative),Impediments to entry into country (bureaucratic and administrative),Impediments to entry into country (bureaucratic and administrative),Impediments to entry into country (bureaucratic and administrative),Impediments to entry into country (bureaucratic and administrative),Impediments to entry into country (bureaucratic and administrative),Impediments to entry into country (bureaucratic and administrative),Impediments to entry into country (bureaucratic and administrative),Impediments to entry into country (bureaucratic and administrative),Impediments to entry into country (bureaucratic and administrative),Impediments to entry into country (bureaucratic and administrative),Impediments to entry into country (bureaucratic and administrative),Impediments to entry into country (bureaucratic and administrative),Impediments to entry into country (bureaucratic and administrative),Impediments to entry into country (bureaucratic and administrative),Impediments to entry into country (bureaucratic and administrative),Impediments to entry into country (bureaucratic and administrative),Impediments to entry into country (bureaucratic and administrative),Impediments to entry into country (bureaucratic and administrative),Impediments to entry into country (bureaucratic and administrative),Impediments to entry into country (bureaucratic and administrative),Impediments to entry into country (bureaucratic and administrative),Impediments to entry into country (bureaucratic and administrative),Impediments to entry into country (bureaucratic and administrative),Impediments to entry into country (bureaucratic and administrative),Impediments to entry into country (bureaucratic and administrative),Impediments to entry into country (bureaucratic and administrative),Impediments to entry into country (bureaucratic and administrative),Impediments to entry into country (bureaucratic and administrative),Impediments to entry into country (bureaucratic and administrative),Impediments to entry into country (bureaucratic and administrative),Impediments to entry into country (bureaucratic and administrative),Impediments to entry into country (bureaucratic and administrative),Impediments to entry into country (bureaucratic and administrative),Impediments to entry into country (bureaucratic and administrative),Impediments to entry into country (bureaucratic and administrative),Impediments to entry into country (bureaucratic and administrative),Impediments to entry into country (bureaucratic and administrative),Impediments to entry into country (bureaucratic and administrative),Impediments to entry into country (bureaucratic and administrative),Impediments to entry into country (bureaucratic and administrative),Impediments to entry into country (bureaucratic and administrative),Impediments to entry into country (bureaucratic and administrative),Impediments to entry into country (bureaucratic and administrative),Impediments to entry into country (bureaucratic and administrative),Impediments to entry into country (bureaucratic and administrative),Impediments to entry into country (bureaucratic and administrative),Impediments to entry into country (bureaucratic and administrative),Impediments to entry into country (bureaucratic and administrative),Impediments to entry into country (bureaucratic and administrative),Impediments to entry into country (bureaucratic and administrative),Impediments to entry into country (bureaucratic and administrative),Impediments to entry into country (bureaucratic and administrative),Impediments to entry into country (bureaucratic and administrative),Impediments to entry into country (bureaucratic and administrative),Impediments to entry into country (bureaucratic and administrative),Impediments to entry into country (bureaucratic and administrative),Impediments to entry into country (bureaucratic and administrative),Impediments to entry into country (bureaucratic and administrative),Impediments to entry into country (bureaucratic and administrative),Impediments to entry into country (bureaucratic and administrative),Impediments to entry into country (bureaucratic and administrative),Impediments to entry into country (bureaucratic and administrative),Impediments to entry into country (bureaucratic and administrative),Impediments to entry into country (bureaucratic and administrative),Impediments to entry into country (bureaucratic and administrative),Impediments to entry into country (bureaucratic and administrative),Impediments to entry into country (bureaucratic and administrative),Impediments to entry into country (bureaucratic and administrative),Impediments to entry into country (bureaucratic and administrative),Impediments to entry into country (bureaucratic and administrative),Impediments to entry into country (bureaucratic and administrative),Impediments to entry into country (bureaucratic and administrative),Impediments to entry into country (bureaucratic and administrative),Impediments to entry into country (bureaucratic and administrative),Impediments to entry into country (bureaucratic and administrative),Impediments to entry into country (bureaucratic and administrative),Impediments to entry into country (bureaucratic and administrative),Impediments to entry into country (bureaucratic and administrative),Impediments to entry into country (bureaucratic and administrative),Impediments to entry into country (bureaucratic and administrative),Impediments to entry into country (bureaucratic and administrative),Impediments to entry into country (bureaucratic and administrative),Impediments to entry into country (bureaucratic and administrative),Impediments to entry into country (bureaucratic and administrative),Impediments to entry into country (bureaucratic and administrative),Impediments to entry into country (bureaucratic and administrative),Impediments to entry into country (bureaucratic and administrative),Impediments to entry into country (bureaucratic and administrative),Impediments to entry into country (bureaucratic and administrative),Impediments to entry into country (bureaucratic and administrative),Impediments to entry into country (bureaucratic and administrative),Impediments to entry into country (bureaucratic and administrative),Impediments to entry into country (bureaucratic and administrative),Impediments to entry into country (bureaucratic and administrative),Impediments to entry into country (bureaucratic and administrative),Impediments to entry into country (bureaucratic and administrative),Impediments to entry into country (bureaucratic and administrative),Impediments to entry into country (bureaucratic and administrative),Impediments to entry into country (bureaucratic and administrative),Impediments to entry into country (bureaucratic and administrative),Impediments to entry into country (bureaucratic and administrative),Impediments to entry into country (bureaucratic and administrative),Impediments to entry into country (bureaucratic and administrative),Impediments to entry into country (bureaucratic and administrative),Impediments to entry into country (bureaucratic and administrative),Impediments to entry into country (bureaucratic and administrative),Impediments to entry into country (bureaucratic and administrative),Impediments to entry into country (bureaucratic and administrative),Impediments to entry into country (bureaucratic and administrative),Impediments to entry into country (bureaucratic and administrative),Impediments to entry into country (bureaucratic and administrative),Impediments to entry into country (bureaucratic and administrative),Impediments to entry into country (bureaucratic and administrative),Impediments to entry into country (bureaucratic and administrative),Impediments to entry into country (bureaucratic and administrative),Impediments to entry into country (bureaucratic and administrative),Impediments to entry into country (bureaucratic and administrative),Impediments to entry into country (bureaucratic and administrative),Impediments to entry into country (bureaucratic and administrative),Impediments to entry into country (bureaucratic and administrative),Impediments to entry into country (bureaucratic and administrative),Impediments to entry into country (bureaucratic and administrative),Impediments to entry into country (bureaucratic and administrative),Impediments to entry into country (bureaucratic and administrative),Impediments to entry into country (bureaucratic and administrative),Impediments to entry into country (bureaucratic and administrative),Impediments to entry into country (bureaucratic and administrative),Impediments to entry into country (bureaucratic and administrative),Impediments to entry into country (bureaucratic and administrative),Impediments to entry into country (bureaucratic and administrative),Impediments to entry into country (bureaucratic and administrative),Impediments to entry into country (bureaucratic and administrative),Impediments to entry into country (bureaucratic and administrative),Impediments to entry into country (bureaucratic and administrative),Impediments to entry into country (bureaucratic and administrative),Impediments to entry into country (bureaucratic and administrative),Impediments to entry into country (bureaucratic and administrative),Impediments to entry into country (bureaucratic and administrative),Impediments to entry into country (bureaucratic and administrative),Impediments to entry into country (bureaucratic and administrative),Impediments to entry into country (bureaucratic and administrative),Impediments to entry into country (bureaucratic and administrative),Impediments to entry into country (bureaucratic and administrative),Impediments to entry into country (bureaucratic and administrative),Impediments to entry into country (bureaucratic and administrative),Impediments to entry into country (bureaucratic and administrative),Impediments to entry into country (bureaucratic and administrative),Impediments to entry into country (bureaucratic and administrative),Impediments to entry into country (bureaucratic and administrative),Impediments to entry into country (bureaucratic and administrative),Impediments to entry into country (bureaucratic and administrative),Impediments to entry into country (bureaucratic and administrative),Impediments to entry into country (bureaucratic and administrative),Impediments to entry into country (bureaucratic and administrative),Impediments to entry into country (bureaucratic and administrative),Impediments to entry into country (bureaucratic and administrative),Impediments to entry into country (bureaucratic and administrative),Impediments to entry into country (bureaucratic and administrative),Impediments to entry into country (bureaucratic and administrative)
,,,,,,,,,,,,,,,,,,,,,,,,,,,,,,,,,,,,,,,,,,,,,,,,,,,,,,,,,,,,,,,,,,,,,,,,,,,,,,,,,,,,,,,,,,,,,,,,,,,,,,,,,,,,,,,,,,,,,,,,,,,,,,,,,,,,,,,,,,,,,,,,,,,,,,,,,,,,,,,,,,,,,,,,,,,,,,,,,,,,,,,,,,,,,,,,,,,,,,,,,,,,,,,,,,,,,,,,,,,,,,
,,,,,,,,,,,,,,,,,,,,,,,,,,,,,,,,,,,,,,,,,,,,,,,,,,,,,,,,,,,,,,,,,,,,,,,,,,,,,,,,,,,,,,,,,,,,,,,,,,,,,,,,,,,,,,,,,,,,,,,,,,,,,,,,,,,,,,,,,,,,,,,,,,,,,,,,,,,,,,,,,,,,,,,,,,,,,,,,,,,,,,,,,,,,,,,,,,,,,,,,,,,,,,,,,,,,,,,,,,,,,,
,,,,,,,,,,,,,,,,,,,,,,,,,,,,,,,,,,,,,,,,,,,,,,,,,,,,,,,,,,,,,,,,,,,,,,,,,,,,,,,,,,,,,,,,,,,,,,,,,,,,,,,,,,,,,,,,,,,,,,,,,,,,,,,,,,,,,,,,,,,,,,,,,,,,,,,,,,,,,,,,,,,,,,,,,,,,,,,,,,,,,,,,,,,,,,,,,,,,,,,,,,,,,,,,,,,,,,,,,,,,,,
,,,,,,,,,,,,,,,,,,,,,,,,,,,,,,,,,,,,,,,,,,,,,,,,,,,,,,,,,,,,,,,,,,,,,,,,,,,,,,,,,,,,,,,,,,,,,,,,,,,,,,,,,,,,,,,,,,,,,,,,,,,,,,,,,,,,,,,,,,,,,,,,,,,,,,,,,,,,,,,,,,,,,,,,,,,,,,,,,,,,,,,,,,,,,,,,,,,,,,,,,,,,,,,,,,,,,,,,,,,,,,
,,,,,,,,,,,,,,,,,,,,,,,,,,,,,,,,,,,,,,,,,,,,,,,,,,,,,,,,,,,,,,,,,,,,,,,,,,,,,,,,,,,,,,,,,,,,,,,,,,,,,,,,,,,,,,,,,,,,,,,,,,,,,,,,,,,,,,,,,,,,,,,,,,,,,,,,,,,,,,,,,,,,,,,,,,,,,,,,,,,,,,,,,,,,,,,,,,,,,,,,,,,,,,,,,,,,,,,,,,,,,,
,,,,,,,,,,,,,,,,,,,,,,,,,,,,,,,,,,,,,,,,,,,,,,,,,,,,,,,,,,,,,,,,,,,,,,,,,,,,,,,,,,,,,,,,,,,,,,,,,,,,,,,,,,,,,,,,,,,,,,,,,,,,,,,,,,,,,,,,,,,,,,,,,,,,,,,,,,,,,,,,,,,,,,,,,,,,,,,,,,,,,,,,,,,,,,,,,,,,,,,,,,,,,,,,,,,,,,,,,,,,,,
,,,,,,,,,,,,,Restriction of movement (impediments to freedom of movement and/or administrative restrictions),Restriction of movement (impediments to freedom of movement and/or administrative restrictions),Restriction of movement (impediments to freedom of movement and/or administrative restrictions),Restriction of movement (impediments to freedom of movement and/or administrative restrictions),Restriction of movement (impediments to freedom of movement and/or administrative restrictions),Restriction of movement (impediments to freedom of movement and/or administrative restrictions),Restriction of movement (impediments to freedom of movement and/or administrative restrictions),Restriction of movement (impediments to freedom of movement and/or administrative restrictions),Restriction of movement (impediments to freedom of movement and/or administrative restrictions),Restriction of movement (impediments to freedom of movement and/or administrative restrictions),Restriction of movement (impediments to freedom of movement and/or administrative restrictions),Restriction of movement (impediments to freedom of movement and/or administrative restrictions),Restriction of movement (impediments to freedom of movement and/or administrative restrictions),Restriction of movement (impediments to freedom of movement and/or administrative restrictions),Restriction of movement (impediments to freedom of movement and/or administrative restrictions),Restriction of movement (impediments to freedom of movement and/or administrative restrictions),Restriction of movement (impediments to freedom of movement and/or administrative restrictions),Restriction of movement (impediments to freedom of movement and/or administrative restrictions),Restriction of movement (impediments to freedom of movement and/or administrative restrictions),Restriction of movement (impediments to freedom of movement and/or administrative restrictions),Restriction of movement (impediments to freedom of movement and/or administrative restrictions),Restriction of movement (impediments to freedom of movement and/or administrative restrictions),Restriction of movement (impediments to freedom of movement and/or administrative restrictions),Restriction of movement (impediments to freedom of movement and/or administrative restrictions),Restriction of movement (impediments to freedom of movement and/or administrative restrictions),Restriction of movement (impediments to freedom of movement and/or administrative restrictions),Restriction of movement (impediments to freedom of movement and/or administrative restrictions),Restriction of movement (impediments to freedom of movement and/or administrative restrictions),Restriction of movement (impediments to freedom of movement and/or administrative restrictions),Restriction of movement (impediments to freedom of movement and/or administrative restrictions),Restriction of movement (impediments to freedom of movement and/or administrative restrictions),Restriction of movement (impediments to freedom of movement and/or administrative restrictions),Restriction of movement (impediments to freedom of movement and/or administrative restrictions),Restriction of movement (impediments to freedom of movement and/or administrative restrictions),Restriction of movement (impediments to freedom of movement and/or administrative restrictions),Restriction of movement (impediments to freedom of movement and/or administrative restrictions),Restriction of movement (impediments to freedom of movement and/or administrative restrictions),Restriction of movement (impediments to freedom of movement and/or administrative restrictions),Restriction of movement (impediments to freedom of movement and/or administrative restrictions),Restriction of movement (impediments to freedom of movement and/or administrative restrictions),Restriction of movement (impediments to freedom of movement and/or administrative restrictions),Restriction of movement (impediments to freedom of movement and/or administrative restrictions),Restriction of movement (impediments to freedom of movement and/or administrative restrictions),Restriction of movement (impediments to freedom of movement and/or administrative restrictions),Restriction of movement (impediments to freedom of movement and/or administrative restrictions),Restriction of movement (impediments to freedom of movement and/or administrative restrictions),Restriction of movement (impediments to freedom of movement and/or administrative restrictions),Restriction of movement (impediments to freedom of movement and/or administrative restrictions),Restriction of movement (impediments to freedom of movement and/or administrative restrictions),Restriction of movement (impediments to freedom of movement and/or administrative restrictions),Restriction of movement (impediments to freedom of movement and/or administrative restrictions),Restriction of movement (impediments to freedom of movement and/or administrative restrictions),Restriction of movement (impediments to freedom of movement and/or administrative restrictions),Restriction of movement (impediments to freedom of movement and/or administrative restrictions),Restriction of movement (impediments to freedom of movement and/or administrative restrictions),Restriction of movement (impediments to freedom of movement and/or administrative restrictions),Restriction of movement (impediments to freedom of movement and/or administrative restrictions),Restriction of movement (impediments to freedom of movement and/or administrative restrictions),Restriction of movement (impediments to freedom of movement and/or administrative restrictions),Restriction of movement (impediments to freedom of movement and/or administrative restrictions),Restriction of movement (impediments to freedom of movement and/or administrative restrictions),Restriction of movement (impediments to freedom of movement and/or administrative restrictions),Restriction of movement (impediments to freedom of movement and/or administrative restrictions),Restriction of movement (impediments to freedom of movement and/or administrative restrictions),Restriction of movement (impediments to freedom of movement and/or administrative restrictions),Restriction of movement (impediments to freedom of movement and/or administrative restrictions),Restriction of movement (impediments to freedom of movement and/or administrative restrictions),Restriction of movement (impediments to freedom of movement and/or administrative restrictions),Restriction of movement (impediments to freedom of movement and/or administrative restrictions),Restriction of movement (impediments to freedom of movement and/or administrative restrictions),Restriction of movement (impediments to freedom of movement and/or administrative restrictions),Restriction of movement (impediments to freedom of movement and/or administrative restrictions),Restriction of movement (impediments to freedom of movement and/or administrative restrictions),Restriction of movement (impediments to freedom of movement and/or administrative restrictions),Restriction of movement (impediments to freedom of movement and/or administrative restrictions),Restriction of movement (impediments to freedom of movement and/or administrative restrictions),Restriction of movement (impediments to freedom of movement and/or administrative restrictions),Restriction of movement (impediments to freedom of movement and/or administrative restrictions),Restriction of movement (impediments to freedom of movement and/or administrative restrictions),Restriction of movement (impediments to freedom of movement and/or administrative restrictions),Restriction of movement (impediments to freedom of movement and/or administrative restrictions),Restriction of movement (impediments to freedom of movement and/or administrative restrictions),Restriction of movement (impediments to freedom of movement and/or administrative restrictions),Restriction of movement (impediments to freedom of movement and/or administrative restrictions),Restriction of movement (impediments to freedom of movement and/or administrative restrictions),Restriction of movement (impediments to freedom of movement and/or administrative restrictions),Restriction of movement (impediments to freedom of movement and/or administrative restrictions),Restriction of movement (impediments to freedom of movement and/or administrative restrictions),Restriction of movement (impediments to freedom of movement and/or administrative restrictions),Restriction of movement (impediments to freedom of movement and/or administrative restrictions),Restriction of movement (impediments to freedom of movement and/or administrative restrictions),Restriction of movement (impediments to freedom of movement and/or administrative restrictions),Restriction of movement (impediments to freedom of movement and/or administrative restrictions),Restriction of movement (impediments to freedom of movement and/or administrative restrictions),Restriction of movement (impediments to freedom of movement and/or administrative restrictions),Restriction of movement (impediments to freedom of movement and/or administrative restrictions),Restriction of movement (impediments to freedom of movement and/or administrative restrictions),Restriction of movement (impediments to freedom of movement and/or administrative restrictions),Restriction of movement (impediments to freedom of movement and/or administrative restrictions),Restriction of movement (impediments to freedom of movement and/or administrative restrictions),Restriction of movement (impediments to freedom of movement and/or administrative restrictions),Restriction of movement (impediments to freedom of movement and/or administrative restrictions),Restriction of movement (impediments to freedom of movement and/or administrative restrictions),Restriction of movement (impediments to freedom of movement and/or administrative restrictions),Restriction of movement (impediments to freedom of movement and/or administrative restrictions),Restriction of movement (impediments to freedom of movement and/or administrative restrictions),Restriction of movement (impediments to freedom of movement and/or administrative restrictions),Restriction of movement (impediments to freedom of movement and/or administrative restrictions),Restriction of movement (impediments to freedom of movement and/or administrative restrictions),Restriction of movement (impediments to freedom of movement and/or administrative restrictions),Restriction of movement (impediments to freedom of movement and/or administrative restrictions),Restriction of movement (impediments to freedom of movement and/or administrative restrictions),Restriction of movement (impediments to freedom of movement and/or administrative restrictions),Restriction of movement (impediments to freedom of movement and/or administrative restrictions),Restriction of movement (impediments to freedom of movement and/or administrative restrictions),Restriction of movement (impediments to freedom of movement and/or administrative restrictions),Restriction of movement (impediments to freedom of movement and/or administrative restrictions),Restriction of movement (impediments to freedom of movement and/or administrative restrictions),Restriction of movement (impediments to freedom of movement and/or administrative restrictions),Restriction of movement (impediments to freedom of movement and/or administrative restrictions),Restriction of movement (impediments to freedom of movement and/or administrative restrictions),Restriction of movement (impediments to freedom of movement and/or administrative restrictions),Restriction of movement (impediments to freedom of movement and/or administrative restrictions),Restriction of movement (impediments to freedom of movement and/or administrative restrictions),Restriction of movement (impediments to freedom of movement and/or administrative restrictions),Restriction of movement (impediments to freedom of movement and/or administrative restrictions),Restriction of movement (impediments to freedom of movement and/or administrative restrictions),Restriction of movement (impediments to freedom of movement and/or administrative restrictions),Restriction of movement (impediments to freedom of movement and/or administrative restrictions),Restriction of movement (impediments to freedom of movement and/or administrative restrictions),Restriction of movement (impediments to freedom of movement and/or administrative restrictions),Restriction of movement (impediments to freedom of movement and/or administrative restrictions),Restriction of movement (impediments to freedom of movement and/or administrative restrictions),Restriction of movement (impediments to freedom of movement and/or administrative restrictions),Restriction of movement (impediments to freedom of movement and/or administrative restrictions),Restriction of movement (impediments to freedom of movement and/or administrative restrictions),Restriction of movement (impediments to freedom of movement and/or administrative restrictions),Restriction of movement (impediments to freedom of movement and/or administrative restrictions),Restriction of movement (impediments to freedom of movement and/or administrative restrictions),Restriction of movement (impediments to freedom of movement and/or administrative restrictions),Restriction of movement (impediments to freedom of movement and/or administrative restrictions),Restriction of movement (impediments to freedom of movement and/or administrative restrictions),Restriction of movement (impediments to freedom of movement and/or administrative restrictions),Restriction of movement (impediments to freedom of movement and/or administrative restrictions),Restriction of movement (impediments to freedom of movement and/or administrative restrictions),Restriction of movement (impediments to freedom of movement and/or administrative restrictions),Restriction of movement (impediments to freedom of movement and/or administrative restrictions),Restriction of movement (impediments to freedom of movement and/or administrative restrictions),Restriction of movement (impediments to freedom of movement and/or administrative restrictions),Restriction of movement (impediments to freedom of movement and/or administrative restrictions),Restriction of movement (impediments to freedom of movement and/or administrative restrictions),Restriction of movement (impediments to freedom of movement and/or administrative restrictions),Restriction of movement (impediments to freedom of movement and/or administrative restrictions),Restriction of movement (impediments to freedom of movement and/or administrative restrictions),Restriction of movement (impediments to freedom of movement and/or administrative restrictions),Restriction of movement (impediments to freedom of movement and/or administrative restrictions),Restriction of movement (impediments to freedom of movement and/or administrative restrictions),Restriction of movement (impediments to freedom of movement and/or administrative restrictions),Restriction of movement (impediments to freedom of movement and/or administrative restrictions),Restriction of movement (impediments to freedom of movement and/or administrative restrictions),Restriction of movement (impediments to freedom of movement and/or administrative restrictions),Restriction of movement (impediments to freedom of movement and/or administrative restrictions),Restriction of movement (impediments to freedom of movement and/or administrative restrictions),Restriction of movement (impediments to freedom of movement and/or administrative restrictions),Restriction of movement (impediments to freedom of movement and/or administrative restrictions),Restriction of movement (impediments to freedom of movement and/or administrative restrictions),Restriction of movement (impediments to freedom of movement and/or administrative restrictions),Restriction of movement (impediments to freedom of movement and/or administrative restrictions),Restriction of movement (impediments to freedom of movement and/or administrative restrictions),Restriction of movement (impediments to freedom of movement and/or administrative restrictions),Restriction of movement (impediments to freedom of movement and/or administrative restrictions),Restriction of movement (impediments to freedom of movement and/or administrative restrictions),Restriction of movement (impediments to freedom of movement and/or administrative restrictions),Restriction of movement (impediments to freedom of movement and/or administrative restrictions),Restriction of movement (impediments to freedom of movement and/or administrative restrictions),Restriction of movement (impediments to freedom of movement and/or administrative restrictions),Restriction of movement (impediments to freedom of movement and/or administrative restrictions),Restriction of movement (impediments to freedom of movement and/or administrative restrictions),Restriction of movement (impediments to freedom of movement and/or administrative restrictions),Restriction of movement (impediments to freedom of movement and/or administrative restrictions),Restriction of movement (impediments to freedom of movement and/or administrative restrictions),Restriction of movement (impediments to freedom of movement and/or administrative restrictions),Restriction of movement (impediments to freedom of movement and/or administrative restrictions),Restriction of movement (impediments to freedom of movement and/or administrative restrictions),Restriction of movement (impediments to freedom of movement and/or administrative restrictions),Restriction of movement (impediments to freedom of movement and/or administrative restrictions),Restriction of movement (impediments to freedom of movement and/or administrative restrictions),Restriction of movement (impediments to freedom of movement and/or administrative restrictions),Restriction of movement (impediments to freedom of movement and/or administrative restrictions),Restriction of movement (impediments to freedom of movement and/or administrative restrictions),Restriction of movement (impediments to freedom of movement and/or administrative restrictions),Restriction of movement (impediments to freedom of movement and/or administrative restrictions),Restriction of movement (impediments to freedom of movement and/or administrative restrictions),Restriction of movement (impediments to freedom of movement and/or administrative restrictions),Restriction of movement (impediments to freedom of movement and/or administrative restrictions),Restriction of movement (impediments to freedom of movement and/or administrative restrictions),Restriction of movement (impediments to freedom of movement and/or administrative restrictions),Restriction of movement (impediments to freedom of movement and/or administrative restrictions),Restriction of movement (impediments to freedom of movement and/or administrative restrictions),Restriction of movement (impediments to freedom of movement and/or administrative restrictions),Restriction of movement (impediments to freedom of movement and/or administrative restrictions),Restriction of movement (impediments to freedom of movement and/or administrative restrictions),Restriction of movement (impediments to freedom of movement and/or administrative restrictions),Restriction of movement (impediments to freedom of movement and/or administrative restrictions),Restriction of movement (impediments to freedom of movement and/or administrative restrictions),Restriction of movement (impediments to freedom of movement and/or administrative restrictions),Restriction of movement (impediments to freedom of movement and/or administrative restrictions),Restriction of movement (impediments to freedom of movement and/or administrative restrictions),Restriction of movement (impediments to freedom of movement and/or administrative restrictions),Restriction of movement (impediments to freedom of movement and/or administrative restrictions)
,,,,,,,,,,,,,,,,,,,,,,,,,,,,,,,,,,,,,,,,,,,,,,,,,,,,,,,,,,,,,,,,,,,,,,,,,,,,,,,,,,,,,,,,,,,,,,,,,,,,,,,,,,,,,,,,,,,,,,,,,,,,,,,,,,,,,,,,,,,,,,,,,,,,,,,,,,,,,,,,,,,,,,,,,,,,,,,,,,,,,,,,,,,,,,,,,,,,,,,,,,,,,,,,,,,,,,,,,,,,,,
,,,,,,,,,,,,,,,,,,,,,,,,,,,,,,,,,,,,,,,,,,,,,,,,,,,,,,,,,,,,,,,,,,,,,,,,,,,,,,,,,,,,,,,,,,,,,,,,,,,,,,,,,,,,,,,,,,,,,,,,,,,,,,,,,,,,,,,,,,,,,,,,,,,,,,,,,,,,,,,,,,,,,,,,,,,,,,,,,,,,,,,,,,,,,,,,,,,,,,,,,,,,,,,,,,,,,,,,,,,,,,
,,,,,,,,,,,,,,,,,,,,,,,,,,,,,,,,,,,,,,,,,,,,,,,,,,,,,,,,,,,,,,,,,,,,,,,,,,,,,,,,,,,,,,,,,,,,,,,,,,,,,,,,,,,,,,,,,,,,,,,,,,,,,,,,,,,,,,,,,,,,,,,,,,,,,,,,,,,,,,,,,,,,,,,,,,,,,,,,,,,,,,,,,,,,,,,,,,,,,,,,,,,,,,,,,,,,,,,,,,,,,,
,,,,,,,,,,,,,,,,,,,,,,,,,,,,,,,,,,,,,,,,,,,,,,,,,,,,,,,,,,,,,,,,,,,,,,,,,,,,,,,,,,,,,,,,,,,,,,,,,,,,,,,,,,,,,,,,,,,,,,,,,,,,,,,,,,,,,,,,,,,,,,,,,,,,,,,,,,,,,,,,,,,,,,,,,,,,,,,,,,,,,,,,,,,,,,,,,,,,,,,,,,,,,,,,,,,,,,,,,,,,,,
,,,,,,,,,,,,,,,,,,,,,,,,,,,,,,,,,,,,,,,,,,,,,,,,,,,,,,,,,,,,,,,,,,,,,,,,,,,,,,,,,,,,,,,,,,,,,,,,,,,,,,,,,,,,,,,,,,,,,,,,,,,,,,,,,,,,,,,,,,,,,,,,,,,,,,,,,,,,,,,,,,,,,,,,,,,,,,,,,,,,,,,,,,,,,,,,,,,,,,,,,,,,,,,,,,,,,,,,,,,,,,
,,,,,,,,,,,,,,,,,,,,,,,,,,,,,,,,,,,,,,,,,,,,,,,,,,,,,,,,,,,,,,,,,,,,,,,,,,,,,,,,,,,,,,,,,,,,,,,,,,,,,,,,,,,,,,,,,,,,,,,,,,,,,,,,,,,,,,,,,,,,,,,,,,,,,,,,,,,,,,,,,,,,,,,,,,,,,,,,,,,,,,,,,,,,,,,,,,,,,,,,,,,,,,,,,,,,,,,,,,,,,,
,,,,,,,,,,,,,Interference into implementation of humanitarian activities,Interference into implementation of humanitarian activities,Interference into implementation of humanitarian activities,Interference into implementation of humanitarian activities,Interference into implementation of humanitarian activities,Interference into implementation of humanitarian activities,Interference into implementation of humanitarian activities,Interference into implementation of humanitarian activities,Interference into implementation of humanitarian activities,Interference into implementation of humanitarian activities,Interference into implementation of humanitarian activities,Interference into implementation of humanitarian activities,Interference into implementation of humanitarian activities,Interference into implementation of humanitarian activities,Interference into implementation of humanitarian activities,Interference into implementation of humanitarian activities,Interference into implementation of humanitarian activities,Interference into implementation of humanitarian activities,Interference into implementation of humanitarian activities,Interference into implementation of humanitarian activities,Interference into implementation of humanitarian activities,Interference into implementation of humanitarian activities,Interference into implementation of humanitarian activities,Interference into implementation of humanitarian activities,Interference into implementation of humanitarian activities,Interference into implementation of humanitarian activities,Interference into implementation of humanitarian activities,Interference into implementation of humanitarian activities,Interference into implementation of humanitarian activities,Interference into implementation of humanitarian activities,Interference into implementation of humanitarian activities,Interference into implementation of humanitarian activities,Interference into implementation of humanitarian activities,Interference into implementation of humanitarian activities,Interference into implementation of humanitarian activities,Interference into implementation of humanitarian activities,Interference into implementation of humanitarian activities,Interference into implementation of humanitarian activities,Interference into implementation of humanitarian activities,Interference into implementation of humanitarian activities,Interference into implementation of humanitarian activities,Interference into implementation of humanitarian activities,Interference into implementation of humanitarian activities,Interference into implementation of humanitarian activities,Interference into implementation of humanitarian activities,Interference into implementation of humanitarian activities,Interference into implementation of humanitarian activities,Interference into implementation of humanitarian activities,Interference into implementation of humanitarian activities,Interference into implementation of humanitarian activities,Interference into implementation of humanitarian activities,Interference into implementation of humanitarian activities,Interference into implementation of humanitarian activities,Interference into implementation of humanitarian activities,Interference into implementation of humanitarian activities,Interference into implementation of humanitarian activities,Interference into implementation of humanitarian activities,Interference into implementation of humanitarian activities,Interference into implementation of humanitarian activities,Interference into implementation of humanitarian activities,Interference into implementation of humanitarian activities,Interference into implementation of humanitarian activities,Interference into implementation of humanitarian activities,Interference into implementation of humanitarian activities,Interference into implementation of humanitarian activities,Interference into implementation of humanitarian activities,Interference into implementation of humanitarian activities,Interference into implementation of humanitarian activities,Interference into implementation of humanitarian activities,Interference into implementation of humanitarian activities,Interference into implementation of humanitarian activities,Interference into implementation of humanitarian activities,Interference into implementation of humanitarian activities,Interference into implementation of humanitarian activities,Interference into implementation of humanitarian activities,Interference into implementation of humanitarian activities,Interference into implementation of humanitarian activities,Interference into implementation of humanitarian activities,Interference into implementation of humanitarian activities,Interference into implementation of humanitarian activities,Interference into implementation of humanitarian activities,Interference into implementation of humanitarian activities,Interference into implementation of humanitarian activities,Interference into implementation of humanitarian activities,Interference into implementation of humanitarian activities,Interference into implementation of humanitarian activities,Interference into implementation of humanitarian activities,Interference into implementation of humanitarian activities,Interference into implementation of humanitarian activities,Interference into implementation of humanitarian activities,Interference into implementation of humanitarian activities,Interference into implementation of humanitarian activities,Interference into implementation of humanitarian activities,Interference into implementation of humanitarian activities,Interference into implementation of humanitarian activities,Interference into implementation of humanitarian activities,Interference into implementation of humanitarian activities,Interference into implementation of humanitarian activities,Interference into implementation of humanitarian activities,Interference into implementation of humanitarian activities,Interference into implementation of humanitarian activities,Interference into implementation of humanitarian activities,Interference into implementation of humanitarian activities,Interference into implementation of humanitarian activities,Interference into implementation of humanitarian activities,Interference into implementation of humanitarian activities,Interference into implementation of humanitarian activities,Interference into implementation of humanitarian activities,Interference into implementation of humanitarian activities,Interference into implementation of humanitarian activities,Interference into implementation of humanitarian activities,Interference into implementation of humanitarian activities,Interference into implementation of humanitarian activities,Interference into implementation of humanitarian activities,Interference into implementation of humanitarian activities,Interference into implementation of humanitarian activities,Interference into implementation of humanitarian activities,Interference into implementation of humanitarian activities,Interference into implementation of humanitarian activities,Interference into implementation of humanitarian activities,Interference into implementation of humanitarian activities,Interference into implementation of humanitarian activities,Interference into implementation of humanitarian activities,Interference into implementation of humanitarian activities,Interference into implementation of humanitarian activities,Interference into implementation of humanitarian activities,Interference into implementation of humanitarian activities,Interference into implementation of humanitarian activities,Interference into implementation of humanitarian activities,Interference into implementation of humanitarian activities,Interference into implementation of humanitarian activities,Interference into implementation of humanitarian activities,Interference into implementation of humanitarian activities,Interference into implementation of humanitarian activities,Interference into implementation of humanitarian activities,Interference into implementation of humanitarian activities,Interference into implementation of humanitarian activities,Interference into implementation of humanitarian activities,Interference into implementation of humanitarian activities,Interference into implementation of humanitarian activities,Interference into implementation of humanitarian activities,Interference into implementation of humanitarian activities,Interference into implementation of humanitarian activities,Interference into implementation of humanitarian activities,Interference into implementation of humanitarian activities,Interference into implementation of humanitarian activities,Interference into implementation of humanitarian activities,Interference into implementation of humanitarian activities,Interference into implementation of humanitarian activities,Interference into implementation of humanitarian activities,Interference into implementation of humanitarian activities,Interference into implementation of humanitarian activities,Interference into implementation of humanitarian activities,Interference into implementation of humanitarian activities,Interference into implementation of humanitarian activities,Interference into implementation of humanitarian activities,Interference into implementation of humanitarian activities,Interference into implementation of humanitarian activities,Interference into implementation of humanitarian activities,Interference into implementation of humanitarian activities,Interference into implementation of humanitarian activities,Interference into implementation of humanitarian activities,Interference into implementation of humanitarian activities,Interference into implementation of humanitarian activities,Interference into implementation of humanitarian activities,Interference into implementation of humanitarian activities,Interference into implementation of humanitarian activities,Interference into implementation of humanitarian activities,Interference into implementation of humanitarian activities,Interference into implementation of humanitarian activities,Interference into implementation of humanitarian activities,Interference into implementation of humanitarian activities,Interference into implementation of humanitarian activities,Interference into implementation of humanitarian activities,Interference into implementation of humanitarian activities,Interference into implementation of humanitarian activities,Interference into implementation of humanitarian activities,Interference into implementation of humanitarian activities,Interference into implementation of humanitarian activities,Interference into implementation of humanitarian activities,Interference into implementation of humanitarian activities,Interference into implementation of humanitarian activities,Interference into implementation of humanitarian activities,Interference into implementation of humanitarian activities,Interference into implementation of humanitarian activities,Interference into implementation of humanitarian activities,Interference into implementation of humanitarian activities,Interference into implementation of humanitarian activities,Interference into implementation of humanitarian activities,Interference into implementation of humanitarian activities,Interference into implementation of humanitarian activities,Interference into implementation of humanitarian activities,Interference into implementation of humanitarian activities,Interference into implementation of humanitarian activities,Interference into implementation of humanitarian activities,Interference into implementation of humanitarian activities,Interference into implementation of humanitarian activities,Interference into implementation of humanitarian activities,Interference into implementation of humanitarian activities,Interference into implementation of humanitarian activities,Interference into implementation of humanitarian activities,Interference into implementation of humanitarian activities,Interference into implementation of humanitarian activities,Interference into implementation of humanitarian activities,Interference into implementation of humanitarian activities,Interference into implementation of humanitarian activities,Interference into implementation of humanitarian activities,Interference into implementation of humanitarian activities,Interference into implementation of humanitarian activities,Interference into implementation of humanitarian activities
,,,,,,,,,,,,,,,,,,,,,,,,,,,,,,,,,,,,,,,,,,,,,,,,,,,,,,,,,,,,,,,,,,,,,,,,,,,,,,,,,,,,,,,,,,,,,,,,,,,,,,,,,,,,,,,,,,,,,,,,,,,,,,,,,,,,,,,,,,,,,,,,,,,,,,,,,,,,,,,,,,,,,,,,,,,,,,,,,,,,,,,,,,,,,,,,,,,,,,,,,,,,,,,,,,,,,,,,,,,,,,
,,,,,,,,,,,,,,,,,,,,,,,,,,,,,,,,,,,,,,,,,,,,,,,,,,,,,,,,,,,,,,,,,,,,,,,,,,,,,,,,,,,,,,,,,,,,,,,,,,,,,,,,,,,,,,,,,,,,,,,,,,,,,,,,,,,,,,,,,,,,,,,,,,,,,,,,,,,,,,,,,,,,,,,,,,,,,,,,,,,,,,,,,,,,,,,,,,,,,,,,,,,,,,,,,,,,,,,,,,,,,,
,,,,,,,,,,,,,,,,,,,,,,,,,,,,,,,,,,,,,,,,,,,,,,,,,,,,,,,,,,,,,,,,,,,,,,,,,,,,,,,,,,,,,,,,,,,,,,,,,,,,,,,,,,,,,,,,,,,,,,,,,,,,,,,,,,,,,,,,,,,,,,,,,,,,,,,,,,,,,,,,,,,,,,,,,,,,,,,,,,,,,,,,,,,,,,,,,,,,,,,,,,,,,,,,,,,,,,,,,,,,,,
,,,,,,,,,,,,,,,,,,,,,,,,,,,,,,,,,,,,,,,,,,,,,,,,,,,,,,,,,,,,,,,,,,,,,,,,,,,,,,,,,,,,,,,,,,,,,,,,,,,,,,,,,,,,,,,,,,,,,,,,,,,,,,,,,,,,,,,,,,,,,,,,,,,,,,,,,,,,,,,,,,,,,,,,,,,,,,,,,,,,,,,,,,,,,,,,,,,,,,,,,,,,,,,,,,,,,,,,,,,,,,
,,,,,,,,,,,,,,,,,,,,,,,,,,,,,,,,,,,,,,,,,,,,,,,,,,,,,,,,,,,,,,,,,,,,,,,,,,,,,,,,,,,,,,,,,,,,,,,,,,,,,,,,,,,,,,,,,,,,,,,,,,,,,,,,,,,,,,,,,,,,,,,,,,,,,,,,,,,,,,,,,,,,,,,,,,,,,,,,,,,,,,,,,,,,,,,,,,,,,,,,,,,,,,,,,,,,,,,,,,,,,,
,,,,,,,,,,,,,,,,,,,,,,,,,,,,,,,,,,,,,,,,,,,,,,,,,,,,,,,,,,,,,,,,,,,,,,,,,,,,,,,,,,,,,,,,,,,,,,,,,,,,,,,,,,,,,,,,,,,,,,,,,,,,,,,,,,,,,,,,,,,,,,,,,,,,,,,,,,,,,,,,,,,,,,,,,,,,,,,,,,,,,,,,,,,,,,,,,,,,,,,,,,,,,,,,,,,,,,,,,,,,,,
,,,,,,,,,,,,,"Violence against personnel, facilities and assets","Violence against personnel, facilities and assets","Violence against personnel, facilities and assets","Violence against personnel, facilities and assets","Violence against personnel, facilities and assets","Violence against personnel, facilities and assets","Violence against personnel, facilities and assets","Violence against personnel, facilities and assets","Violence against personnel, facilities and assets","Violence against personnel, facilities and assets","Violence against personnel, facilities and assets","Violence against personnel, facilities and assets","Violence against personnel, facilities and assets","Violence against personnel, facilities and assets","Violence against personnel, facilities and assets","Violence against personnel, facilities and assets","Violence against personnel, facilities and assets","Violence against personnel, facilities and assets","Violence against personnel, facilities and assets","Violence against personnel, facilities and assets","Violence against personnel, facilities and assets","Violence against personnel, facilities and assets","Violence against personnel, facilities and assets","Violence against personnel, facilities and assets","Violence against personnel, facilities and assets","Violence against personnel, facilities and assets","Violence against personnel, facilities and assets","Violence against personnel, facilities and assets","Violence against personnel, facilities and assets","Violence against personnel, facilities and assets","Violence against personnel, facilities and assets","Violence against personnel, facilities and assets","Violence against personnel, facilities and assets","Violence against personnel, facilities and assets","Violence against personnel, facilities and assets","Violence against personnel, facilities and assets","Violence against personnel, facilities and assets","Violence against personnel, facilities and assets","Violence against personnel, facilities and assets","Violence against personnel, facilities and assets","Violence against personnel, facilities and assets","Violence against personnel, facilities and assets","Violence against personnel, facilities and assets","Violence against personnel, facilities and assets","Violence against personnel, facilities and assets","Violence against personnel, facilities and assets","Violence against personnel, facilities and assets","Violence against personnel, facilities and assets","Violence against personnel, facilities and assets","Violence against personnel, facilities and assets","Violence against personnel, facilities and assets","Violence against personnel, facilities and assets","Violence against personnel, facilities and assets","Violence against personnel, facilities and assets","Violence against personnel, facilities and assets","Violence against personnel, facilities and assets","Violence against personnel, facilities and assets","Violence against personnel, facilities and assets","Violence against personnel, facilities and assets","Violence against personnel, facilities and assets","Violence against personnel, facilities and assets","Violence against personnel, facilities and assets","Violence against personnel, facilities and assets","Violence against personnel, facilities and assets","Violence against personnel, facilities and assets","Violence against personnel, facilities and assets","Violence against personnel, facilities and assets","Violence against personnel, facilities and assets","Violence against personnel, facilities and assets","Violence against personnel, facilities and assets","Violence against personnel, facilities and assets","Violence against personnel, facilities and assets","Violence against personnel, facilities and assets","Violence against personnel, facilities and assets","Violence against personnel, facilities and assets","Violence against personnel, facilities and assets","Violence against personnel, facilities and assets","Violence against personnel, facilities and assets","Violence against personnel, facilities and assets","Violence against personnel, facilities and assets","Violence against personnel, facilities and assets","Violence against personnel, facilities and assets","Violence against personnel, facilities and assets","Violence against personnel, facilities and assets","Violence against personnel, facilities and assets","Violence against personnel, facilities and assets","Violence against personnel, facilities and assets","Violence against personnel, facilities and assets","Violence against personnel, facilities and assets","Violence against personnel, facilities and assets","Violence against personnel, facilities and assets","Violence against personnel, facilities and assets","Violence against personnel, facilities and assets","Violence against personnel, facilities and assets","Violence against personnel, facilities and assets","Violence against personnel, facilities and assets","Violence against personnel, facilities and assets","Violence against personnel, facilities and assets","Violence against personnel, facilities and assets","Violence against personnel, facilities and assets","Violence against personnel, facilities and assets","Violence against personnel, facilities and assets","Violence against personnel, facilities and assets","Violence against personnel, facilities and assets","Violence against personnel, facilities and assets","Violence against personnel, facilities and assets","Violence against personnel, facilities and assets","Violence against personnel, facilities and assets","Violence against personnel, facilities and assets","Violence against personnel, facilities and assets","Violence against personnel, facilities and assets","Violence against personnel, facilities and assets","Violence against personnel, facilities and assets","Violence against personnel, facilities and assets","Violence against personnel, facilities and assets","Violence against personnel, facilities and assets","Violence against personnel, facilities and assets","Violence against personnel, facilities and assets","Violence against personnel, facilities and assets","Violence against personnel, facilities and assets","Violence against personnel, facilities and assets","Violence against personnel, facilities and assets","Violence against personnel, facilities and assets","Violence against personnel, facilities and assets","Violence against personnel, facilities and assets","Violence against personnel, facilities and assets","Violence against personnel, facilities and assets","Violence against personnel, facilities and assets","Violence against personnel, facilities and assets","Violence against personnel, facilities and assets","Violence against personnel, facilities and assets","Violence against personnel, facilities and assets","Violence against personnel, facilities and assets","Violence against personnel, facilities and assets","Violence against personnel, facilities and assets","Violence against personnel, facilities and assets","Violence against personnel, facilities and assets","Violence against personnel, facilities and assets","Violence against personnel, facilities and assets","Violence against personnel, facilities and assets","Violence against personnel, facilities and assets","Violence against personnel, facilities and assets","Violence against personnel, facilities and assets","Violence against personnel, facilities and assets","Violence against personnel, facilities and assets","Violence against personnel, facilities and assets","Violence against personnel, facilities and assets","Violence against personnel, facilities and assets","Violence against personnel, facilities and assets","Violence against personnel, facilities and assets","Violence against personnel, facilities and assets","Violence against personnel, facilities and assets","Violence against personnel, facilities and assets","Violence against personnel, facilities and assets","Violence against personnel, facilities and assets","Violence against personnel, facilities and assets","Violence against personnel, facilities and assets","Violence against personnel, facilities and assets","Violence against personnel, facilities and assets","Violence against personnel, facilities and assets","Violence against personnel, facilities and assets","Violence against personnel, facilities and assets","Violence against personnel, facilities and assets","Violence against personnel, facilities and assets","Violence against personnel, facilities and assets","Violence against personnel, facilities and assets","Violence against personnel, facilities and assets","Violence against personnel, facilities and assets","Violence against personnel, facilities and assets","Violence against personnel, facilities and assets","Violence against personnel, facilities and assets","Violence against personnel, facilities and assets","Violence against personnel, facilities and assets","Violence against personnel, facilities and assets","Violence against personnel, facilities and assets","Violence against personnel, facilities and assets","Violence against personnel, facilities and assets","Violence against personnel, facilities and assets","Violence against personnel, facilities and assets","Violence against personnel, facilities and assets","Violence against personnel, facilities and assets","Violence against personnel, facilities and assets","Violence against personnel, facilities and assets","Violence against personnel, facilities and assets","Violence against personnel, facilities and assets","Violence against personnel, facilities and assets","Violence against personnel, facilities and assets","Violence against personnel, facilities and assets","Violence against personnel, facilities and assets","Violence against personnel, facilities and assets","Violence against personnel, facilities and assets","Violence against personnel, facilities and assets","Violence against personnel, facilities and assets","Violence against personnel, facilities and assets","Violence against personnel, facilities and assets","Violence against personnel, facilities and assets","Violence against personnel, facilities and assets","Violence against personnel, facilities and assets","Violence against personnel, facilities and assets","Violence against personnel, facilities and assets","Violence against personnel, facilities and assets","Violence against personnel, facilities and assets","Violence against personnel, facilities and assets","Violence against personnel, facilities and assets","Violence against personnel, facilities and assets","Violence against personnel, facilities and assets","Violence against personnel, facilities and assets","Violence against personnel, facilities and assets","Violence against personnel, facilities and assets","Violence against personnel, facilities and assets"
,,,,,,,,,,,,,,,,,,,,,,,,,,,,,,,,,,,,,,,,,,,,,,,,,,,,,,,,,,,,,,,,,,,,,,,,,,,,,,,,,,,,,,,,,,,,,,,,,,,,,,,,,,,,,,,,,,,,,,,,,,,,,,,,,,,,,,,,,,,,,,,,,,,,,,,,,,,,,,,,,,,,,,,,,,,,,,,,,,,,,,,,,,,,,,,,,,,,,,,,,,,,,,,,,,,,,,,,,,,,,,
,,,,,,,,,,,,,,,,,,,,,,,,,,,,,,,,,,,,,,,,,,,,,,,,,,,,,,,,,,,,,,,,,,,,,,,,,,,,,,,,,,,,,,,,,,,,,,,,,,,,,,,,,,,,,,,,,,,,,,,,,,,,,,,,,,,,,,,,,,,,,,,,,,,,,,,,,,,,,,,,,,,,,,,,,,,,,,,,,,,,,,,,,,,,,,,,,,,,,,,,,,,,,,,,,,,,,,,,,,,,,,
,,,,,,,,,,,,,,,,,,,,,,,,,,,,,,,,,,,,,,,,,,,,,,,,,,,,,,,,,,,,,,,,,,,,,,,,,,,,,,,,,,,,,,,,,,,,,,,,,,,,,,,,,,,,,,,,,,,,,,,,,,,,,,,,,,,,,,,,,,,,,,,,,,,,,,,,,,,,,,,,,,,,,,,,,,,,,,,,,,,,,,,,,,,,,,,,,,,,,,,,,,,,,,,,,,,,,,,,,,,,,,
,,,,,,,,,,,,,,,,,,,,,,,,,,,,,,,,,,,,,,,,,,,,,,,,,,,,,,,,,,,,,,,,,,,,,,,,,,,,,,,,,,,,,,,,,,,,,,,,,,,,,,,,,,,,,,,,,,,,,,,,,,,,,,,,,,,,,,,,,,,,,,,,,,,,,,,,,,,,,,,,,,,,,,,,,,,,,,,,,,,,,,,,,,,,,,,,,,,,,,,,,,,,,,,,,,,,,,,,,,,,,,
,,,,,,,,,,,,,,,,,,,,,,,,,,,,,,,,,,,,,,,,,,,,,,,,,,,,,,,,,,,,,,,,,,,,,,,,,,,,,,,,,,,,,,,,,,,,,,,,,,,,,,,,,,,,,,,,,,,,,,,,,,,,,,,,,,,,,,,,,,,,,,,,,,,,,,,,,,,,,,,,,,,,,,,,,,,,,,,,,,,,,,,,,,,,,,,,,,,,,,,,,,,,,,,,,,,,,,,,,,,,,,
,,,,,,,,,,,,,,,,,,,,,,,,,,,,,,,,,,,,,,,,,,,,,,,,,,,,,,,,,,,,,,,,,,,,,,,,,,,,,,,,,,,,,,,,,,,,,,,,,,,,,,,,,,,,,,,,,,,,,,,,,,,,,,,,,,,,,,,,,,,,,,,,,,,,,,,,,,,,,,,,,,,,,,,,,,,,,,,,,,,,,,,,,,,,,,,,,,,,,,,,,,,,,,,,,,,,,,,,,,,,,,
,,,,,,,,,,,,,Denial of existence of humanitarian needs or entitlements to assistance,Denial of existence of humanitarian needs or entitlements to assistance,Denial of existence of humanitarian needs or entitlements to assistance,Denial of existence of humanitarian needs or entitlements to assistance,Denial of existence of humanitarian needs or entitlements to assistance,Denial of existence of humanitarian needs or entitlements to assistance,Denial of existence of humanitarian needs or entitlements to assistance,Denial of existence of humanitarian needs or entitlements to assistance,Denial of existence of humanitarian needs or entitlements to assistance,Denial of existence of humanitarian needs or entitlements to assistance,Denial of existence of humanitarian needs or entitlements to assistance,Denial of existence of humanitarian needs or entitlements to assistance,Denial of existence of humanitarian needs or entitlements to assistance,Denial of existence of humanitarian needs or entitlements to assistance,Denial of existence of humanitarian needs or entitlements to assistance,Denial of existence of humanitarian needs or entitlements to assistance,Denial of existence of humanitarian needs or entitlements to assistance,Denial of existence of humanitarian needs or entitlements to assistance,Denial of existence of humanitarian needs or entitlements to assistance,Denial of existence of humanitarian needs or entitlements to assistance,Denial of existence of humanitarian needs or entitlements to assistance,Denial of existence of humanitarian needs or entitlements to assistance,Denial of existence of humanitarian needs or entitlements to assistance,Denial of existence of humanitarian needs or entitlements to assistance,Denial of existence of humanitarian needs or entitlements to assistance,Denial of existence of humanitarian needs or entitlements to assistance,Denial of existence of humanitarian needs or entitlements to assistance,Denial of existence of humanitarian needs or entitlements to assistance,Denial of existence of humanitarian needs or entitlements to assistance,Denial of existence of humanitarian needs or entitlements to assistance,Denial of existence of humanitarian needs or entitlements to assistance,Denial of existence of humanitarian needs or entitlements to assistance,Denial of existence of humanitarian needs or entitlements to assistance,Denial of existence of humanitarian needs or entitlements to assistance,Denial of existence of humanitarian needs or entitlements to assistance,Denial of existence of humanitarian needs or entitlements to assistance,Denial of existence of humanitarian needs or entitlements to assistance,Denial of existence of humanitarian needs or entitlements to assistance,Denial of existence of humanitarian needs or entitlements to assistance,Denial of existence of humanitarian needs or entitlements to assistance,Denial of existence of humanitarian needs or entitlements to assistance,Denial of existence of humanitarian needs or entitlements to assistance,Denial of existence of humanitarian needs or entitlements to assistance,Denial of existence of humanitarian needs or entitlements to assistance,Denial of existence of humanitarian needs or entitlements to assistance,Denial of existence of humanitarian needs or entitlements to assistance,Denial of existence of humanitarian needs or entitlements to assistance,Denial of existence of humanitarian needs or entitlements to assistance,Denial of existence of humanitarian needs or entitlements to assistance,Denial of existence of humanitarian needs or entitlements to assistance,Denial of existence of humanitarian needs or entitlements to assistance,Denial of existence of humanitarian needs or entitlements to assistance,Denial of existence of humanitarian needs or entitlements to assistance,Denial of existence of humanitarian needs or entitlements to assistance,Denial of existence of humanitarian needs or entitlements to assistance,Denial of existence of humanitarian needs or entitlements to assistance,Denial of existence of humanitarian needs or entitlements to assistance,Denial of existence of humanitarian needs or entitlements to assistance,Denial of existence of humanitarian needs or entitlements to assistance,Denial of existence of humanitarian needs or entitlements to assistance,Denial of existence of humanitarian needs or entitlements to assistance,Denial of existence of humanitarian needs or entitlements to assistance,Denial of existence of humanitarian needs or entitlements to assistance,Denial of existence of humanitarian needs or entitlements to assistance,Denial of existence of humanitarian needs or entitlements to assistance,Denial of existence of humanitarian needs or entitlements to assistance,Denial of existence of humanitarian needs or entitlements to assistance,Denial of existence of humanitarian needs or entitlements to assistance,Denial of existence of humanitarian needs or entitlements to assistance,Denial of existence of humanitarian needs or entitlements to assistance,Denial of existence of humanitarian needs or entitlements to assistance,Denial of existence of humanitarian needs or entitlements to assistance,Denial of existence of humanitarian needs or entitlements to assistance,Denial of existence of humanitarian needs or entitlements to assistance,Denial of existence of humanitarian needs or entitlements to assistance,Denial of existence of humanitarian needs or entitlements to assistance,Denial of existence of humanitarian needs or entitlements to assistance,Denial of existence of humanitarian needs or entitlements to assistance,Denial of existence of humanitarian needs or entitlements to assistance,Denial of existence of humanitarian needs or entitlements to assistance,Denial of existence of humanitarian needs or entitlements to assistance,Denial of existence of humanitarian needs or entitlements to assistance,Denial of existence of humanitarian needs or entitlements to assistance,Denial of existence of humanitarian needs or entitlements to assistance,Denial of existence of humanitarian needs or entitlements to assistance,Denial of existence of humanitarian needs or entitlements to assistance,Denial of existence of humanitarian needs or entitlements to assistance,Denial of existence of humanitarian needs or entitlements to assistance,Denial of existence of humanitarian needs or entitlements to assistance,Denial of existence of humanitarian needs or entitlements to assistance,Denial of existence of humanitarian needs or entitlements to assistance,Denial of existence of humanitarian needs or entitlements to assistance,Denial of existence of humanitarian needs or entitlements to assistance,Denial of existence of humanitarian needs or entitlements to assistance,Denial of existence of humanitarian needs or entitlements to assistance,Denial of existence of humanitarian needs or entitlements to assistance,Denial of existence of humanitarian needs or entitlements to assistance,Denial of existence of humanitarian needs or entitlements to assistance,Denial of existence of humanitarian needs or entitlements to assistance,Denial of existence of humanitarian needs or entitlements to assistance,Denial of existence of humanitarian needs or entitlements to assistance,Denial of existence of humanitarian needs or entitlements to assistance,Denial of existence of humanitarian needs or entitlements to assistance,Denial of existence of humanitarian needs or entitlements to assistance,Denial of existence of humanitarian needs or entitlements to assistance,Denial of existence of humanitarian needs or entitlements to assistance,Denial of existence of humanitarian needs or entitlements to assistance,Denial of existence of humanitarian needs or entitlements to assistance,Denial of existence of humanitarian needs or entitlements to assistance,Denial of existence of humanitarian needs or entitlements to assistance,Denial of existence of humanitarian needs or entitlements to assistance,Denial of existence of humanitarian needs or entitlements to assistance,Denial of existence of humanitarian needs or entitlements to assistance,Denial of existence of humanitarian needs or entitlements to assistance,Denial of existence of humanitarian needs or entitlements to assistance,Denial of existence of humanitarian needs or entitlements to assistance,Denial of existence of humanitarian needs or entitlements to assistance,Denial of existence of humanitarian needs or entitlements to assistance,Denial of existence of humanitarian needs or entitlements to assistance,Denial of existence of humanitarian needs or entitlements to assistance,Denial of existence of humanitarian needs or entitlements to assistance,Denial of existence of humanitarian needs or entitlements to assistance,Denial of existence of humanitarian needs or entitlements to assistance,Denial of existence of humanitarian needs or entitlements to assistance,Denial of existence of humanitarian needs or entitlements to assistance,Denial of existence of humanitarian needs or entitlements to assistance,Denial of existence of humanitarian needs or entitlements to assistance,Denial of existence of humanitarian needs or entitlements to assistance,Denial of existence of humanitarian needs or entitlements to assistance,Denial of existence of humanitarian needs or entitlements to assistance,Denial of existence of humanitarian needs or entitlements to assistance,Denial of existence of humanitarian needs or entitlements to assistance,Denial of existence of humanitarian needs or entitlements to assistance,Denial of existence of humanitarian needs or entitlements to assistance,Denial of existence of humanitarian needs or entitlements to assistance,Denial of existence of humanitarian needs or entitlements to assistance,Denial of existence of humanitarian needs or entitlements to assistance,Denial of existence of humanitarian needs or entitlements to assistance,Denial of existence of humanitarian needs or entitlements to assistance,Denial of existence of humanitarian needs or entitlements to assistance,Denial of existence of humanitarian needs or entitlements to assistance,Denial of existence of humanitarian needs or entitlements to assistance,Denial of existence of humanitarian needs or entitlements to assistance,Denial of existence of humanitarian needs or entitlements to assistance,Denial of existence of humanitarian needs or entitlements to assistance,Denial of existence of humanitarian needs or entitlements to assistance,Denial of existence of humanitarian needs or entitlements to assistance,Denial of existence of humanitarian needs or entitlements to assistance,Denial of existence of humanitarian needs or entitlements to assistance,Denial of existence of humanitarian needs or entitlements to assistance,Denial of existence of humanitarian needs or entitlements to assistance,Denial of existence of humanitarian needs or entitlements to assistance,Denial of existence of humanitarian needs or entitlements to assistance,Denial of existence of humanitarian needs or entitlements to assistance,Denial of existence of humanitarian needs or entitlements to assistance,Denial of existence of humanitarian needs or entitlements to assistance,Denial of existence of humanitarian needs or entitlements to assistance,Denial of existence of humanitarian needs or entitlements to assistance,Denial of existence of humanitarian needs or entitlements to assistance,Denial of existence of humanitarian needs or entitlements to assistance,Denial of existence of humanitarian needs or entitlements to assistance,Denial of existence of humanitarian needs or entitlements to assistance,Denial of existence of humanitarian needs or entitlements to assistance,Denial of existence of humanitarian needs or entitlements to assistance,Denial of existence of humanitarian needs or entitlements to assistance,Denial of existence of humanitarian needs or entitlements to assistance,Denial of existence of humanitarian needs or entitlements to assistance,Denial of existence of humanitarian needs or entitlements to assistance,Denial of existence of humanitarian needs or entitlements to assistance,Denial of existence of humanitarian needs or entitlements to assistance,Denial of existence of humanitarian needs or entitlements to assistance,Denial of existence of humanitarian needs or entitlements to assistance,Denial of existence of humanitarian needs or entitlements to assistance,Denial of existence of humanitarian needs or entitlements to assistance,Denial of existence of humanitarian needs or entitlements to assistance,Denial of existence of humanitarian needs or entitlements to assistance,Denial of existence of humanitarian needs or entitlements to assistance,Denial of existence of humanitarian needs or entitlements to assistance,Denial of existence of humanitarian needs or entitlements to assistance,Denial of existence of humanitarian needs or entitlements to assistance,Denial of existence of humanitarian needs or entitlements to assistance,Denial of existence of humanitarian needs or entitlements to assistance,Denial of existence of humanitarian needs or entitlements to assistance,Denial of existence of humanitarian needs or entitlements to assistance,Denial of existence of humanitarian needs or entitlements to assistance,Denial of existence of humanitarian needs or entitlements to assistance,Denial of existence of humanitarian needs or entitlements to assistance,Denial of existence of humanitarian needs or entitlements to assistance,Denial of existence of humanitarian needs or entitlements to assistance,Denial of existence of humanitarian needs or entitlements to assistance,Denial of existence of humanitarian needs or entitlements to assistance,Denial of existence of humanitarian needs or entitlements to assistance,Denial of existence of humanitarian needs or entitlements to assistance,Denial of existence of humanitarian needs or entitlements to assistance,Denial of existence of humanitarian needs or entitlements to assistance,Denial of existence of humanitarian needs or entitlements to assistance,Denial of existence of humanitarian needs or entitlements to assistance,Denial of existence of humanitarian needs or entitlements to assistance,Denial of existence of humanitarian needs or entitlements to assistance,Denial of existence of humanitarian needs or entitlements to assistance,Denial of existence of humanitarian needs or entitlements to assistance,Denial of existence of humanitarian needs or entitlements to assistance,Denial of existence of humanitarian needs or entitlements to assistance,Denial of existence of humanitarian needs or entitlements to assistance,Denial of existence of humanitarian needs or entitlements to assistance,Denial of existence of humanitarian needs or entitlements to assistance,Denial of existence of humanitarian needs or entitlements to assistance,Denial of existence of humanitarian needs or entitlements to assistance,Denial of existence of humanitarian needs or entitlements to assistance,Denial of existence of humanitarian needs or entitlements to assistance
,,,,,,,,,,,,,,,,,,,,,,,,,,,,,,,,,,,,,,,,,,,,,,,,,,,,,,,,,,,,,,,,,,,,,,,,,,,,,,,,,,,,,,,,,,,,,,,,,,,,,,,,,,,,,,,,,,,,,,,,,,,,,,,,,,,,,,,,,,,,,,,,,,,,,,,,,,,,,,,,,,,,,,,,,,,,,,,,,,,,,,,,,,,,,,,,,,,,,,,,,,,,,,,,,,,,,,,,,,,,,,
,,,,,,,,,,,,,,,,,,,,,,,,,,,,,,,,,,,,,,,,,,,,,,,,,,,,,,,,,,,,,,,,,,,,,,,,,,,,,,,,,,,,,,,,,,,,,,,,,,,,,,,,,,,,,,,,,,,,,,,,,,,,,,,,,,,,,,,,,,,,,,,,,,,,,,,,,,,,,,,,,,,,,,,,,,,,,,,,,,,,,,,,,,,,,,,,,,,,,,,,,,,,,,,,,,,,,,,,,,,,,,
,,,,,,,,,,,,,,,,,,,,,,,,,,,,,,,,,,,,,,,,,,,,,,,,,,,,,,,,,,,,,,,,,,,,,,,,,,,,,,,,,,,,,,,,,,,,,,,,,,,,,,,,,,,,,,,,,,,,,,,,,,,,,,,,,,,,,,,,,,,,,,,,,,,,,,,,,,,,,,,,,,,,,,,,,,,,,,,,,,,,,,,,,,,,,,,,,,,,,,,,,,,,,,,,,,,,,,,,,,,,,,
,,,,,,,,,,,,,,,,,,,,,,,,,,,,,,,,,,,,,,,,,,,,,,,,,,,,,,,,,,,,,,,,,,,,,,,,,,,,,,,,,,,,,,,,,,,,,,,,,,,,,,,,,,,,,,,,,,,,,,,,,,,,,,,,,,,,,,,,,,,,,,,,,,,,,,,,,,,,,,,,,,,,,,,,,,,,,,,,,,,,,,,,,,,,,,,,,,,,,,,,,,,,,,,,,,,,,,,,,,,,,,
,,,,,,,,,,,,,,,,,,,,,,,,,,,,,,,,,,,,,,,,,,,,,,,,,,,,,,,,,,,,,,,,,,,,,,,,,,,,,,,,,,,,,,,,,,,,,,,,,,,,,,,,,,,,,,,,,,,,,,,,,,,,,,,,,,,,,,,,,,,,,,,,,,,,,,,,,,,,,,,,,,,,,,,,,,,,,,,,,,,,,,,,,,,,,,,,,,,,,,,,,,,,,,,,,,,,,,,,,,,,,,
,,,,,,,,,,,,,,,,,,,,,,,,,,,,,,,,,,,,,,,,,,,,,,,,,,,,,,,,,,,,,,,,,,,,,,,,,,,,,,,,,,,,,,,,,,,,,,,,,,,,,,,,,,,,,,,,,,,,,,,,,,,,,,,,,,,,,,,,,,,,,,,,,,,,,,,,,,,,,,,,,,,,,,,,,,,,,,,,,,,,,,,,,,,,,,,,,,,,,,,,,,,,,,,,,,,,,,,,,,,,,,
,,,,,,,,,,,,,Restriction and obstruction of access to services and assistance,Restriction and obstruction of access to services and assistance,Restriction and obstruction of access to services and assistance,Restriction and obstruction of access to services and assistance,Restriction and obstruction of access to services and assistance,Restriction and obstruction of access to services and assistance,Restriction and obstruction of access to services and assistance,Restriction and obstruction of access to services and assistance,Restriction and obstruction of access to services and assistance,Restriction and obstruction of access to services and assistance,Restriction and obstruction of access to services and assistance,Restriction and obstruction of access to services and assistance,Restriction and obstruction of access to services and assistance,Restriction and obstruction of access to services and assistance,Restriction and obstruction of access to services and assistance,Restriction and obstruction of access to services and assistance,Restriction and obstruction of access to services and assistance,Restriction and obstruction of access to services and assistance,Restriction and obstruction of access to services and assistance,Restriction and obstruction of access to services and assistance,Restriction and obstruction of access to services and assistance,Restriction and obstruction of access to services and assistance,Restriction and obstruction of access to services and assistance,Restriction and obstruction of access to services and assistance,Restriction and obstruction of access to services and assistance,Restriction and obstruction of access to services and assistance,Restriction and obstruction of access to services and assistance,Restriction and obstruction of access to services and assistance,Restriction and obstruction of access to services and assistance,Restriction and obstruction of access to services and assistance,Restriction and obstruction of access to services and assistance,Restriction and obstruction of access to services and assistance,Restriction and obstruction of access to services and assistance,Restriction and obstruction of access to services and assistance,Restriction and obstruction of access to services and assistance,Restriction and obstruction of access to services and assistance,Restriction and obstruction of access to services and assistance,Restriction and obstruction of access to services and assistance,Restriction and obstruction of access to services and assistance,Restriction and obstruction of access to services and assistance,Restriction and obstruction of access to services and assistance,Restriction and obstruction of access to services and assistance,Restriction and obstruction of access to services and assistance,Restriction and obstruction of access to services and assistance,Restriction and obstruction of access to services and assistance,Restriction and obstruction of access to services and assistance,Restriction and obstruction of access to services and assistance,Restriction and obstruction of access to services and assistance,Restriction and obstruction of access to services and assistance,Restriction and obstruction of access to services and assistance,Restriction and obstruction of access to services and assistance,Restriction and obstruction of access to services and assistance,Restriction and obstruction of access to services and assistance,Restriction and obstruction of access to services and assistance,Restriction and obstruction of access to services and assistance,Restriction and obstruction of access to services and assistance,Restriction and obstruction of access to services and assistance,Restriction and obstruction of access to services and assistance,Restriction and obstruction of access to services and assistance,Restriction and obstruction of access to services and assistance,Restriction and obstruction of access to services and assistance,Restriction and obstruction of access to services and assistance,Restriction and obstruction of access to services and assistance,Restriction and obstruction of access to services and assistance,Restriction and obstruction of access to services and assistance,Restriction and obstruction of access to services and assistance,Restriction and obstruction of access to services and assistance,Restriction and obstruction of access to services and assistance,Restriction and obstruction of access to services and assistance,Restriction and obstruction of access to services and assistance,Restriction and obstruction of access to services and assistance,Restriction and obstruction of access to services and assistance,Restriction and obstruction of access to services and assistance,Restriction and obstruction of access to services and assistance,Restriction and obstruction of access to services and assistance,Restriction and obstruction of access to services and assistance,Restriction and obstruction of access to services and assistance,Restriction and obstruction of access to services and assistance,Restriction and obstruction of access to services and assistance,Restriction and obstruction of access to services and assistance,Restriction and obstruction of access to services and assistance,Restriction and obstruction of access to services and assistance,Restriction and obstruction of access to services and assistance,Restriction and obstruction of access to services and assistance,Restriction and obstruction of access to services and assistance,Restriction and obstruction of access to services and assistance,Restriction and obstruction of access to services and assistance,Restriction and obstruction of access to services and assistance,Restriction and obstruction of access to services and assistance,Restriction and obstruction of access to services and assistance,Restriction and obstruction of access to services and assistance,Restriction and obstruction of access to services and assistance,Restriction and obstruction of access to services and assistance,Restriction and obstruction of access to services and assistance,Restriction and obstruction of access to services and assistance,Restriction and obstruction of access to services and assistance,Restriction and obstruction of access to services and assistance,Restriction and obstruction of access to services and assistance,Restriction and obstruction of access to services and assistance,Restriction and obstruction of access to services and assistance,Restriction and obstruction of access to services and assistance,Restriction and obstruction of access to services and assistance,Restriction and obstruction of access to services and assistance,Restriction and obstruction of access to services and assistance,Restriction and obstruction of access to services and assistance,Restriction and obstruction of access to services and assistance,Restriction and obstruction of access to services and assistance,Restriction and obstruction of access to services and assistance,Restriction and obstruction of access to services and assistance,Restriction and obstruction of access to services and assistance,Restriction and obstruction of access to services and assistance,Restriction and obstruction of access to services and assistance,Restriction and obstruction of access to services and assistance,Restriction and obstruction of access to services and assistance,Restriction and obstruction of access to services and assistance,Restriction and obstruction of access to services and assistance,Restriction and obstruction of access to services and assistance,Restriction and obstruction of access to services and assistance,Restriction and obstruction of access to services and assistance,Restriction and obstruction of access to services and assistance,Restriction and obstruction of access to services and assistance,Restriction and obstruction of access to services and assistance,Restriction and obstruction of access to services and assistance,Restriction and obstruction of access to services and assistance,Restriction and obstruction of access to services and assistance,Restriction and obstruction of access to services and assistance,Restriction and obstruction of access to services and assistance,Restriction and obstruction of access to services and assistance,Restriction and obstruction of access to services and assistance,Restriction and obstruction of access to services and assistance,Restriction and obstruction of access to services and assistance,Restriction and obstruction of access to services and assistance,Restriction and obstruction of access to services and assistance,Restriction and obstruction of access to services and assistance,Restriction and obstruction of access to services and assistance,Restriction and obstruction of access to services and assistance,Restriction and obstruction of access to services and assistance,Restriction and obstruction of access to services and assistance,Restriction and obstruction of access to services and assistance,Restriction and obstruction of access to services and assistance,Restriction and obstruction of access to services and assistance,Restriction and obstruction of access to services and assistance,Restriction and obstruction of access to services and assistance,Restriction and obstruction of access to services and assistance,Restriction and obstruction of access to services and assistance,Restriction and obstruction of access to services and assistance,Restriction and obstruction of access to services and assistance,Restriction and obstruction of access to services and assistance,Restriction and obstruction of access to services and assistance,Restriction and obstruction of access to services and assistance,Restriction and obstruction of access to services and assistance,Restriction and obstruction of access to services and assistance,Restriction and obstruction of access to services and assistance,Restriction and obstruction of access to services and assistance,Restriction and obstruction of access to services and assistance,Restriction and obstruction of access to services and assistance,Restriction and obstruction of access to services and assistance,Restriction and obstruction of access to services and assistance,Restriction and obstruction of access to services and assistance,Restriction and obstruction of access to services and assistance,Restriction and obstruction of access to services and assistance,Restriction and obstruction of access to services and assistance,Restriction and obstruction of access to services and assistance,Restriction and obstruction of access to services and assistance,Restriction and obstruction of access to services and assistance,Restriction and obstruction of access to services and assistance,Restriction and obstruction of access to services and assistance,Restriction and obstruction of access to services and assistance,Restriction and obstruction of access to services and assistance,Restriction and obstruction of access to services and assistance,Restriction and obstruction of access to services and assistance,Restriction and obstruction of access to services and assistance,Restriction and obstruction of access to services and assistance,Restriction and obstruction of access to services and assistance,Restriction and obstruction of access to services and assistance,Restriction and obstruction of access to services and assistance,Restriction and obstruction of access to services and assistance,Restriction and obstruction of access to services and assistance,Restriction and obstruction of access to services and assistance,Restriction and obstruction of access to services and assistance,Restriction and obstruction of access to services and assistance,Restriction and obstruction of access to services and assistance,Restriction and obstruction of access to services and assistance,Restriction and obstruction of access to services and assistance,Restriction and obstruction of access to services and assistance,Restriction and obstruction of access to services and assistance,Restriction and obstruction of access to services and assistance,Restriction and obstruction of access to services and assistance,Restriction and obstruction of access to services and assistance,Restriction and obstruction of access to services and assistance,Restriction and obstruction of access to services and assistance,Restriction and obstruction of access to services and assistance,Restriction and obstruction of access to services and assistance,Restriction and obstruction of access to services and assistance,Restriction and obstruction of access to services and assistance,Restriction and obstruction of access to services and assistance,Restriction and obstruction of access to services and assistance,Restriction and obstruction of access to services and assistance,Restriction and obstruction of access to services and assistance,Restriction and obstruction of access to services and assistance,Restriction and obstruction of access to services and assistance,Restriction and obstruction of access to services and assistance,Restriction and obstruction of access to services and assistance,Restriction and obstruction of access to services and assistance,Restriction and obstruction of access to services and assistance,Restriction and obstruction of access to services and assistance,Restriction and obstruction of access to services and assistance,Restriction and obstruction of access to services and assistance,Restriction and obstruction of access to services and assistance,Restriction and obstruction of access to services and assistance
,,,,,,,,,,,,,,,,,,,,,,,,,,,,,,,,,,,,,,,,,,,,,,,,,,,,,,,,,,,,,,,,,,,,,,,,,,,,,,,,,,,,,,,,,,,,,,,,,,,,,,,,,,,,,,,,,,,,,,,,,,,,,,,,,,,,,,,,,,,,,,,,,,,,,,,,,,,,,,,,,,,,,,,,,,,,,,,,,,,,,,,,,,,,,,,,,,,,,,,,,,,,,,,,,,,,,,,,,,,,,,
,,,,,,,,,,,,,,,,,,,,,,,,,,,,,,,,,,,,,,,,,,,,,,,,,,,,,,,,,,,,,,,,,,,,,,,,,,,,,,,,,,,,,,,,,,,,,,,,,,,,,,,,,,,,,,,,,,,,,,,,,,,,,,,,,,,,,,,,,,,,,,,,,,,,,,,,,,,,,,,,,,,,,,,,,,,,,,,,,,,,,,,,,,,,,,,,,,,,,,,,,,,,,,,,,,,,,,,,,,,,,,
,,,,,,,,,,,,,,,,,,,,,,,,,,,,,,,,,,,,,,,,,,,,,,,,,,,,,,,,,,,,,,,,,,,,,,,,,,,,,,,,,,,,,,,,,,,,,,,,,,,,,,,,,,,,,,,,,,,,,,,,,,,,,,,,,,,,,,,,,,,,,,,,,,,,,,,,,,,,,,,,,,,,,,,,,,,,,,,,,,,,,,,,,,,,,,,,,,,,,,,,,,,,,,,,,,,,,,,,,,,,,,
,,,,,,,,,,,,,,,,,,,,,,,,,,,,,,,,,,,,,,,,,,,,,,,,,,,,,,,,,,,,,,,,,,,,,,,,,,,,,,,,,,,,,,,,,,,,,,,,,,,,,,,,,,,,,,,,,,,,,,,,,,,,,,,,,,,,,,,,,,,,,,,,,,,,,,,,,,,,,,,,,,,,,,,,,,,,,,,,,,,,,,,,,,,,,,,,,,,,,,,,,,,,,,,,,,,,,,,,,,,,,,
,,,,,,,,,,,,,,,,,,,,,,,,,,,,,,,,,,,,,,,,,,,,,,,,,,,,,,,,,,,,,,,,,,,,,,,,,,,,,,,,,,,,,,,,,,,,,,,,,,,,,,,,,,,,,,,,,,,,,,,,,,,,,,,,,,,,,,,,,,,,,,,,,,,,,,,,,,,,,,,,,,,,,,,,,,,,,,,,,,,,,,,,,,,,,,,,,,,,,,,,,,,,,,,,,,,,,,,,,,,,,,
,,,,,,,,,,,,,,,,,,,,,,,,,,,,,,,,,,,,,,,,,,,,,,,,,,,,,,,,,,,,,,,,,,,,,,,,,,,,,,,,,,,,,,,,,,,,,,,,,,,,,,,,,,,,,,,,,,,,,,,,,,,,,,,,,,,,,,,,,,,,,,,,,,,,,,,,,,,,,,,,,,,,,,,,,,,,,,,,,,,,,,,,,,,,,,,,,,,,,,,,,,,,,,,,,,,,,,,,,,,,,,
,,,,,,,,,,,,,Ongoing insecurity/hostilities affecting humanitarian assistance,Ongoing insecurity/hostilities affecting humanitarian assistance,Ongoing insecurity/hostilities affecting humanitarian assistance,Ongoing insecurity/hostilities affecting humanitarian assistance,Ongoing insecurity/hostilities affecting humanitarian assistance,Ongoing insecurity/hostilities affecting humanitarian assistance,Ongoing insecurity/hostilities affecting humanitarian assistance,Ongoing insecurity/hostilities affecting humanitarian assistance,Ongoing insecurity/hostilities affecting humanitarian assistance,Ongoing insecurity/hostilities affecting humanitarian assistance,Ongoing insecurity/hostilities affecting humanitarian assistance,Ongoing insecurity/hostilities affecting humanitarian assistance,Ongoing insecurity/hostilities affecting humanitarian assistance,Ongoing insecurity/hostilities affecting humanitarian assistance,Ongoing insecurity/hostilities affecting humanitarian assistance,Ongoing insecurity/hostilities affecting humanitarian assistance,Ongoing insecurity/hostilities affecting humanitarian assistance,Ongoing insecurity/hostilities affecting humanitarian assistance,Ongoing insecurity/hostilities affecting humanitarian assistance,Ongoing insecurity/hostilities affecting humanitarian assistance,Ongoing insecurity/hostilities affecting humanitarian assistance,Ongoing insecurity/hostilities affecting humanitarian assistance,Ongoing insecurity/hostilities affecting humanitarian assistance,Ongoing insecurity/hostilities affecting humanitarian assistance,Ongoing insecurity/hostilities affecting humanitarian assistance,Ongoing insecurity/hostilities affecting humanitarian assistance,Ongoing insecurity/hostilities affecting humanitarian assistance,Ongoing insecurity/hostilities affecting humanitarian assistance,Ongoing insecurity/hostilities affecting humanitarian assistance,Ongoing insecurity/hostilities affecting humanitarian assistance,Ongoing insecurity/hostilities affecting humanitarian assistance,Ongoing insecurity/hostilities affecting humanitarian assistance,Ongoing insecurity/hostilities affecting humanitarian assistance,Ongoing insecurity/hostilities affecting humanitarian assistance,Ongoing insecurity/hostilities affecting humanitarian assistance,Ongoing insecurity/hostilities affecting humanitarian assistance,Ongoing insecurity/hostilities affecting humanitarian assistance,Ongoing insecurity/hostilities affecting humanitarian assistance,Ongoing insecurity/hostilities affecting humanitarian assistance,Ongoing insecurity/hostilities affecting humanitarian assistance,Ongoing insecurity/hostilities affecting humanitarian assistance,Ongoing insecurity/hostilities affecting humanitarian assistance,Ongoing insecurity/hostilities affecting humanitarian assistance,Ongoing insecurity/hostilities affecting humanitarian assistance,Ongoing insecurity/hostilities affecting humanitarian assistance,Ongoing insecurity/hostilities affecting humanitarian assistance,Ongoing insecurity/hostilities affecting humanitarian assistance,Ongoing insecurity/hostilities affecting humanitarian assistance,Ongoing insecurity/hostilities affecting humanitarian assistance,Ongoing insecurity/hostilities affecting humanitarian assistance,Ongoing insecurity/hostilities affecting humanitarian assistance,Ongoing insecurity/hostilities affecting humanitarian assistance,Ongoing insecurity/hostilities affecting humanitarian assistance,Ongoing insecurity/hostilities affecting humanitarian assistance,Ongoing insecurity/hostilities affecting humanitarian assistance,Ongoing insecurity/hostilities affecting humanitarian assistance,Ongoing insecurity/hostilities affecting humanitarian assistance,Ongoing insecurity/hostilities affecting humanitarian assistance,Ongoing insecurity/hostilities affecting humanitarian assistance,Ongoing insecurity/hostilities affecting humanitarian assistance,Ongoing insecurity/hostilities affecting humanitarian assistance,Ongoing insecurity/hostilities affecting humanitarian assistance,Ongoing insecurity/hostilities affecting humanitarian assistance,Ongoing insecurity/hostilities affecting humanitarian assistance,Ongoing insecurity/hostilities affecting humanitarian assistance,Ongoing insecurity/hostilities affecting humanitarian assistance,Ongoing insecurity/hostilities affecting humanitarian assistance,Ongoing insecurity/hostilities affecting humanitarian assistance,Ongoing insecurity/hostilities affecting humanitarian assistance,Ongoing insecurity/hostilities affecting humanitarian assistance,Ongoing insecurity/hostilities affecting humanitarian assistance,Ongoing insecurity/hostilities affecting humanitarian assistance,Ongoing insecurity/hostilities affecting humanitarian assistance,Ongoing insecurity/hostilities affecting humanitarian assistance,Ongoing insecurity/hostilities affecting humanitarian assistance,Ongoing insecurity/hostilities affecting humanitarian assistance,Ongoing insecurity/hostilities affecting humanitarian assistance,Ongoing insecurity/hostilities affecting humanitarian assistance,Ongoing insecurity/hostilities affecting humanitarian assistance,Ongoing insecurity/hostilities affecting humanitarian assistance,Ongoing insecurity/hostilities affecting humanitarian assistance,Ongoing insecurity/hostilities affecting humanitarian assistance,Ongoing insecurity/hostilities affecting humanitarian assistance,Ongoing insecurity/hostilities affecting humanitarian assistance,Ongoing insecurity/hostilities affecting humanitarian assistance,Ongoing insecurity/hostilities affecting humanitarian assistance,Ongoing insecurity/hostilities affecting humanitarian assistance,Ongoing insecurity/hostilities affecting humanitarian assistance,Ongoing insecurity/hostilities affecting humanitarian assistance,Ongoing insecurity/hostilities affecting humanitarian assistance,Ongoing insecurity/hostilities affecting humanitarian assistance,Ongoing insecurity/hostilities affecting humanitarian assistance,Ongoing insecurity/hostilities affecting humanitarian assistance,Ongoing insecurity/hostilities affecting humanitarian assistance,Ongoing insecurity/hostilities affecting humanitarian assistance,Ongoing insecurity/hostilities affecting humanitarian assistance,Ongoing insecurity/hostilities affecting humanitarian assistance,Ongoing insecurity/hostilities affecting humanitarian assistance,Ongoing insecurity/hostilities affecting humanitarian assistance,Ongoing insecurity/hostilities affecting humanitarian assistance,Ongoing insecurity/hostilities affecting humanitarian assistance,Ongoing insecurity/hostilities affecting humanitarian assistance,Ongoing insecurity/hostilities affecting humanitarian assistance,Ongoing insecurity/hostilities affecting humanitarian assistance,Ongoing insecurity/hostilities affecting humanitarian assistance,Ongoing insecurity/hostilities affecting humanitarian assistance,Ongoing insecurity/hostilities affecting humanitarian assistance,Ongoing insecurity/hostilities affecting humanitarian assistance,Ongoing insecurity/hostilities affecting humanitarian assistance,Ongoing insecurity/hostilities affecting humanitarian assistance,Ongoing insecurity/hostilities affecting humanitarian assistance,Ongoing insecurity/hostilities affecting humanitarian assistance,Ongoing insecurity/hostilities affecting humanitarian assistance,Ongoing insecurity/hostilities affecting humanitarian assistance,Ongoing insecurity/hostilities affecting humanitarian assistance,Ongoing insecurity/hostilities affecting humanitarian assistance,Ongoing insecurity/hostilities affecting humanitarian assistance,Ongoing insecurity/hostilities affecting humanitarian assistance,Ongoing insecurity/hostilities affecting humanitarian assistance,Ongoing insecurity/hostilities affecting humanitarian assistance,Ongoing insecurity/hostilities affecting humanitarian assistance,Ongoing insecurity/hostilities affecting humanitarian assistance,Ongoing insecurity/hostilities affecting humanitarian assistance,Ongoing insecurity/hostilities affecting humanitarian assistance,Ongoing insecurity/hostilities affecting humanitarian assistance,Ongoing insecurity/hostilities affecting humanitarian assistance,Ongoing insecurity/hostilities affecting humanitarian assistance,Ongoing insecurity/hostilities affecting humanitarian assistance,Ongoing insecurity/hostilities affecting humanitarian assistance,Ongoing insecurity/hostilities affecting humanitarian assistance,Ongoing insecurity/hostilities affecting humanitarian assistance,Ongoing insecurity/hostilities affecting humanitarian assistance,Ongoing insecurity/hostilities affecting humanitarian assistance,Ongoing insecurity/hostilities affecting humanitarian assistance,Ongoing insecurity/hostilities affecting humanitarian assistance,Ongoing insecurity/hostilities affecting humanitarian assistance,Ongoing insecurity/hostilities affecting humanitarian assistance,Ongoing insecurity/hostilities affecting humanitarian assistance,Ongoing insecurity/hostilities affecting humanitarian assistance,Ongoing insecurity/hostilities affecting humanitarian assistance,Ongoing insecurity/hostilities affecting humanitarian assistance,Ongoing insecurity/hostilities affecting humanitarian assistance,Ongoing insecurity/hostilities affecting humanitarian assistance,Ongoing insecurity/hostilities affecting humanitarian assistance,Ongoing insecurity/hostilities affecting humanitarian assistance,Ongoing insecurity/hostilities affecting humanitarian assistance,Ongoing insecurity/hostilities affecting humanitarian assistance,Ongoing insecurity/hostilities affecting humanitarian assistance,Ongoing insecurity/hostilities affecting humanitarian assistance,Ongoing insecurity/hostilities affecting humanitarian assistance,Ongoing insecurity/hostilities affecting humanitarian assistance,Ongoing insecurity/hostilities affecting humanitarian assistance,Ongoing insecurity/hostilities affecting humanitarian assistance,Ongoing insecurity/hostilities affecting humanitarian assistance,Ongoing insecurity/hostilities affecting humanitarian assistance,Ongoing insecurity/hostilities affecting humanitarian assistance,Ongoing insecurity/hostilities affecting humanitarian assistance,Ongoing insecurity/hostilities affecting humanitarian assistance,Ongoing insecurity/hostilities affecting humanitarian assistance,Ongoing insecurity/hostilities affecting humanitarian assistance,Ongoing insecurity/hostilities affecting humanitarian assistance,Ongoing insecurity/hostilities affecting humanitarian assistance,Ongoing insecurity/hostilities affecting humanitarian assistance,Ongoing insecurity/hostilities affecting humanitarian assistance,Ongoing insecurity/hostilities affecting humanitarian assistance,Ongoing insecurity/hostilities affecting humanitarian assistance,Ongoing insecurity/hostilities affecting humanitarian assistance,Ongoing insecurity/hostilities affecting humanitarian assistance,Ongoing insecurity/hostilities affecting humanitarian assistance,Ongoing insecurity/hostilities affecting humanitarian assistance,Ongoing insecurity/hostilities affecting humanitarian assistance,Ongoing insecurity/hostilities affecting humanitarian assistance,Ongoing insecurity/hostilities affecting humanitarian assistance,Ongoing insecurity/hostilities affecting humanitarian assistance,Ongoing insecurity/hostilities affecting humanitarian assistance,Ongoing insecurity/hostilities affecting humanitarian assistance,Ongoing insecurity/hostilities affecting humanitarian assistance,Ongoing insecurity/hostilities affecting humanitarian assistance,Ongoing insecurity/hostilities affecting humanitarian assistance,Ongoing insecurity/hostilities affecting humanitarian assistance,Ongoing insecurity/hostilities affecting humanitarian assistance,Ongoing insecurity/hostilities affecting humanitarian assistance,Ongoing insecurity/hostilities affecting humanitarian assistance,Ongoing insecurity/hostilities affecting humanitarian assistance,Ongoing insecurity/hostilities affecting humanitarian assistance,Ongoing insecurity/hostilities affecting humanitarian assistance,Ongoing insecurity/hostilities affecting humanitarian assistance,Ongoing insecurity/hostilities affecting humanitarian assistance,Ongoing insecurity/hostilities affecting humanitarian assistance,Ongoing insecurity/hostilities affecting humanitarian assistance,Ongoing insecurity/hostilities affecting humanitarian assistance,Ongoing insecurity/hostilities affecting humanitarian assistance,Ongoing insecurity/hostilities affecting humanitarian assistance,Ongoing insecurity/hostilities affecting humanitarian assistance,Ongoing insecurity/hostilities affecting humanitarian assistance,Ongoing insecurity/hostilities affecting humanitarian assistance,Ongoing insecurity/hostilities affecting humanitarian assistance,Ongoing insecurity/hostilities affecting humanitarian assistance,Ongoing insecurity/hostilities affecting humanitarian assistance,Ongoing insecurity/hostilities affecting humanitarian assistance,Ongoing insecurity/hostilities affecting humanitarian assistance,Ongoing insecurity/hostilities affecting humanitarian assistance,Ongoing insecurity/hostilities affecting humanitarian assistance,Ongoing insecurity/hostilities affecting humanitarian assistance,Ongoing insecurity/hostilities affecting humanitarian assistance,Ongoing insecurity/hostilities affecting humanitarian assistance,Ongoing insecurity/hostilities affecting humanitarian assistance,Ongoing insecurity/hostilities affecting humanitarian assistance,Ongoing insecurity/hostilities affecting humanitarian assistance,Ongoing insecurity/hostilities affecting humanitarian assistance
,,,,,,,,,,,,,,,,,,,,,,,,,,,,,,,,,,,,,,,,,,,,,,,,,,,,,,,,,,,,,,,,,,,,,,,,,,,,,,,,,,,,,,,,,,,,,,,,,,,,,,,,,,,,,,,,,,,,,,,,,,,,,,,,,,,,,,,,,,,,,,,,,,,,,,,,,,,,,,,,,,,,,,,,,,,,,,,,,,,,,,,,,,,,,,,,,,,,,,,,,,,,,,,,,,,,,,,,,,,,,,
,,,,,,,,,,,,,,,,,,,,,,,,,,,,,,,,,,,,,,,,,,,,,,,,,,,,,,,,,,,,,,,,,,,,,,,,,,,,,,,,,,,,,,,,,,,,,,,,,,,,,,,,,,,,,,,,,,,,,,,,,,,,,,,,,,,,,,,,,,,,,,,,,,,,,,,,,,,,,,,,,,,,,,,,,,,,,,,,,,,,,,,,,,,,,,,,,,,,,,,,,,,,,,,,,,,,,,,,,,,,,,
,,,,,,,,,,,,,,,,,,,,,,,,,,,,,,,,,,,,,,,,,,,,,,,,,,,,,,,,,,,,,,,,,,,,,,,,,,,,,,,,,,,,,,,,,,,,,,,,,,,,,,,,,,,,,,,,,,,,,,,,,,,,,,,,,,,,,,,,,,,,,,,,,,,,,,,,,,,,,,,,,,,,,,,,,,,,,,,,,,,,,,,,,,,,,,,,,,,,,,,,,,,,,,,,,,,,,,,,,,,,,,
,,,,,,,,,,,,,,,,,,,,,,,,,,,,,,,,,,,,,,,,,,,,,,,,,,,,,,,,,,,,,,,,,,,,,,,,,,,,,,,,,,,,,,,,,,,,,,,,,,,,,,,,,,,,,,,,,,,,,,,,,,,,,,,,,,,,,,,,,,,,,,,,,,,,,,,,,,,,,,,,,,,,,,,,,,,,,,,,,,,,,,,,,,,,,,,,,,,,,,,,,,,,,,,,,,,,,,,,,,,,,,
,,,,,,,,,,,,,,,,,,,,,,,,,,,,,,,,,,,,,,,,,,,,,,,,,,,,,,,,,,,,,,,,,,,,,,,,,,,,,,,,,,,,,,,,,,,,,,,,,,,,,,,,,,,,,,,,,,,,,,,,,,,,,,,,,,,,,,,,,,,,,,,,,,,,,,,,,,,,,,,,,,,,,,,,,,,,,,,,,,,,,,,,,,,,,,,,,,,,,,,,,,,,,,,,,,,,,,,,,,,,,,
,,,,,,,,,,,,,,,,,,,,,,,,,,,,,,,,,,,,,,,,,,,,,,,,,,,,,,,,,,,,,,,,,,,,,,,,,,,,,,,,,,,,,,,,,,,,,,,,,,,,,,,,,,,,,,,,,,,,,,,,,,,,,,,,,,,,,,,,,,,,,,,,,,,,,,,,,,,,,,,,,,,,,,,,,,,,,,,,,,,,,,,,,,,,,,,,,,,,,,,,,,,,,,,,,,,,,,,,,,,,,,
,,,,,,,,,,,,,Presence of mines and improvised explosive devices ,Presence of mines and improvised explosive devices ,Presence of mines and improvised explosive devices ,Presence of mines and improvised explosive devices ,Presence of mines and improvised explosive devices ,Presence of mines and improvised explosive devices ,Presence of mines and improvised explosive devices ,Presence of mines and improvised explosive devices ,Presence of mines and improvised explosive devices ,Presence of mines and improvised explosive devices ,Presence of mines and improvised explosive devices ,Presence of mines and improvised explosive devices ,Presence of mines and improvised explosive devices ,Presence of mines and improvised explosive devices ,Presence of mines and improvised explosive devices ,Presence of mines and improvised explosive devices ,Presence of mines and improvised explosive devices ,Presence of mines and improvised explosive devices ,Presence of mines and improvised explosive devices ,Presence of mines and improvised explosive devices ,Presence of mines and improvised explosive devices ,Presence of mines and improvised explosive devices ,Presence of mines and improvised explosive devices ,Presence of mines and improvised explosive devices ,Presence of mines and improvised explosive devices ,Presence of mines and improvised explosive devices ,Presence of mines and improvised explosive devices ,Presence of mines and improvised explosive devices ,Presence of mines and improvised explosive devices ,Presence of mines and improvised explosive devices ,Presence of mines and improvised explosive devices ,Presence of mines and improvised explosive devices ,Presence of mines and improvised explosive devices ,Presence of mines and improvised explosive devices ,Presence of mines and improvised explosive devices ,Presence of mines and improvised explosive devices ,Presence of mines and improvised explosive devices ,Presence of mines and improvised explosive devices ,Presence of mines and improvised explosive devices ,Presence of mines and improvised explosive devices ,Presence of mines and improvised explosive devices ,Presence of mines and improvised explosive devices ,Presence of mines and improvised explosive devices ,Presence of mines and improvised explosive devices ,Presence of mines and improvised explosive devices ,Presence of mines and improvised explosive devices ,Presence of mines and improvised explosive devices ,Presence of mines and improvised explosive devices ,Presence of mines and improvised explosive devices ,Presence of mines and improvised explosive devices ,Presence of mines and improvised explosive devices ,Presence of mines and improvised explosive devices ,Presence of mines and improvised explosive devices ,Presence of mines and improvised explosive devices ,Presence of mines and improvised explosive devices ,Presence of mines and improvised explosive devices ,Presence of mines and improvised explosive devices ,Presence of mines and improvised explosive devices ,Presence of mines and improvised explosive devices ,Presence of mines and improvised explosive devices ,Presence of mines and improvised explosive devices ,Presence of mines and improvised explosive devices ,Presence of mines and improvised explosive devices ,Presence of mines and improvised explosive devices ,Presence of mines and improvised explosive devices ,Presence of mines and improvised explosive devices ,Presence of mines and improvised explosive devices ,Presence of mines and improvised explosive devices ,Presence of mines and improvised explosive devices ,Presence of mines and improvised explosive devices ,Presence of mines and improvised explosive devices ,Presence of mines and improvised explosive devices ,Presence of mines and improvised explosive devices ,Presence of mines and improvised explosive devices ,Presence of mines and improvised explosive devices ,Presence of mines and improvised explosive devices ,Presence of mines and improvised explosive devices ,Presence of mines and improvised explosive devices ,Presence of mines and improvised explosive devices ,Presence of mines and improvised explosive devices ,Presence of mines and improvised explosive devices ,Presence of mines and improvised explosive devices ,Presence of mines and improvised explosive devices ,Presence of mines and improvised explosive devices ,Presence of mines and improvised explosive devices ,Presence of mines and improvised explosive devices ,Presence of mines and improvised explosive devices ,Presence of mines and improvised explosive devices ,Presence of mines and improvised explosive devices ,Presence of mines and improvised explosive devices ,Presence of mines and improvised explosive devices ,Presence of mines and improvised explosive devices ,Presence of mines and improvised explosive devices ,Presence of mines and improvised explosive devices ,Presence of mines and improvised explosive devices ,Presence of mines and improvised explosive devices ,Presence of mines and improvised explosive devices ,Presence of mines and improvised explosive devices ,Presence of mines and improvised explosive devices ,Presence of mines and improvised explosive devices ,Presence of mines and improvised explosive devices ,Presence of mines and improvised explosive devices ,Presence of mines and improvised explosive devices ,Presence of mines and improvised explosive devices ,Presence of mines and improvised explosive devices ,Presence of mines and improvised explosive devices ,Presence of mines and improvised explosive devices ,Presence of mines and improvised explosive devices ,Presence of mines and improvised explosive devices ,Presence of mines and improvised explosive devices ,Presence of mines and improvised explosive devices ,Presence of mines and improvised explosive devices ,Presence of mines and improvised explosive devices ,Presence of mines and improvised explosive devices ,Presence of mines and improvised explosive devices ,Presence of mines and improvised explosive devices ,Presence of mines and improvised explosive devices ,Presence of mines and improvised explosive devices ,Presence of mines and improvised explosive devices ,Presence of mines and improvised explosive devices ,Presence of mines and improvised explosive devices ,Presence of mines and improvised explosive devices ,Presence of mines and improvised explosive devices ,Presence of mines and improvised explosive devices ,Presence of mines and improvised explosive devices ,Presence of mines and improvised explosive devices ,Presence of mines and improvised explosive devices ,Presence of mines and improvised explosive devices ,Presence of mines and improvised explosive devices ,Presence of mines and improvised explosive devices ,Presence of mines and improvised explosive devices ,Presence of mines and improvised explosive devices ,Presence of mines and improvised explosive devices ,Presence of mines and improvised explosive devices ,Presence of mines and improvised explosive devices ,Presence of mines and improvised explosive devices ,Presence of mines and improvised explosive devices ,Presence of mines and improvised explosive devices ,Presence of mines and improvised explosive devices ,Presence of mines and improvised explosive devices ,Presence of mines and improvised explosive devices ,Presence of mines and improvised explosive devices ,Presence of mines and improvised explosive devices ,Presence of mines and improvised explosive devices ,Presence of mines and improvised explosive devices ,Presence of mines and improvised explosive devices ,Presence of mines and improvised explosive devices ,Presence of mines and improvised explosive devices ,Presence of mines and improvised explosive devices ,Presence of mines and improvised explosive devices ,Presence of mines and improvised explosive devices ,Presence of mines and improvised explosive devices ,Presence of mines and improvised explosive devices ,Presence of mines and improvised explosive devices ,Presence of mines and improvised explosive devices ,Presence of mines and improvised explosive devices ,Presence of mines and improvised explosive devices ,Presence of mines and improvised explosive devices ,Presence of mines and improvised explosive devices ,Presence of mines and improvised explosive devices ,Presence of mines and improvised explosive devices ,Presence of mines and improvised explosive devices ,Presence of mines and improvised explosive devices ,Presence of mines and improvised explosive devices ,Presence of mines and improvised explosive devices ,Presence of mines and improvised explosive devices ,Presence of mines and improvised explosive devices ,Presence of mines and improvised explosive devices ,Presence of mines and improvised explosive devices ,Presence of mines and improvised explosive devices ,Presence of mines and improvised explosive devices ,Presence of mines and improvised explosive devices ,Presence of mines and improvised explosive devices ,Presence of mines and improvised explosive devices ,Presence of mines and improvised explosive devices ,Presence of mines and improvised explosive devices ,Presence of mines and improvised explosive devices ,Presence of mines and improvised explosive devices ,Presence of mines and improvised explosive devices ,Presence of mines and improvised explosive devices ,Presence of mines and improvised explosive devices ,Presence of mines and improvised explosive devices ,Presence of mines and improvised explosive devices ,Presence of mines and improvised explosive devices ,Presence of mines and improvised explosive devices ,Presence of mines and improvised explosive devices ,Presence of mines and improvised explosive devices ,Presence of mines and improvised explosive devices ,Presence of mines and improvised explosive devices ,Presence of mines and improvised explosive devices ,Presence of mines and improvised explosive devices ,Presence of mines and improvised explosive devices ,Presence of mines and improvised explosive devices ,Presence of mines and improvised explosive devices ,Presence of mines and improvised explosive devices ,Presence of mines and improvised explosive devices ,Presence of mines and improvised explosive devices ,Presence of mines and improvised explosive devices ,Presence of mines and improvised explosive devices ,Presence of mines and improvised explosive devices ,Presence of mines and improvised explosive devices ,Presence of mines and improvised explosive devices ,Presence of mines and improvised explosive devices ,Presence of mines and improvised explosive devices ,Presence of mines and improvised explosive devices ,Presence of mines and improvised explosive devices ,Presence of mines and improvised explosive devices ,Presence of mines and improvised explosive devices ,Presence of mines and improvised explosive devices ,Presence of mines and improvised explosive devices 
,,,,,,,,,,,,,,,,,,,,,,,,,,,,,,,,,,,,,,,,,,,,,,,,,,,,,,,,,,,,,,,,,,,,,,,,,,,,,,,,,,,,,,,,,,,,,,,,,,,,,,,,,,,,,,,,,,,,,,,,,,,,,,,,,,,,,,,,,,,,,,,,,,,,,,,,,,,,,,,,,,,,,,,,,,,,,,,,,,,,,,,,,,,,,,,,,,,,,,,,,,,,,,,,,,,,,,,,,,,,,,
,,,,,,,,,,,,,,,,,,,,,,,,,,,,,,,,,,,,,,,,,,,,,,,,,,,,,,,,,,,,,,,,,,,,,,,,,,,,,,,,,,,,,,,,,,,,,,,,,,,,,,,,,,,,,,,,,,,,,,,,,,,,,,,,,,,,,,,,,,,,,,,,,,,,,,,,,,,,,,,,,,,,,,,,,,,,,,,,,,,,,,,,,,,,,,,,,,,,,,,,,,,,,,,,,,,,,,,,,,,,,,
,,,,,,,,,,,,,,,,,,,,,,,,,,,,,,,,,,,,,,,,,,,,,,,,,,,,,,,,,,,,,,,,,,,,,,,,,,,,,,,,,,,,,,,,,,,,,,,,,,,,,,,,,,,,,,,,,,,,,,,,,,,,,,,,,,,,,,,,,,,,,,,,,,,,,,,,,,,,,,,,,,,,,,,,,,,,,,,,,,,,,,,,,,,,,,,,,,,,,,,,,,,,,,,,,,,,,,,,,,,,,,
,,,,,,,,,,,,,,,,,,,,,,,,,,,,,,,,,,,,,,,,,,,,,,,,,,,,,,,,,,,,,,,,,,,,,,,,,,,,,,,,,,,,,,,,,,,,,,,,,,,,,,,,,,,,,,,,,,,,,,,,,,,,,,,,,,,,,,,,,,,,,,,,,,,,,,,,,,,,,,,,,,,,,,,,,,,,,,,,,,,,,,,,,,,,,,,,,,,,,,,,,,,,,,,,,,,,,,,,,,,,,,
,,,,,,,,,,,,,,,,,,,,,,,,,,,,,,,,,,,,,,,,,,,,,,,,,,,,,,,,,,,,,,,,,,,,,,,,,,,,,,,,,,,,,,,,,,,,,,,,,,,,,,,,,,,,,,,,,,,,,,,,,,,,,,,,,,,,,,,,,,,,,,,,,,,,,,,,,,,,,,,,,,,,,,,,,,,,,,,,,,,,,,,,,,,,,,,,,,,,,,,,,,,,,,,,,,,,,,,,,,,,,,
,,,,,,,,,,,,,,,,,,,,,,,,,,,,,,,,,,,,,,,,,,,,,,,,,,,,,,,,,,,,,,,,,,,,,,,,,,,,,,,,,,,,,,,,,,,,,,,,,,,,,,,,,,,,,,,,,,,,,,,,,,,,,,,,,,,,,,,,,,,,,,,,,,,,,,,,,,,,,,,,,,,,,,,,,,,,,,,,,,,,,,,,,,,,,,,,,,,,,,,,,,,,,,,,,,,,,,,,,,,,,,
,,,,,,,,,,,,,"Physical constraints in the environment (obstacles related to terrain, climate, lack of infrastructure, etc.)","Physical constraints in the environment (obstacles related to terrain, climate, lack of infrastructure, etc.)","Physical constraints in the environment (obstacles related to terrain, climate, lack of infrastructure, etc.)","Physical constraints in the environment (obstacles related to terrain, climate, lack of infrastructure, etc.)","Physical constraints in the environment (obstacles related to terrain, climate, lack of infrastructure, etc.)","Physical constraints in the environment (obstacles related to terrain, climate, lack of infrastructure, etc.)","Physical constraints in the environment (obstacles related to terrain, climate, lack of infrastructure, etc.)","Physical constraints in the environment (obstacles related to terrain, climate, lack of infrastructure, etc.)","Physical constraints in the environment (obstacles related to terrain, climate, lack of infrastructure, etc.)","Physical constraints in the environment (obstacles related to terrain, climate, lack of infrastructure, etc.)","Physical constraints in the environment (obstacles related to terrain, climate, lack of infrastructure, etc.)","Physical constraints in the environment (obstacles related to terrain, climate, lack of infrastructure, etc.)","Physical constraints in the environment (obstacles related to terrain, climate, lack of infrastructure, etc.)","Physical constraints in the environment (obstacles related to terrain, climate, lack of infrastructure, etc.)","Physical constraints in the environment (obstacles related to terrain, climate, lack of infrastructure, etc.)","Physical constraints in the environment (obstacles related to terrain, climate, lack of infrastructure, etc.)","Physical constraints in the environment (obstacles related to terrain, climate, lack of infrastructure, etc.)","Physical constraints in the environment (obstacles related to terrain, climate, lack of infrastructure, etc.)","Physical constraints in the environment (obstacles related to terrain, climate, lack of infrastructure, etc.)","Physical constraints in the environment (obstacles related to terrain, climate, lack of infrastructure, etc.)","Physical constraints in the environment (obstacles related to terrain, climate, lack of infrastructure, etc.)","Physical constraints in the environment (obstacles related to terrain, climate, lack of infrastructure, etc.)","Physical constraints in the environment (obstacles related to terrain, climate, lack of infrastructure, etc.)","Physical constraints in the environment (obstacles related to terrain, climate, lack of infrastructure, etc.)","Physical constraints in the environment (obstacles related to terrain, climate, lack of infrastructure, etc.)","Physical constraints in the environment (obstacles related to terrain, climate, lack of infrastructure, etc.)","Physical constraints in the environment (obstacles related to terrain, climate, lack of infrastructure, etc.)","Physical constraints in the environment (obstacles related to terrain, climate, lack of infrastructure, etc.)","Physical constraints in the environment (obstacles related to terrain, climate, lack of infrastructure, etc.)","Physical constraints in the environment (obstacles related to terrain, climate, lack of infrastructure, etc.)","Physical constraints in the environment (obstacles related to terrain, climate, lack of infrastructure, etc.)","Physical constraints in the environment (obstacles related to terrain, climate, lack of infrastructure, etc.)","Physical constraints in the environment (obstacles related to terrain, climate, lack of infrastructure, etc.)","Physical constraints in the environment (obstacles related to terrain, climate, lack of infrastructure, etc.)","Physical constraints in the environment (obstacles related to terrain, climate, lack of infrastructure, etc.)","Physical constraints in the environment (obstacles related to terrain, climate, lack of infrastructure, etc.)","Physical constraints in the environment (obstacles related to terrain, climate, lack of infrastructure, etc.)","Physical constraints in the environment (obstacles related to terrain, climate, lack of infrastructure, etc.)","Physical constraints in the environment (obstacles related to terrain, climate, lack of infrastructure, etc.)","Physical constraints in the environment (obstacles related to terrain, climate, lack of infrastructure, etc.)","Physical constraints in the environment (obstacles related to terrain, climate, lack of infrastructure, etc.)","Physical constraints in the environment (obstacles related to terrain, climate, lack of infrastructure, etc.)","Physical constraints in the environment (obstacles related to terrain, climate, lack of infrastructure, etc.)","Physical constraints in the environment (obstacles related to terrain, climate, lack of infrastructure, etc.)","Physical constraints in the environment (obstacles related to terrain, climate, lack of infrastructure, etc.)","Physical constraints in the environment (obstacles related to terrain, climate, lack of infrastructure, etc.)","Physical constraints in the environment (obstacles related to terrain, climate, lack of infrastructure, etc.)","Physical constraints in the environment (obstacles related to terrain, climate, lack of infrastructure, etc.)","Physical constraints in the environment (obstacles related to terrain, climate, lack of infrastructure, etc.)","Physical constraints in the environment (obstacles related to terrain, climate, lack of infrastructure, etc.)","Physical constraints in the environment (obstacles related to terrain, climate, lack of infrastructure, etc.)","Physical constraints in the environment (obstacles related to terrain, climate, lack of infrastructure, etc.)","Physical constraints in the environment (obstacles related to terrain, climate, lack of infrastructure, etc.)","Physical constraints in the environment (obstacles related to terrain, climate, lack of infrastructure, etc.)","Physical constraints in the environment (obstacles related to terrain, climate, lack of infrastructure, etc.)","Physical constraints in the environment (obstacles related to terrain, climate, lack of infrastructure, etc.)","Physical constraints in the environment (obstacles related to terrain, climate, lack of infrastructure, etc.)","Physical constraints in the environment (obstacles related to terrain, climate, lack of infrastructure, etc.)","Physical constraints in the environment (obstacles related to terrain, climate, lack of infrastructure, etc.)","Physical constraints in the environment (obstacles related to terrain, climate, lack of infrastructure, etc.)","Physical constraints in the environment (obstacles related to terrain, climate, lack of infrastructure, etc.)","Physical constraints in the environment (obstacles related to terrain, climate, lack of infrastructure, etc.)","Physical constraints in the environment (obstacles related to terrain, climate, lack of infrastructure, etc.)","Physical constraints in the environment (obstacles related to terrain, climate, lack of infrastructure, etc.)","Physical constraints in the environment (obstacles related to terrain, climate, lack of infrastructure, etc.)","Physical constraints in the environment (obstacles related to terrain, climate, lack of infrastructure, etc.)","Physical constraints in the environment (obstacles related to terrain, climate, lack of infrastructure, etc.)","Physical constraints in the environment (obstacles related to terrain, climate, lack of infrastructure, etc.)","Physical constraints in the environment (obstacles related to terrain, climate, lack of infrastructure, etc.)","Physical constraints in the environment (obstacles related to terrain, climate, lack of infrastructure, etc.)","Physical constraints in the environment (obstacles related to terrain, climate, lack of infrastructure, etc.)","Physical constraints in the environment (obstacles related to terrain, climate, lack of infrastructure, etc.)","Physical constraints in the environment (obstacles related to terrain, climate, lack of infrastructure, etc.)","Physical constraints in the environment (obstacles related to terrain, climate, lack of infrastructure, etc.)","Physical constraints in the environment (obstacles related to terrain, climate, lack of infrastructure, etc.)","Physical constraints in the environment (obstacles related to terrain, climate, lack of infrastructure, etc.)","Physical constraints in the environment (obstacles related to terrain, climate, lack of infrastructure, etc.)","Physical constraints in the environment (obstacles related to terrain, climate, lack of infrastructure, etc.)","Physical constraints in the environment (obstacles related to terrain, climate, lack of infrastructure, etc.)","Physical constraints in the environment (obstacles related to terrain, climate, lack of infrastructure, etc.)","Physical constraints in the environment (obstacles related to terrain, climate, lack of infrastructure, etc.)","Physical constraints in the environment (obstacles related to terrain, climate, lack of infrastructure, etc.)","Physical constraints in the environment (obstacles related to terrain, climate, lack of infrastructure, etc.)","Physical constraints in the environment (obstacles related to terrain, climate, lack of infrastructure, etc.)","Physical constraints in the environment (obstacles related to terrain, climate, lack of infrastructure, etc.)","Physical constraints in the environment (obstacles related to terrain, climate, lack of infrastructure, etc.)","Physical constraints in the environment (obstacles related to terrain, climate, lack of infrastructure, etc.)","Physical constraints in the environment (obstacles related to terrain, climate, lack of infrastructure, etc.)","Physical constraints in the environment (obstacles related to terrain, climate, lack of infrastructure, etc.)","Physical constraints in the environment (obstacles related to terrain, climate, lack of infrastructure, etc.)","Physical constraints in the environment (obstacles related to terrain, climate, lack of infrastructure, etc.)","Physical constraints in the environment (obstacles related to terrain, climate, lack of infrastructure, etc.)","Physical constraints in the environment (obstacles related to terrain, climate, lack of infrastructure, etc.)","Physical constraints in the environment (obstacles related to terrain, climate, lack of infrastructure, etc.)","Physical constraints in the environment (obstacles related to terrain, climate, lack of infrastructure, etc.)","Physical constraints in the environment (obstacles related to terrain, climate, lack of infrastructure, etc.)","Physical constraints in the environment (obstacles related to terrain, climate, lack of infrastructure, etc.)","Physical constraints in the environment (obstacles related to terrain, climate, lack of infrastructure, etc.)","Physical constraints in the environment (obstacles related to terrain, climate, lack of infrastructure, etc.)","Physical constraints in the environment (obstacles related to terrain, climate, lack of infrastructure, etc.)","Physical constraints in the environment (obstacles related to terrain, climate, lack of infrastructure, etc.)","Physical constraints in the environment (obstacles related to terrain, climate, lack of infrastructure, etc.)","Physical constraints in the environment (obstacles related to terrain, climate, lack of infrastructure, etc.)","Physical constraints in the environment (obstacles related to terrain, climate, lack of infrastructure, etc.)","Physical constraints in the environment (obstacles related to terrain, climate, lack of infrastructure, etc.)","Physical constraints in the environment (obstacles related to terrain, climate, lack of infrastructure, etc.)","Physical constraints in the environment (obstacles related to terrain, climate, lack of infrastructure, etc.)","Physical constraints in the environment (obstacles related to terrain, climate, lack of infrastructure, etc.)","Physical constraints in the environment (obstacles related to terrain, climate, lack of infrastructure, etc.)","Physical constraints in the environment (obstacles related to terrain, climate, lack of infrastructure, etc.)","Physical constraints in the environment (obstacles related to terrain, climate, lack of infrastructure, etc.)","Physical constraints in the environment (obstacles related to terrain, climate, lack of infrastructure, etc.)","Physical constraints in the environment (obstacles related to terrain, climate, lack of infrastructure, etc.)","Physical constraints in the environment (obstacles related to terrain, climate, lack of infrastructure, etc.)","Physical constraints in the environment (obstacles related to terrain, climate, lack of infrastructure, etc.)","Physical constraints in the environment (obstacles related to terrain, climate, lack of infrastructure, etc.)","Physical constraints in the environment (obstacles related to terrain, climate, lack of infrastructure, etc.)","Physical constraints in the environment (obstacles related to terrain, climate, lack of infrastructure, etc.)","Physical constraints in the environment (obstacles related to terrain, climate, lack of infrastructure, etc.)","Physical constraints in the environment (obstacles related to terrain, climate, lack of infrastructure, etc.)","Physical constraints in the environment (obstacles related to terrain, climate, lack of infrastructure, etc.)","Physical constraints in the environment (obstacles related to terrain, climate, lack of infrastructure, etc.)","Physical constraints in the environment (obstacles related to terrain, climate, lack of infrastructure, etc.)","Physical constraints in the environment (obstacles related to terrain, climate, lack of infrastructure, etc.)","Physical constraints in the environment (obstacles related to terrain, climate, lack of infrastructure, etc.)","Physical constraints in the environment (obstacles related to terrain, climate, lack of infrastructure, etc.)","Physical constraints in the environment (obstacles related to terrain, climate, lack of infrastructure, etc.)","Physical constraints in the environment (obstacles related to terrain, climate, lack of infrastructure, etc.)","Physical constraints in the environment (obstacles related to terrain, climate, lack of infrastructure, etc.)","Physical constraints in the environment (obstacles related to terrain, climate, lack of infrastructure, etc.)","Physical constraints in the environment (obstacles related to terrain, climate, lack of infrastructure, etc.)","Physical constraints in the environment (obstacles related to terrain, climate, lack of infrastructure, etc.)","Physical constraints in the environment (obstacles related to terrain, climate, lack of infrastructure, etc.)","Physical constraints in the environment (obstacles related to terrain, climate, lack of infrastructure, etc.)","Physical constraints in the environment (obstacles related to terrain, climate, lack of infrastructure, etc.)","Physical constraints in the environment (obstacles related to terrain, climate, lack of infrastructure, etc.)","Physical constraints in the environment (obstacles related to terrain, climate, lack of infrastructure, etc.)","Physical constraints in the environment (obstacles related to terrain, climate, lack of infrastructure, etc.)","Physical constraints in the environment (obstacles related to terrain, climate, lack of infrastructure, etc.)","Physical constraints in the environment (obstacles related to terrain, climate, lack of infrastructure, etc.)","Physical constraints in the environment (obstacles related to terrain, climate, lack of infrastructure, etc.)","Physical constraints in the environment (obstacles related to terrain, climate, lack of infrastructure, etc.)","Physical constraints in the environment (obstacles related to terrain, climate, lack of infrastructure, etc.)","Physical constraints in the environment (obstacles related to terrain, climate, lack of infrastructure, etc.)","Physical constraints in the environment (obstacles related to terrain, climate, lack of infrastructure, etc.)","Physical constraints in the environment (obstacles related to terrain, climate, lack of infrastructure, etc.)","Physical constraints in the environment (obstacles related to terrain, climate, lack of infrastructure, etc.)","Physical constraints in the environment (obstacles related to terrain, climate, lack of infrastructure, etc.)","Physical constraints in the environment (obstacles related to terrain, climate, lack of infrastructure, etc.)","Physical constraints in the environment (obstacles related to terrain, climate, lack of infrastructure, etc.)","Physical constraints in the environment (obstacles related to terrain, climate, lack of infrastructure, etc.)","Physical constraints in the environment (obstacles related to terrain, climate, lack of infrastructure, etc.)","Physical constraints in the environment (obstacles related to terrain, climate, lack of infrastructure, etc.)","Physical constraints in the environment (obstacles related to terrain, climate, lack of infrastructure, etc.)","Physical constraints in the environment (obstacles related to terrain, climate, lack of infrastructure, etc.)","Physical constraints in the environment (obstacles related to terrain, climate, lack of infrastructure, etc.)","Physical constraints in the environment (obstacles related to terrain, climate, lack of infrastructure, etc.)","Physical constraints in the environment (obstacles related to terrain, climate, lack of infrastructure, etc.)","Physical constraints in the environment (obstacles related to terrain, climate, lack of infrastructure, etc.)","Physical constraints in the environment (obstacles related to terrain, climate, lack of infrastructure, etc.)","Physical constraints in the environment (obstacles related to terrain, climate, lack of infrastructure, etc.)","Physical constraints in the environment (obstacles related to terrain, climate, lack of infrastructure, etc.)","Physical constraints in the environment (obstacles related to terrain, climate, lack of infrastructure, etc.)","Physical constraints in the environment (obstacles related to terrain, climate, lack of infrastructure, etc.)","Physical constraints in the environment (obstacles related to terrain, climate, lack of infrastructure, etc.)","Physical constraints in the environment (obstacles related to terrain, climate, lack of infrastructure, etc.)","Physical constraints in the environment (obstacles related to terrain, climate, lack of infrastructure, etc.)","Physical constraints in the environment (obstacles related to terrain, climate, lack of infrastructure, etc.)","Physical constraints in the environment (obstacles related to terrain, climate, lack of infrastructure, etc.)","Physical constraints in the environment (obstacles related to terrain, climate, lack of infrastructure, etc.)","Physical constraints in the environment (obstacles related to terrain, climate, lack of infrastructure, etc.)","Physical constraints in the environment (obstacles related to terrain, climate, lack of infrastructure, etc.)","Physical constraints in the environment (obstacles related to terrain, climate, lack of infrastructure, etc.)","Physical constraints in the environment (obstacles related to terrain, climate, lack of infrastructure, etc.)","Physical constraints in the environment (obstacles related to terrain, climate, lack of infrastructure, etc.)","Physical constraints in the environment (obstacles related to terrain, climate, lack of infrastructure, etc.)","Physical constraints in the environment (obstacles related to terrain, climate, lack of infrastructure, etc.)","Physical constraints in the environment (obstacles related to terrain, climate, lack of infrastructure, etc.)","Physical constraints in the environment (obstacles related to terrain, climate, lack of infrastructure, etc.)","Physical constraints in the environment (obstacles related to terrain, climate, lack of infrastructure, etc.)","Physical constraints in the environment (obstacles related to terrain, climate, lack of infrastructure, etc.)","Physical constraints in the environment (obstacles related to terrain, climate, lack of infrastructure, etc.)","Physical constraints in the environment (obstacles related to terrain, climate, lack of infrastructure, etc.)","Physical constraints in the environment (obstacles related to terrain, climate, lack of infrastructure, etc.)","Physical constraints in the environment (obstacles related to terrain, climate, lack of infrastructure, etc.)","Physical constraints in the environment (obstacles related to terrain, climate, lack of infrastructure, etc.)","Physical constraints in the environment (obstacles related to terrain, climate, lack of infrastructure, etc.)","Physical constraints in the environment (obstacles related to terrain, climate, lack of infrastructure, etc.)","Physical constraints in the environment (obstacles related to terrain, climate, lack of infrastructure, etc.)","Physical constraints in the environment (obstacles related to terrain, climate, lack of infrastructure, etc.)","Physical constraints in the environment (obstacles related to terrain, climate, lack of infrastructure, etc.)","Physical constraints in the environment (obstacles related to terrain, climate, lack of infrastructure, etc.)","Physical constraints in the environment (obstacles related to terrain, climate, lack of infrastructure, etc.)","Physical constraints in the environment (obstacles related to terrain, climate, lack of infrastructure, etc.)","Physical constraints in the environment (obstacles related to terrain, climate, lack of infrastructure, etc.)","Physical constraints in the environment (obstacles related to terrain, climate, lack of infrastructure, etc.)","Physical constraints in the environment (obstacles related to terrain, climate, lack of infrastructure, etc.)","Physical constraints in the environment (obstacles related to terrain, climate, lack of infrastructure, etc.)","Physical constraints in the environment (obstacles related to terrain, climate, lack of infrastructure, etc.)","Physical constraints in the environment (obstacles related to terrain, climate, lack of infrastructure, etc.)","Physical constraints in the environment (obstacles related to terrain, climate, lack of infrastructure, etc.)","Physical constraints in the environment (obstacles related to terrain, climate, lack of infrastructure, etc.)","Physical constraints in the environment (obstacles related to terrain, climate, lack of infrastructure, etc.)","Physical constraints in the environment (obstacles related to terrain, climate, lack of infrastructure, etc.)","Physical constraints in the environment (obstacles related to terrain, climate, lack of infrastructure, etc.)","Physical constraints in the environment (obstacles related to terrain, climate, lack of infrastructure, etc.)","Physical constraints in the environment (obstacles related to terrain, climate, lack of infrastructure, etc.)","Physical constraints in the environment (obstacles related to terrain, climate, lack of infrastructure, etc.)","Physical constraints in the environment (obstacles related to terrain, climate, lack of infrastructure, etc.)","Physical constraints in the environment (obstacles related to terrain, climate, lack of infrastructure, etc.)"
,,,,,,,,,,,,,,,,,,,,,,,,,,,,,,,,,,,,,,,,,,,,,,,,,,,,,,,,,,,,,,,,,,,,,,,,,,,,,,,,,,,,,,,,,,,,,,,,,,,,,,,,,,,,,,,,,,,,,,,,,,,,,,,,,,,,,,,,,,,,,,,,,,,,,,,,,,,,,,,,,,,,,,,,,,,,,,,,,,,,,,,,,,,,,,,,,,,,,,,,,,,,,,,,,,,,,,,,,,,,,,
,,,,,,,,,,,,,,,,,,,,,,,,,,,,,,,,,,,,,,,,,,,,,,,,,,,,,,,,,,,,,,,,,,,,,,,,,,,,,,,,,,,,,,,,,,,,,,,,,,,,,,,,,,,,,,,,,,,,,,,,,,,,,,,,,,,,,,,,,,,,,,,,,,,,,,,,,,,,,,,,,,,,,,,,,,,,,,,,,,,,,,,,,,,,,,,,,,,,,,,,,,,,,,,,,,,,,,,,,,,,,,
,,,,,,,,,,,,,,,,,,,,,,,,,,,,,,,,,,,,,,,,,,,,,,,,,,,,,,,,,,,,,,,,,,,,,,,,,,,,,,,,,,,,,,,,,,,,,,,,,,,,,,,,,,,,,,,,,,,,,,,,,,,,,,,,,,,,,,,,,,,,,,,,,,,,,,,,,,,,,,,,,,,,,,,,,,,,,,,,,,,,,,,,,,,,,,,,,,,,,,,,,,,,,,,,,,,,,,,,,,,,,,
,,,,,,,,,,,,,,,,,,,,,,,,,,,,,,,,,,,,,,,,,,,,,,,,,,,,,,,,,,,,,,,,,,,,,,,,,,,,,,,,,,,,,,,,,,,,,,,,,,,,,,,,,,,,,,,,,,,,,,,,,,,,,,,,,,,,,,,,,,,,,,,,,,,,,,,,,,,,,,,,,,,,,,,,,,,,,,,,,,,,,,,,,,,,,,,,,,,,,,,,,,,,,,,,,,,,,,,,,,,,,,
,,,,,,,,,,,,,,,,,,,,,,,,,,,,,,,,,,,,,,,,,,,,,,,,,,,,,,,,,,,,,,,,,,,,,,,,,,,,,,,,,,,,,,,,,,,,,,,,,,,,,,,,,,,,,,,,,,,,,,,,,,,,,,,,,,,,,,,,,,,,,,,,,,,,,,,,,,,,,,,,,,,,,,,,,,,,,,,,,,,,,,,,,,,,,,,,,,,,,,,,,,,,,,,,,,,,,,,,,,,,,,
,,,,,,,,,,,,,,,,,,,,,,,,,,,,,,,,,,,,,,,,,,,,,,,,,,,,,,,,,,,,,,,,,,,,,,,,,,,,,,,,,,,,,,,,,,,,,,,,,,,,,,,,,,,,,,,,,,,,,,,,,,,,,,,,,,,,,,,,,,,,,,,,,,,,,,,,,,,,,,,,,,,,,,,,,,,,,,,,,,,,,,,,,,,,,,,,,,,,,,,,,,,,,,,,,,,,,,,,,,,,,,
,,,,,,,,,,,,,,,,,,,,,,,,,,,,,,,,,,,,,,,,,,,,,,,,,,,,,,,,,,,,,,,,,,,,,,,,,,,,,,,,,,,,,,,,,,,,,,,,,,,,,,,,,,,,,,,,,,,,,,,,,,,,,,,,,,,,,,,,,,,,,,,,,,,,,,,,,,,,,,,,,,,,,,,,,,,,,,,,,,,,,,,,,,,,,,,,,,,,,,,,,,,,,,,,,,,,,,,,,,,,,,
,,,,,,,,,,,,,,,,,,,,,,,,,,,,,,,,,,,,,,,,,,,,,,,,,,,,,,,,,,,,,,,,,,,,,,,,,,,,,,,,,,,,,,,,,,,,,,,,,,,,,,,,,,,,,,,,,,,,,,,,,,,,,,,,,,,,,,,,,,,,,,,,,,,,,,,,,,,,,,,,,,,,,,,,,,,,,,,,,,,,,,,,,,,,,,,,,,,,,,,,,,,,,,,,,,,,,,,,,,,,,,
,,,,,,,,,,,,,,,,,,,,,,,,,,,,,,,,,,,,,,,,,,,,,,,,,,,,,,,,,,,,,,,,,,,,,,,,,,,,,,,,,,,,,,,,,,,,,,,,,,,,,,,,,,,,,,,,,,,,,,,,,,,,,,,,,,,,,,,,,,,,,,,,,,,,,,,,,,,,,,,,,,,,,,,,,,,,,,,,,,,,,,,,,,,,,,,,,,,,,,,,,,,,,,,,,,,,,,,,,,,,,,
,,,,,,,,,,,,,,,,,,,,,,,,,,,,,,,,,,,,,,,,,,,,,,,,,,,,,,,,,,,,,,,,,,,,,,,,,,,,,,,,,,,,,,,,,,,,,,,,,,,,,,,,,,,,,,,,,,,,,,,,,,,,,,,,,,,,,,,,,,,,,,,,,,,,,,,,,,,,,,,,,,,,,,,,,,,,,,,,,,,,,,,,,,,,,,,,,,,,,,,,,,,,,,,,,,,,,,,,,,,,,,
,,,,,,,,,,,,,,,,,,,,,,,,,,,,,,,,,,,,,,,,,,,,,,,,,,,,,,,,,,,,,,,,,,,,,,,,,,,,,,,,,,,,,,,,,,,,,,,,,,,,,,,,,,,,,,,,,,,,,,,,,,,,,,,,,,,,,,,,,,,,,,,,,,,,,,,,,,,,,,,,,,,,,,,,,,,,,,,,,,,,,,,,,,,,,,,,,,,,,,,,,,,,,,,,,,,,,,,,,,,,,,
,,,,,,,,,,,,,,,,,,,,,,,,,,,,,,,,,,,,,,,,,,,,,,,,,,,,,,,,,,,,,,,,,,,,,,,,,,,,,,,,,,,,,,,,,,,,,,,,,,,,,,,,,,,,,,,,,,,,,,,,,,,,,,,,,,,,,,,,,,,,,,,,,,,,,,,,,,,,,,,,,,,,,,,,,,,,,,,,,,,,,,,,,,,,,,,,,,,,,,,,,,,,,,,,,,,,,,,,,,,,,,
,,,,,,,,,,,,,,,,,,,,,,,,,,,,,,,,,,,,,,,,,,,,,,,,,,,,,,,,,,,,,,,,,,,,,,,,,,,,,,,,,,,,,,,,,,,,,,,,,,,,,,,,,,,,,,,,,,,,,,,,,,,,,,,,,,,,,,,,,,,,,,,,,,,,,,,,,,,,,,,,,,,,,,,,,,,,,,,,,,,,,,,,,,,,,,,,,,,,,,,,,,,,,,,,,,,,,,,,,,,,,,
,,,,,,,,,,,,,,,,,,,,,,,,,,,,,,,,,,,,,,,,,,,,,,,,,,,,,,,,,,,,,,,,,,,,,,,,,,,,,,,,,,,,,,,,,,,,,,,,,,,,,,,,,,,,,,,,,,,,,,,,,,,,,,,,,,,,,,,,,,,,,,,,,,,,,,,,,,,,,,,,,,,,,,,,,,,,,,,,,,,,,,,,,,,,,,,,,,,,,,,,,,,,,,,,,,,,,,,,,,,,,,
,,,,,,,,,,,,,,,,,,,,,,,,,,,,,,,,,,,,,,,,,,,,,,,,,,,,,,,,,,,,,,,,,,,,,,,,,,,,,,,,,,,,,,,,,,,,,,,,,,,,,,,,,,,,,,,,,,,,,,,,,,,,,,,,,,,,,,,,,,,,,,,,,,,,,,,,,,,,,,,,,,,,,,,,,,,,,,,,,,,,,,,,,,,,,,,,,,,,,,,,,,,,,,,,,,,,,,,,,,,,,,
,,,,,,,,,,,,,,,,,,,,,,,,,,,,,,,,,,,,,,,,,,,,,,,,,,,,,,,,,,,,,,,,,,,,,,,,,,,,,,,,,,,,,,,,,,,,,,,,,,,,,,,,,,,,,,,,,,,,,,,,,,,,,,,,,,,,,,,,,,,,,,,,,,,,,,,,,,,,,,,,,,,,,,,,,,,,,,,,,,,,,,,,,,,,,,,,,,,,,,,,,,,,,,,,,,,,,,,,,,,,,,
,,,,,,,,,,,,,,,,,,,,,,,,,,,,,,,,,,,,,,,,,,,,,,,,,,,,,,,,,,,,,,,,,,,,,,,,,,,,,,,,,,,,,,,,,,,,,,,,,,,,,,,,,,,,,,,,,,,,,,,,,,,,,,,,,,,,,,,,,,,,,,,,,,,,,,,,,,,,,,,,,,,,,,,,,,,,,,,,,,,,,,,,,,,,,,,,,,,,,,,,,,,,,,,,,,,,,,,,,,,,,,
,,,,,,,,,,,,,,,,,,,,,,,,,,,,,,,,,,,,,,,,,,,,,,,,,,,,,,,,,,,,,,,,,,,,,,,,,,,,,,,,,,,,,,,,,,,,,,,,,,,,,,,,,,,,,,,,,,,,,,,,,,,,,,,,,,,,,,,,,,,,,,,,,,,,,,,,,,,,,,,,,,,,,,,,,,,,,,,,,,,,,,,,,,,,,,,,,,,,,,,,,,,,,,,,,,,,,,,,,,,,,,
,,,,,,,,,,,,,,,,,,,,,,,,,,,,,,,,,,,,,,,,,,,,,,,,,,,,,,,,,,,,,,,,,,,,,,,,,,,,,,,,,,,,,,,,,,,,,,,,,,,,,,,,,,,,,,,,,,,,,,,,,,,,,,,,,,,,,,,,,,,,,,,,,,,,,,,,,,,,,,,,,,,,,,,,,,,,,,,,,,,,,,,,,,,,,,,,,,,,,,,,,,,,,,,,,,,,,,,,,,,,,,
,,,,,,,,,,,,,,,,,,,,,,,,,,,,,,,,,,,,,,,,,,,,,,,,,,,,,,,,,,,,,,,,,,,,,,,,,,,,,,,,,,,,,,,,,,,,,,,,,,,,,,,,,,,,,,,,,,,,,,,,,,,,,,,,,,,,,,,,,,,,,,,,,,,,,,,,,,,,,,,,,,,,,,,,,,,,,,,,,,,,,,,,,,,,,,,,,,,,,,,,,,,,,,,,,,,,,,,,,,,,,,
,,,,,,,,,,,,,,,,,,,,,,,,,,,,,,,,,,,,,,,,,,,,,,,,,,,,,,,,,,,,,,,,,,,,,,,,,,,,,,,,,,,,,,,,,,,,,,,,,,,,,,,,,,,,,,,,,,,,,,,,,,,,,,,,,,,,,,,,,,,,,,,,,,,,,,,,,,,,,,,,,,,,,,,,,,,,,,,,,,,,,,,,,,,,,,,,,,,,,,,,,,,,,,,,,,,,,,,,,,,,,,
,,,,,,,,,,,,,,,,,,,,,,,,,,,,,,,,,,,,,,,,,,,,,,,,,,,,,,,,,,,,,,,,,,,,,,,,,,,,,,,,,,,,,,,,,,,,,,,,,,,,,,,,,,,,,,,,,,,,,,,,,,,,,,,,,,,,,,,,,,,,,,,,,,,,,,,,,,,,,,,,,,,,,,,,,,,,,,,,,,,,,,,,,,,,,,,,,,,,,,,,,,,,,,,,,,,,,,,,,,,,,,
,,,,,,,,,,,,,,,,,,,,,,,,,,,,,,,,,,,,,,,,,,,,,,,,,,,,,,,,,,,,,,,,,,,,,,,,,,,,,,,,,,,,,,,,,,,,,,,,,,,,,,,,,,,,,,,,,,,,,,,,,,,,,,,,,,,,,,,,,,,,,,,,,,,,,,,,,,,,,,,,,,,,,,,,,,,,,,,,,,,,,,,,,,,,,,,,,,,,,,,,,,,,,,,,,,,,,,,,,,,,,,
,,,,,,,,,,,,,,,,,,,,,,,,,,,,,,,,,,,,,,,,,,,,,,,,,,,,,,,,,,,,,,,,,,,,,,,,,,,,,,,,,,,,,,,,,,,,,,,,,,,,,,,,,,,,,,,,,,,,,,,,,,,,,,,,,,,,,,,,,,,,,,,,,,,,,,,,,,,,,,,,,,,,,,,,,,,,,,,,,,,,,,,,,,,,,,,,,,,,,,,,,,,,,,,,,,,,,,,,,,,,,,
,,,,,,,,,,,,,,,,,,,,,,,,,,,,,,,,,,,,,,,,,,,,,,,,,,,,,,,,,,,,,,,,,,,,,,,,,,,,,,,,,,,,,,,,,,,,,,,,,,,,,,,,,,,,,,,,,,,,,,,,,,,,,,,,,,,,,,,,,,,,,,,,,,,,,,,,,,,,,,,,,,,,,,,,,,,,,,,,,,,,,,,,,,,,,,,,,,,,,,,,,,,,,,,,,,,,,,,,,,,,,,
,,,,,,,,,,,,,,,,,,,,,,,,,,,,,,,,,,,,,,,,,,,,,,,,,,,,,,,,,,,,,,,,,,,,,,,,,,,,,,,,,,,,,,,,,,,,,,,,,,,,,,,,,,,,,,,,,,,,,,,,,,,,,,,,,,,,,,,,,,,,,,,,,,,,,,,,,,,,,,,,,,,,,,,,,,,,,,,,,,,,,,,,,,,,,,,,,,,,,,,,,,,,,,,,,,,,,,,,,,,,,,
,,,,,,,,,,,,,,,,,,,,,,,,,,,,,,,,,,,,,,,,,,,,,,,,,,,,,,,,,,,,,,,,,,,,,,,,,,,,,,,,,,,,,,,,,,,,,,,,,,,,,,,,,,,,,,,,,,,,,,,,,,,,,,,,,,,,,,,,,,,,,,,,,,,,,,,,,,,,,,,,,,,,,,,,,,,,,,,,,,,,,,,,,,,,,,,,,,,,,,,,,,,,,,,,,,,,,,,,,,,,,,
,,,,,,,,,,,,,,,,,,,,,,,,,,,,,,,,,,,,,,,,,,,,,,,,,,,,,,,,,,,,,,,,,,,,,,,,,,,,,,,,,,,,,,,,,,,,,,,,,,,,,,,,,,,,,,,,,,,,,,,,,,,,,,,,,,,,,,,,,,,,,,,,,,,,,,,,,,,,,,,,,,,,,,,,,,,,,,,,,,,,,,,,,,,,,,,,,,,,,,,,,,,,,,,,,,,,,,,,,,,,,,
,,,,,,,,,,,,,,,,,,,,,,,,,,,,,,,,,,,,,,,,,,,,,,,,,,,,,,,,,,,,,,,,,,,,,,,,,,,,,,,,,,,,,,,,,,,,,,,,,,,,,,,,,,,,,,,,,,,,,,,,,,,,,,,,,,,,,,,,,,,,,,,,,,,,,,,,,,,,,,,,,,,,,,,,,,,,,,,,,,,,,,,,,,,,,,,,,,,,,,,,,,,,,,,,,,,,,,,,,,,,,,
,,,,,,,,,,,,,,,,,,,,,,,,,,,,,,,,,,,,,,,,,,,,,,,,,,,,,,,,,,,,,,,,,,,,,,,,,,,,,,,,,,,,,,,,,,,,,,,,,,,,,,,,,,,,,,,,,,,,,,,,,,,,,,,,,,,,,,,,,,,,,,,,,,,,,,,,,,,,,,,,,,,,,,,,,,,,,,,,,,,,,,,,,,,,,,,,,,,,,,,,,,,,,,,,,,,,,,,,,,,,,,
,,,,,,,,,,,,,,,,,,,,,,,,,,,,,,,,,,,,,,,,,,,,,,,,,,,,,,,,,,,,,,,,,,,,,,,,,,,,,,,,,,,,,,,,,,,,,,,,,,,,,,,,,,,,,,,,,,,,,,,,,,,,,,,,,,,,,,,,,,,,,,,,,,,,,,,,,,,,,,,,,,,,,,,,,,,,,,,,,,,,,,,,,,,,,,,,,,,,,,,,,,,,,,,,,,,,,,,,,,,,,,
,,,,,,,,,,,,,,,,,,,,,,,,,,,,,,,,,,,,,,,,,,,,,,,,,,,,,,,,,,,,,,,,,,,,,,,,,,,,,,,,,,,,,,,,,,,,,,,,,,,,,,,,,,,,,,,,,,,,,,,,,,,,,,,,,,,,,,,,,,,,,,,,,,,,,,,,,,,,,,,,,,,,,,,,,,,,,,,,,,,,,,,,,,,,,,,,,,,,,,,,,,,,,,,,,,,,,,,,,,,,,,
,,,,,,,,,,,,,,,,,,,,,,,,,,,,,,,,,,,,,,,,,,,,,,,,,,,,,,,,,,,,,,,,,,,,,,,,,,,,,,,,,,,,,,,,,,,,,,,,,,,,,,,,,,,,,,,,,,,,,,,,,,,,,,,,,,,,,,,,,,,,,,,,,,,,,,,,,,,,,,,,,,,,,,,,,,,,,,,,,,,,,,,,,,,,,,,,,,,,,,,,,,,,,,,,,,,,,,,,,,,,,,
,,,,,,,,,,,,,,,,,,,,,,,,,,,,,,,,,,,,,,,,,,,,,,,,,,,,,,,,,,,,,,,,,,,,,,,,,,,,,,,,,,,,,,,,,,,,,,,,,,,,,,,,,,,,,,,,,,,,,,,,,,,,,,,,,,,,,,,,,,,,,,,,,,,,,,,,,,,,,,,,,,,,,,,,,,,,,,,,,,,,,,,,,,,,,,,,,,,,,,,,,,,,,,,,,,,,,,,,,,,,,,
,,,,,,,,,,,,,,,,,,,,,,,,,,,,,,,,,,,,,,,,,,,,,,,,,,,,,,,,,,,,,,,,,,,,,,,,,,,,,,,,,,,,,,,,,,,,,,,,,,,,,,,,,,,,,,,,,,,,,,,,,,,,,,,,,,,,,,,,,,,,,,,,,,,,,,,,,,,,,,,,,,,,,,,,,,,,,,,,,,,,,,,,,,,,,,,,,,,,,,,,,,,,,,,,,,,,,,,,,,,,,,
,,,,,,,,,,,,,,,,,,,,,,,,,,,,,,,,,,,,,,,,,,,,,,,,,,,,,,,,,,,,,,,,,,,,,,,,,,,,,,,,,,,,,,,,,,,,,,,,,,,,,,,,,,,,,,,,,,,,,,,,,,,,,,,,,,,,,,,,,,,,,,,,,,,,,,,,,,,,,,,,,,,,,,,,,,,,,,,,,,,,,,,,,,,,,,,,,,,,,,,,,,,,,,,,,,,,,,,,,,,,,,
,,,,,,,,,,,,,,,,,,,,,,,,,,,,,,,,,,,,,,,,,,,,,,,,,,,,,,,,,,,,,,,,,,,,,,,,,,,,,,,,,,,,,,,,,,,,,,,,,,,,,,,,,,,,,,,,,,,,,,,,,,,,,,,,,,,,,,,,,,,,,,,,,,,,,,,,,,,,,,,,,,,,,,,,,,,,,,,,,,,,,,,,,,,,,,,,,,,,,,,,,,,,,,,,,,,,,,,,,,,,,,
,,,,,,,,,,,,,,,,,,,,,,,,,,,,,,,,,,,,,,,,,,,,,,,,,,,,,,,,,,,,,,,,,,,,,,,,,,,,,,,,,,,,,,,,,,,,,,,,,,,,,,,,,,,,,,,,,,,,,,,,,,,,,,,,,,,,,,,,,,,,,,,,,,,,,,,,,,,,,,,,,,,,,,,,,,,,,,,,,,,,,,,,,,,,,,,,,,,,,,,,,,,,,,,,,,,,,,,,,,,,,,
,,,,,,,,,,,,,,,,,,,,,,,,,,,,,,,,,,,,,,,,,,,,,,,,,,,,,,,,,,,,,,,,,,,,,,,,,,,,,,,,,,,,,,,,,,,,,,,,,,,,,,,,,,,,,,,,,,,,,,,,,,,,,,,,,,,,,,,,,,,,,,,,,,,,,,,,,,,,,,,,,,,,,,,,,,,,,,,,,,,,,,,,,,,,,,,,,,,,,,,,,,,,,,,,,,,,,,,,,,,,,,
,,,,,,,,,,,,,,,,,,,,,,,,,,,,,,,,,,,,,,,,,,,,,,,,,,,,,,,,,,,,,,,,,,,,,,,,,,,,,,,,,,,,,,,,,,,,,,,,,,,,,,,,,,,,,,,,,,,,,,,,,,,,,,,,,,,,,,,,,,,,,,,,,,,,,,,,,,,,,,,,,,,,,,,,,,,,,,,,,,,,,,,,,,,,,,,,,,,,,,,,,,,,,,,,,,,,,,,,,,,,,,
,,,,,,,,,,,,,,,,,,,,,,,,,,,,,,,,,,,,,,,,,,,,,,,,,,,,,,,,,,,,,,,,,,,,,,,,,,,,,,,,,,,,,,,,,,,,,,,,,,,,,,,,,,,,,,,,,,,,,,,,,,,,,,,,,,,,,,,,,,,,,,,,,,,,,,,,,,,,,,,,,,,,,,,,,,,,,,,,,,,,,,,,,,,,,,,,,,,,,,,,,,,,,,,,,,,,,,,,,,,,,,
,,,,,,,,,,,,,,,,,,,,,,,,,,,,,,,,,,,,,,,,,,,,,,,,,,,,,,,,,,,,,,,,,,,,,,,,,,,,,,,,,,,,,,,,,,,,,,,,,,,,,,,,,,,,,,,,,,,,,,,,,,,,,,,,,,,,,,,,,,,,,,,,,,,,,,,,,,,,,,,,,,,,,,,,,,,,,,,,,,,,,,,,,,,,,,,,,,,,,,,,,,,,,,,,,,,,,,,,,,,,,,
,,,,,,,,,,,,,,,,,,,,,,,,,,,,,,,,,,,,,,,,,,,,,,,,,,,,,,,,,,,,,,,,,,,,,,,,,,,,,,,,,,,,,,,,,,,,,,,,,,,,,,,,,,,,,,,,,,,,,,,,,,,,,,,,,,,,,,,,,,,,,,,,,,,,,,,,,,,,,,,,,,,,,,,,,,,,,,,,,,,,,,,,,,,,,,,,,,,,,,,,,,,,,,,,,,,,,,,,,,,,,,
,,,,,,,,,,,,,,,,,,,,,,,,,,,,,,,,,,,,,,,,,,,,,,,,,,,,,,,,,,,,,,,,,,,,,,,,,,,,,,,,,,,,,,,,,,,,,,,,,,,,,,,,,,,,,,,,,,,,,,,,,,,,,,,,,,,,,,,,,,,,,,,,,,,,,,,,,,,,,,,,,,,,,,,,,,,,,,,,,,,,,,,,,,,,,,,,,,,,,,,,,,,,,,,,,,,,,,,,,,,,,,
,,,,,,,,,,,,,,,,,,,,,,,,,,,,,,,,,,,,,,,,,,,,,,,,,,,,,,,,,,,,,,,,,,,,,,,,,,,,,,,,,,,,,,,,,,,,,,,,,,,,,,,,,,,,,,,,,,,,,,,,,,,,,,,,,,,,,,,,,,,,,,,,,,,,,,,,,,,,,,,,,,,,,,,,,,,,,,,,,,,,,,,,,,,,,,,,,,,,,,,,,,,,,,,,,,,,,,,,,,,,,,
,,,,,,,,,,,,,,,,,,,,,,,,,,,,,,,,,,,,,,,,,,,,,,,,,,,,,,,,,,,,,,,,,,,,,,,,,,,,,,,,,,,,,,,,,,,,,,,,,,,,,,,,,,,,,,,,,,,,,,,,,,,,,,,,,,,,,,,,,,,,,,,,,,,,,,,,,,,,,,,,,,,,,,,,,,,,,,,,,,,,,,,,,,,,,,,,,,,,,,,,,,,,,,,,,,,,,,,,,,,,,,
,,,,,,,,,,,,,,,,,,,,,,,,,,,,,,,,,,,,,,,,,,,,,,,,,,,,,,,,,,,,,,,,,,,,,,,,,,,,,,,,,,,,,,,,,,,,,,,,,,,,,,,,,,,,,,,,,,,,,,,,,,,,,,,,,,,,,,,,,,,,,,,,,,,,,,,,,,,,,,,,,,,,,,,,,,,,,,,,,,,,,,,,,,,,,,,,,,,,,,,,,,,,,,,,,,,,,,,,,,,,,,
,,,,,,,,,,,,,,,,,,,,,,,,,,,,,,,,,,,,,,,,,,,,,,,,,,,,,,,,,,,,,,,,,,,,,,,,,,,,,,,,,,,,,,,,,,,,,,,,,,,,,,,,,,,,,,,,,,,,,,,,,,,,,,,,,,,,,,,,,,,,,,,,,,,,,,,,,,,,,,,,,,,,,,,,,,,,,,,,,,,,,,,,,,,,,,,,,,,,,,,,,,,,,,,,,,,,,,,,,,,,,,
,,,,,,,,,,,,,,,,,,,,,,,,,,,,,,,,,,,,,,,,,,,,,,,,,,,,,,,,,,,,,,,,,,,,,,,,,,,,,,,,,,,,,,,,,,,,,,,,,,,,,,,,,,,,,,,,,,,,,,,,,,,,,,,,,,,,,,,,,,,,,,,,,,,,,,,,,,,,,,,,,,,,,,,,,,,,,,,,,,,,,,,,,,,,,,,,,,,,,,,,,,,,,,,,,,,,,,,,,,,,,,
,,,,,,,,,,,,,,,,,,,,,,,,,,,,,,,,,,,,,,,,,,,,,,,,,,,,,,,,,,,,,,,,,,,,,,,,,,,,,,,,,,,,,,,,,,,,,,,,,,,,,,,,,,,,,,,,,,,,,,,,,,,,,,,,,,,,,,,,,,,,,,,,,,,,,,,,,,,,,,,,,,,,,,,,,,,,,,,,,,,,,,,,,,,,,,,,,,,,,,,,,,,,,,,,,,,,,,,,,,,,,,
,,,,,,,,,,,,,,,,,,,,,,,,,,,,,,,,,,,,,,,,,,,,,,,,,,,,,,,,,,,,,,,,,,,,,,,,,,,,,,,,,,,,,,,,,,,,,,,,,,,,,,,,,,,,,,,,,,,,,,,,,,,,,,,,,,,,,,,,,,,,,,,,,,,,,,,,,,,,,,,,,,,,,,,,,,,,,,,,,,,,,,,,,,,,,,,,,,,,,,,,,,,,,,,,,,,,,,,,,,,,,,
,,,,,,,,,,,,,,,,,,,,,,,,,,,,,,,,,,,,,,,,,,,,,,,,,,,,,,,,,,,,,,,,,,,,,,,,,,,,,,,,,,,,,,,,,,,,,,,,,,,,,,,,,,,,,,,,,,,,,,,,,,,,,,,,,,,,,,,,,,,,,,,,,,,,,,,,,,,,,,,,,,,,,,,,,,,,,,,,,,,,,,,,,,,,,,,,,,,,,,,,,,,,,,,,,,,,,,,,,,,,,,
,,,,,,,,,,,,,,,,,,,,,,,,,,,,,,,,,,,,,,,,,,,,,,,,,,,,,,,,,,,,,,,,,,,,,,,,,,,,,,,,,,,,,,,,,,,,,,,,,,,,,,,,,,,,,,,,,,,,,,,,,,,,,,,,,,,,,,,,,,,,,,,,,,,,,,,,,,,,,,,,,,,,,,,,,,,,,,,,,,,,,,,,,,,,,,,,,,,,,,,,,,,,,,,,,,,,,,,,,,,,,,
,,,,,,,,,,,,,,,,,,,,,,,,,,,,,,,,,,,,,,,,,,,,,,,,,,,,,,,,,,,,,,,,,,,,,,,,,,,,,,,,,,,,,,,,,,,,,,,,,,,,,,,,,,,,,,,,,,,,,,,,,,,,,,,,,,,,,,,,,,,,,,,,,,,,,,,,,,,,,,,,,,,,,,,,,,,,,,,,,,,,,,,,,,,,,,,,,,,,,,,,,,,,,,,,,,,,,,,,,,,,,,
,,,,,,,,,,,,,,,,,,,,,,,,,,,,,,,,,,,,,,,,,,,,,,,,,,,,,,,,,,,,,,,,,,,,,,,,,,,,,,,,,,,,,,,,,,,,,,,,,,,,,,,,,,,,,,,,,,,,,,,,,,,,,,,,,,,,,,,,,,,,,,,,,,,,,,,,,,,,,,,,,,,,,,,,,,,,,,,,,,,,,,,,,,,,,,,,,,,,,,,,,,,,,,,,,,,,,,,,,,,,,,
,,,,,,,,,,,,,,,,,,,,,,,,,,,,,,,,,,,,,,,,,,,,,,,,,,,,,,,,,,,,,,,,,,,,,,,,,,,,,,,,,,,,,,,,,,,,,,,,,,,,,,,,,,,,,,,,,,,,,,,,,,,,,,,,,,,,,,,,,,,,,,,,,,,,,,,,,,,,,,,,,,,,,,,,,,,,,,,,,,,,,,,,,,,,,,,,,,,,,,,,,,,,,,,,,,,,,,,,,,,,,,
,,,,,,,,,,,,,,,,,,,,,,,,,,,,,,,,,,,,,,,,,,,,,,,,,,,,,,,,,,,,,,,,,,,,,,,,,,,,,,,,,,,,,,,,,,,,,,,,,,,,,,,,,,,,,,,,,,,,,,,,,,,,,,,,,,,,,,,,,,,,,,,,,,,,,,,,,,,,,,,,,,,,,,,,,,,,,,,,,,,,,,,,,,,,,,,,,,,,,,,,,,,,,,,,,,,,,,,,,,,,,,
,,,,,,,,,,,,,,,,,,,,,,,,,,,,,,,,,,,,,,,,,,,,,,,,,,,,,,,,,,,,,,,,,,,,,,,,,,,,,,,,,,,,,,,,,,,,,,,,,,,,,,,,,,,,,,,,,,,,,,,,,,,,,,,,,,,,,,,,,,,,,,,,,,,,,,,,,,,,,,,,,,,,,,,,,,,,,,,,,,,,,,,,,,,,,,,,,,,,,,,,,,,,,,,,,,,,,,,,,,,,,,
,,,,,,,,,,,,,,,,,,,,,,,,,,,,,,,,,,,,,,,,,,,,,,,,,,,,,,,,,,,,,,,,,,,,,,,,,,,,,,,,,,,,,,,,,,,,,,,,,,,,,,,,,,,,,,,,,,,,,,,,,,,,,,,,,,,,,,,,,,,,,,,,,,,,,,,,,,,,,,,,,,,,,,,,,,,,,,,,,,,,,,,,,,,,,,,,,,,,,,,,,,,,,,,,,,,,,,,,,,,,,,
,,,,,,,,,,,,,,,,,,,,,,,,,,,,,,,,,,,,,,,,,,,,,,,,,,,,,,,,,,,,,,,,,,,,,,,,,,,,,,,,,,,,,,,,,,,,,,,,,,,,,,,,,,,,,,,,,,,,,,,,,,,,,,,,,,,,,,,,,,,,,,,,,,,,,,,,,,,,,,,,,,,,,,,,,,,,,,,,,,,,,,,,,,,,,,,,,,,,,,,,,,,,,,,,,,,,,,,,,,,,,,
,,,,,,,,,,,,,,,,,,,,,,,,,,,,,,,,,,,,,,,,,,,,,,,,,,,,,,,,,,,,,,,,,,,,,,,,,,,,,,,,,,,,,,,,,,,,,,,,,,,,,,,,,,,,,,,,,,,,,,,,,,,,,,,,,,,,,,,,,,,,,,,,,,,,,,,,,,,,,,,,,,,,,,,,,,,,,,,,,,,,,,,,,,,,,,,,,,,,,,,,,,,,,,,,,,,,,,,,,,,,,,
,,,,,,,,,,,,,,,,,,,,,,,,,,,,,,,,,,,,,,,,,,,,,,,,,,,,,,,,,,,,,,,,,,,,,,,,,,,,,,,,,,,,,,,,,,,,,,,,,,,,,,,,,,,,,,,,,,,,,,,,,,,,,,,,,,,,,,,,,,,,,,,,,,,,,,,,,,,,,,,,,,,,,,,,,,,,,,,,,,,,,,,,,,,,,,,,,,,,,,,,,,,,,,,,,,,,,,,,,,,,,,
,,,,,,,,,,,,,,,,,,,,,,,,,,,,,,,,,,,,,,,,,,,,,,,,,,,,,,,,,,,,,,,,,,,,,,,,,,,,,,,,,,,,,,,,,,,,,,,,,,,,,,,,,,,,,,,,,,,,,,,,,,,,,,,,,,,,,,,,,,,,,,,,,,,,,,,,,,,,,,,,,,,,,,,,,,,,,,,,,,,,,,,,,,,,,,,,,,,,,,,,,,,,,,,,,,,,,,,,,,,,,,
,,,,,,,,,,,,,,,,,,,,,,,,,,,,,,,,,,,,,,,,,,,,,,,,,,,,,,,,,,,,,,,,,,,,,,,,,,,,,,,,,,,,,,,,,,,,,,,,,,,,,,,,,,,,,,,,,,,,,,,,,,,,,,,,,,,,,,,,,,,,,,,,,,,,,,,,,,,,,,,,,,,,,,,,,,,,,,,,,,,,,,,,,,,,,,,,,,,,,,,,,,,,,,,,,,,,,,,,,,,,,,
,,,,,,,,,,,,,,,,,,,,,,,,,,,,,,,,,,,,,,,,,,,,,,,,,,,,,,,,,,,,,,,,,,,,,,,,,,,,,,,,,,,,,,,,,,,,,,,,,,,,,,,,,,,,,,,,,,,,,,,,,,,,,,,,,,,,,,,,,,,,,,,,,,,,,,,,,,,,,,,,,,,,,,,,,,,,,,,,,,,,,,,,,,,,,,,,,,,,,,,,,,,,,,,,,,,,,,,,,,,,,,
,,,,,,,,,,,,,,,,,,,,,,,,,,,,,,,,,,,,,,,,,,,,,,,,,,,,,,,,,,,,,,,,,,,,,,,,,,,,,,,,,,,,,,,,,,,,,,,,,,,,,,,,,,,,,,,,,,,,,,,,,,,,,,,,,,,,,,,,,,,,,,,,,,,,,,,,,,,,,,,,,,,,,,,,,,,,,,,,,,,,,,,,,,,,,,,,,,,,,,,,,,,,,,,,,,,,,,,,,,,,,,
,,,,,,,,,,,,,,,,,,,,,,,,,,,,,,,,,,,,,,,,,,,,,,,,,,,,,,,,,,,,,,,,,,,,,,,,,,,,,,,,,,,,,,,,,,,,,,,,,,,,,,,,,,,,,,,,,,,,,,,,,,,,,,,,,,,,,,,,,,,,,,,,,,,,,,,,,,,,,,,,,,,,,,,,,,,,,,,,,,,,,,,,,,,,,,,,,,,,,,,,,,,,,,,,,,,,,,,,,,,,,,
,,,,,,,,,,,,,,,,,,,,,,,,,,,,,,,,,,,,,,,,,,,,,,,,,,,,,,,,,,,,,,,,,,,,,,,,,,,,,,,,,,,,,,,,,,,,,,,,,,,,,,,,,,,,,,,,,,,,,,,,,,,,,,,,,,,,,,,,,,,,,,,,,,,,,,,,,,,,,,,,,,,,,,,,,,,,,,,,,,,,,,,,,,,,,,,,,,,,,,,,,,,,,,,,,,,,,,,,,,,,,,
,,,,,,,,,,,,,,,,,,,,,,,,,,,,,,,,,,,,,,,,,,,,,,,,,,,,,,,,,,,,,,,,,,,,,,,,,,,,,,,,,,,,,,,,,,,,,,,,,,,,,,,,,,,,,,,,,,,,,,,,,,,,,,,,,,,,,,,,,,,,,,,,,,,,,,,,,,,,,,,,,,,,,,,,,,,,,,,,,,,,,,,,,,,,,,,,,,,,,,,,,,,,,,,,,,,,,,,,,,,,,,
,,,,,,,,,,,,,,,,,,,,,,,,,,,,,,,,,,,,,,,,,,,,,,,,,,,,,,,,,,,,,,,,,,,,,,,,,,,,,,,,,,,,,,,,,,,,,,,,,,,,,,,,,,,,,,,,,,,,,,,,,,,,,,,,,,,,,,,,,,,,,,,,,,,,,,,,,,,,,,,,,,,,,,,,,,,,,,,,,,,,,,,,,,,,,,,,,,,,,,,,,,,,,,,,,,,,,,,,,,,,,,
,,,,,,,,,,,,,,,,,,,,,,,,,,,,,,,,,,,,,,,,,,,,,,,,,,,,,,,,,,,,,,,,,,,,,,,,,,,,,,,,,,,,,,,,,,,,,,,,,,,,,,,,,,,,,,,,,,,,,,,,,,,,,,,,,,,,,,,,,,,,,,,,,,,,,,,,,,,,,,,,,,,,,,,,,,,,,,,,,,,,,,,,,,,,,,,,,,,,,,,,,,,,,,,,,,,,,,,,,,,,,,
,,,,,,,,,,,,,,,,,,,,,,,,,,,,,,,,,,,,,,,,,,,,,,,,,,,,,,,,,,,,,,,,,,,,,,,,,,,,,,,,,,,,,,,,,,,,,,,,,,,,,,,,,,,,,,,,,,,,,,,,,,,,,,,,,,,,,,,,,,,,,,,,,,,,,,,,,,,,,,,,,,,,,,,,,,,,,,,,,,,,,,,,,,,,,,,,,,,,,,,,,,,,,,,,,,,,,,,,,,,,,,
,,,,,,,,,,,,,,,,,,,,,,,,,,,,,,,,,,,,,,,,,,,,,,,,,,,,,,,,,,,,,,,,,,,,,,,,,,,,,,,,,,,,,,,,,,,,,,,,,,,,,,,,,,,,,,,,,,,,,,,,,,,,,,,,,,,,,,,,,,,,,,,,,,,,,,,,,,,,,,,,,,,,,,,,,,,,,,,,,,,,,,,,,,,,,,,,,,,,,,,,,,,,,,,,,,,,,,,,,,,,,,
,,,,,,,,,,,,,,,,,,,,,,,,,,,,,,,,,,,,,,,,,,,,,,,,,,,,,,,,,,,,,,,,,,,,,,,,,,,,,,,,,,,,,,,,,,,,,,,,,,,,,,,,,,,,,,,,,,,,,,,,,,,,,,,,,,,,,,,,,,,,,,,,,,,,,,,,,,,,,,,,,,,,,,,,,,,,,,,,,,,,,,,,,,,,,,,,,,,,,,,,,,,,,,,,,,,,,,,,,,,,,,
,,,,,,,,,,,,,,,,,,,,,,,,,,,,,,,,,,,,,,,,,,,,,,,,,,,,,,,,,,,,,,,,,,,,,,,,,,,,,,,,,,,,,,,,,,,,,,,,,,,,,,,,,,,,,,,,,,,,,,,,,,,,,,,,,,,,,,,,,,,,,,,,,,,,,,,,,,,,,,,,,,,,,,,,,,,,,,,,,,,,,,,,,,,,,,,,,,,,,,,,,,,,,,,,,,,,,,,,,,,,,,
,,,,,,,,,,,,,,,,,,,,,,,,,,,,,,,,,,,,,,,,,,,,,,,,,,,,,,,,,,,,,,,,,,,,,,,,,,,,,,,,,,,,,,,,,,,,,,,,,,,,,,,,,,,,,,,,,,,,,,,,,,,,,,,,,,,,,,,,,,,,,,,,,,,,,,,,,,,,,,,,,,,,,,,,,,,,,,,,,,,,,,,,,,,,,,,,,,,,,,,,,,,,,,,,,,,,,,,,,,,,,,
,,,,,,,,,,,,,,,,,,,,,,,,,,,,,,,,,,,,,,,,,,,,,,,,,,,,,,,,,,,,,,,,,,,,,,,,,,,,,,,,,,,,,,,,,,,,,,,,,,,,,,,,,,,,,,,,,,,,,,,,,,,,,,,,,,,,,,,,,,,,,,,,,,,,,,,,,,,,,,,,,,,,,,,,,,,,,,,,,,,,,,,,,,,,,,,,,,,,,,,,,,,,,,,,,,,,,,,,,,,,,,
,,,,,,,,,,,,,,,,,,,,,,,,,,,,,,,,,,,,,,,,,,,,,,,,,,,,,,,,,,,,,,,,,,,,,,,,,,,,,,,,,,,,,,,,,,,,,,,,,,,,,,,,,,,,,,,,,,,,,,,,,,,,,,,,,,,,,,,,,,,,,,,,,,,,,,,,,,,,,,,,,,,,,,,,,,,,,,,,,,,,,,,,,,,,,,,,,,,,,,,,,,,,,,,,,,,,,,,,,,,,,,
,,,,,,,,,,,,,,,,,,,,,,,,,,,,,,,,,,,,,,,,,,,,,,,,,,,,,,,,,,,,,,,,,,,,,,,,,,,,,,,,,,,,,,,,,,,,,,,,,,,,,,,,,,,,,,,,,,,,,,,,,,,,,,,,,,,,,,,,,,,,,,,,,,,,,,,,,,,,,,,,,,,,,,,,,,,,,,,,,,,,,,,,,,,,,,,,,,,,,,,,,,,,,,,,,,,,,,,,,,,,,,
,,,,,,,,,,,,,,,,,,,,,,,,,,,,,,,,,,,,,,,,,,,,,,,,,,,,,,,,,,,,,,,,,,,,,,,,,,,,,,,,,,,,,,,,,,,,,,,,,,,,,,,,,,,,,,,,,,,,,,,,,,,,,,,,,,,,,,,,,,,,,,,,,,,,,,,,,,,,,,,,,,,,,,,,,,,,,,,,,,,,,,,,,,,,,,,,,,,,,,,,,,,,,,,,,,,,,,,,,,,,,,
,,,,,,,,,,,,,,,,,,,,,,,,,,,,,,,,,,,,,,,,,,,,,,,,,,,,,,,,,,,,,,,,,,,,,,,,,,,,,,,,,,,,,,,,,,,,,,,,,,,,,,,,,,,,,,,,,,,,,,,,,,,,,,,,,,,,,,,,,,,,,,,,,,,,,,,,,,,,,,,,,,,,,,,,,,,,,,,,,,,,,,,,,,,,,,,,,,,,,,,,,,,,,,,,,,,,,,,,,,,,,,
,,,,,,,,,,,,,,,,,,,,,,,,,,,,,,,,,,,,,,,,,,,,,,,,,,,,,,,,,,,,,,,,,,,,,,,,,,,,,,,,,,,,,,,,,,,,,,,,,,,,,,,,,,,,,,,,,,,,,,,,,,,,,,,,,,,,,,,,,,,,,,,,,,,,,,,,,,,,,,,,,,,,,,,,,,,,,,,,,,,,,,,,,,,,,,,,,,,,,,,,,,,,,,,,,,,,,,,,,,,,,,
,,,,,,,,,,,,,,,,,,,,,,,,,,,,,,,,,,,,,,,,,,,,,,,,,,,,,,,,,,,,,,,,,,,,,,,,,,,,,,,,,,,,,,,,,,,,,,,,,,,,,,,,,,,,,,,,,,,,,,,,,,,,,,,,,,,,,,,,,,,,,,,,,,,,,,,,,,,,,,,,,,,,,,,,,,,,,,,,,,,,,,,,,,,,,,,,,,,,,,,,,,,,,,,,,,,,,,,,,,,,,,
,,,,,,,,,,,,,,,,,,,,,,,,,,,,,,,,,,,,,,,,,,,,,,,,,,,,,,,,,,,,,,,,,,,,,,,,,,,,,,,,,,,,,,,,,,,,,,,,,,,,,,,,,,,,,,,,,,,,,,,,,,,,,,,,,,,,,,,,,,,,,,,,,,,,,,,,,,,,,,,,,,,,,,,,,,,,,,,,,,,,,,,,,,,,,,,,,,,,,,,,,,,,,,,,,,,,,,,,,,,,,,
,,,,,,,,,,,,,,,,,,,,,,,,,,,,,,,,,,,,,,,,,,,,,,,,,,,,,,,,,,,,,,,,,,,,,,,,,,,,,,,,,,,,,,,,,,,,,,,,,,,,,,,,,,,,,,,,,,,,,,,,,,,,,,,,,,,,,,,,,,,,,,,,,,,,,,,,,,,,,,,,,,,,,,,,,,,,,,,,,,,,,,,,,,,,,,,,,,,,,,,,,,,,,,,,,,,,,,,,,,,,,,
,,,,,,,,,,,,,,,,,,,,,,,,,,,,,,,,,,,,,,,,,,,,,,,,,,,,,,,,,,,,,,,,,,,,,,,,,,,,,,,,,,,,,,,,,,,,,,,,,,,,,,,,,,,,,,,,,,,,,,,,,,,,,,,,,,,,,,,,,,,,,,,,,,,,,,,,,,,,,,,,,,,,,,,,,,,,,,,,,,,,,,,,,,,,,,,,,,,,,,,,,,,,,,,,,,,,,,,,,,,,,,
,,,,,,,,,,,,,,,,,,,,,,,,,,,,,,,,,,,,,,,,,,,,,,,,,,,,,,,,,,,,,,,,,,,,,,,,,,,,,,,,,,,,,,,,,,,,,,,,,,,,,,,,,,,,,,,,,,,,,,,,,,,,,,,,,,,,,,,,,,,,,,,,,,,,,,,,,,,,,,,,,,,,,,,,,,,,,,,,,,,,,,,,,,,,,,,,,,,,,,,,,,,,,,,,,,,,,,,,,,,,,,
,,,,,,,,,,,,,,,,,,,,,,,,,,,,,,,,,,,,,,,,,,,,,,,,,,,,,,,,,,,,,,,,,,,,,,,,,,,,,,,,,,,,,,,,,,,,,,,,,,,,,,,,,,,,,,,,,,,,,,,,,,,,,,,,,,,,,,,,,,,,,,,,,,,,,,,,,,,,,,,,,,,,,,,,,,,,,,,,,,,,,,,,,,,,,,,,,,,,,,,,,,,,,,,,,,,,,,,,,,,,,,
