risk_id,country,iso3,risk_title,crisis_id,geographic_level,risk_type,date_entered,last_risk_update,published,publication_link,rationale,trigger,exposure,intensity,vulnerability,impact,probability,risk_level,status,_internal_filter_date
R0001,['Syria'],['SYR'],"A full-scale offensive on northwestern Syria leads to the displacement of millions, a high number of civilian casualties, and severe humanitarian needs.",['SYR001'],Subnational,New emerging risk,2019-06-01,2024-06-13T13:53:48.000Z,2019-06-01,https://www.acaps.org/sites/acaps/files/products/files/acaps_crisisinsight_quarterly_risk_analysis_june_2019.pdf,"An offensive on opposition-held northwest Syria is expected, following conflict escalation between the Government of Syria, Russia, Turkey and Turkey supported-opposition forces. Syria and Russia want to take control over the M4 highway, as it would improve transportation between different areas and has important strategic value. While, turkey is interested in remaining Kurdish areas and consider it a national threat. The end of 2020 has saw an increased tension in northern Syria. 
In 2022, civilians in northern Syria face another year of confrontation between the Syrian government and other authorities and conflict actors and land exchange. Sporadic several attacks are expected. 
Any new offensive will trigger further new/protracted displacement. Several humanitarian actors are currently operating from Idleb or remotely, but an offensive will drastically impact access and reduce operations. The humanitarian needs are expected to increase in term of numbers and severity. 
","Further advancement and increased Government of Syria/ Russia/Turkey deployments.
Turkey renewed its threats of new offensive. 
Major Russian-backed Government of Syria offensive.
Turkey increased support to opposition.

The most forthcoming offensive in northwest Syria is on segments of the M4 highway, with diplomatic coordination/Land exchange between Russia and Turkey.
",">500,000",5,"Preexisting vulnerabilities and exhausted coping capacities following eleven years of war in Syria would exacerbate the humanitarian situation. Humanitarian needs and severity are already widespread. The pre-existing vulnerabilities including: 
1) Security risks, ISIS pocket, and socio-political and economic challenges, 
2) Divisions between NWS, NWS and overall Syria,
3) Presence of multiple armed groups and militias, backed by different groups,
4) Water scarcity,
5) Temperatures and extreme weather events,
6) Resource-constrained communities, 
7) Protracted displacement, 
8) Hosting refugees, 
9) COVID-19 

Not everyone with the same characteristics will experience the same level of vulnerability. Women in general, including Female-headed households, including war widows, and pregnant and lactating women; Adolescent girls at risk of early or forced marriage; Unaccompanied and separated children; Children engaging in child labour or recruited by parties to conflict; Tensions between displaced and host communities; People without documentation, Rural vs Urban, 
",5,Low,Medium,Not materialised,2024-06-13
R0009,"['Iran', 'United States', 'Yemen', 'Iraq', 'Syria', 'Afghanistan']","['IRN', 'USA', 'YEM', 'IRQ', 'SYR', 'AFG']","Heightened tensions between Iran and the US and their allies spark conflict between regional proxies in the Middle East, leading to new humanitarian needs in the region.","['YEM001', 'SYR001', 'IRQ002']",Regional,New emerging risk,2019-06-01,2024-06-13T13:53:51.000Z,2019-06-01,https://www.acaps.org/sites/acaps/files/products/files/acaps_crisisinsight_quarterly_risk_analysis_june_2019.pdf,"A series of events have raised fears of an escalation of proxy conflict between the US, Iran and their allies in the Middle East. Countries particularly at risk of being affected are Iraq and Yemen as well as, to a smaller extent, Syria, Lebanon, Afghanistan and Iran itself. Attacks on oil tankers in the Gulf in recent weeks have provoked threatening rhetoric between the US and Iran. The US blamed the incidents on Iran and deployed 2,500 troops, an aircraft carrier and bomber planes to the Middle East to counter “Iranian threats”. The US also recently tightened economic sanctions on Iran and labelled the Islamic Revolutionary Guard Corps (IRGC), Iran’s elite military force, as a “foreign terrorist organisation” (BBC 08/04/2019). Iran denied involvement in the attacks but stated it will retaliate against aggression towards its interests. The Special Forces unit of the IRGC reportedly called on allied militias to prepare for a proxy conflict. Relations between Iran and the US have deteriorated significantly over the last year since the Trump administration withdrew from a nuclear deal between Iran and seven world powers, including the US and EU. Iran recently stopped complying with parts of the nuclear agreement in attempt to bargain European support against the sanctions, fueling existing tensions.  

Neither country is interested in direct military confrontation. The US may be increasing economic and military pressure against Iran and leverage a new nuclear agreement, more aligned to its own terms. However, lack of diplomacy amid heightened tensions may result in a miscalculation possibly leading to an accidental escalation of conflict. Conflict would most likely remain small-scale and concentrated in areas with a large presence of Iranian proxies. Iraq and Yemen are the most vulnerable to an escalation. In Iraq, the US and Iran have been vying for influence following the defeat of the Islamic State. Iraq has a large presence of Iran-backed Shia militias and the US has some 5,000 troops stationed in the country, raising the risk of a local confrontation. Regional actors are often trying to frame Yemen’s conflict, which is predominantly based on local grievances, as part of the broader Saudi-Iranian rivalry. A recent upsurge in attacks from the Iran-backed Houthis on targets in Saudi Arabia and United Arab Emirates have raised tensions between Iran and Saudi Arabia, increasing the risk of retaliatory attacks and escalation in Yemen.","Increased a conflict between US forces and Iranian proxies in Iraq, Syria, Yemen",">500,000",3,"Preexisting vulnerabilities and climatic shocks have exacerbated the humanitarian situation in Iran. Humanitarian needs are not life-threatening and can be met without having to adopt negative or irreversible coping strategies. However, the situation is different between different areas and refugees are more vulnerable sur to their statelessness. 
1)	Ethnic cleavages persist in Iran
2)	Authoritarianism of the regime
3)	Iranian nuclear installations
4)	Economic pressure and sanctions
5)	Blockade of Iranian oil exports
6)	Involvement in other countries and by proxy wars
7)	Natural shocks as earthquake
8)	Hosting high number of Afghan refugees. 
",2,Low,Medium,Not materialised,2024-06-13
R0011,['Bosnia and Herzegovina'],['BIH'],"The arrival of 50,000 migrants, refugees, and asylum seekers with humanitarian needs in Bosnia and Herzegovina stretches response capacity",['BIH002'],National,Marked deterioration in an existing crisis,2019-03-01,2024-06-13T13:53:51.000Z,2019-03-01,https://www.acaps.org/sites/acaps/files/products/files/quarterly_risk_analysis_march_2019_final.pdf,"24,000 migrants and refugees registered entry into Bosnia and Herzegovina (BiH) in 2018, compared to 755 in 2017. An estimated 5,500 of these people remain in the country, many in accommodation centres in Una-Sana Canton in the northwest, where they attempt to cross the Croatian border into the EU. Tightened Croatian border controls since May 2018 have reduced the number of successful crossings, prolonging the stay of irregular migrants and refugees in BiH. Although the number of monthly arrivals to BiH has decreased during the winter months, a spike in arrivals is expected in the spring as weather and travel conditions improve, with overall arrival numbers projected to double in 2019. In January 2019, 732 arrivals were recorded, a rise compared to January 2018 (237 arrivals) and January 2017 (77 arrivals), indicating a significant chance of increased arrivals in the first half of 2019. These numbers likely underestimate the real situation, as people are smuggled in and uncounted.

Shelter will be a critical need, as existing accommodation facilities, mainly ad-hoc migrant centres, are already at or beyond full capacity and living and sanitary conditions are poor. Protection is a concern, as inadequate shelter conditions and overcrowding are likely to aggravate existing tensions among migrant and refugee groups of different nationalities and ethnicities, leading to conflicts and protection risks. Fair and efficient access to asylum in BiH will likely be a challenge given the limited capacity of BiH authorities. A rise in violent pushbacks from the Croatian border is likely and will result in further protection and health concerns, such as the denial of access to asylum and injuries. An estimated 50–100 people were pushed back weekly in the second half of 2018, 70% of whom claimed to be beaten by Croatian authorities. An increase in violent pushbacks will worsen tensions between migrants and refugees on one side and authorities on the other.
",- Improvement of weather and travel conditions,"20,000-100,000",,"Migrants, refugees, and asylum seekers are highly vulnerable as they do not have the means to cope with the impact of the crisis and are dependent on humanitarian assistance for shelter, WASH, and food in the host country. ",1,Very Low,Low,Not materialised,2024-06-13
R0013,['Libya'],['LBY'],Increasing violence and consequent displacement in northern Libya result in deteriorated food security,['LBY001'],Subnational,Marked deterioration in an existing crisis,2019-03-01,2024-06-13T13:53:51.000Z,2019-03-01,https://www.acaps.org/sites/acaps/files/products/files/quarterly_risk_analysis_march_2019_final.pdf,"Recent developments in Libya have raised the risk of conflict escalation in the northwest. Following the very recent offensive into the oil-rich southern region, the Libyan National Army (LNA) have gained control of the majority of Libyan territory, strengthening the political and economic position of its commander, Khalifa Haftar. Some LNA units have moved into central Libya and towards Sirte province in the north, possibly indicating an advance to the northwest and Tripoli in particular. Tripoli, currently under the control of the opposing UN-backed Government, is strongly divided and home to different armed groups with fluid alliances. Although Haftar has not announced a move towards the capital, the LNA has repeatedly threatened to march onto Tripoli. Tensions have increased, and local forces opposing the LNA are mobilising. Despite the show of force, the LNA struggles with internal divide and stretched resources and does not seem ready to invade Tripoli; Haftar is likely using his soft power to leverage his role in a new Libyan government ahead of elections. That said, the situation in Libya is extremely volatile, and strategies change quickly. LNA-opposing groups would meet any attempt to seize the capital with violent resistance.

An escalation of conflict between the LNA and LNA-allied forces on one side and the opposing Tripoli-based forces would have a severe humanitarian impact. The northwestern region is densely populated compared to the rest of the country, and the security situation across Libya has severely hampered humanitarian access. Tripoli alone has 940,653 inhabitants. Direct conflict would lead to large-scale displacement and heightened humanitarian needs, including shelter needs and protection against torture and extrajudicial killings, which commonly occur in conflict-affected areas. The conflict has also damaged some health infrastructure, and at least a partial suspension of health services is expected if there is further violence.
","- Increasing violence
- Increasing displacement movement
- Disruption to agricultural activities
- Increase in humanitarian access restrictions
",">500,000",3,A lack of availability and access to services and high access constraints for humanitarian organisations limit the capacity to respond to the expected increase in needs.  ,5,High,High,Not materialised,2024-06-13
R0028,['Syria'],['SYR'],The closure of the al Yaorubia crossing worsen humanitarian needs.,['SYR001'],Subnational,New emerging risk,2020-01-16,2024-06-13T13:53:51.000Z,,,"The humanitarian response has been significantly impacted by the Yaroubia crossing closure in January 2020 and hampered their response to COVID-19 in Northeast Syria to around 1.8 million people.  Bab Al-hawa crossing have failed to sufficiently replace the al-Yarubiyah crossing to address supply-chain limitations. Local NGOs and non UN organisations were not able to keep up with the operations, logistics and delivery of aid to the Northsast after the closure of the al Yaroubia crossing. Further humanitarian and protection risks could come from a restart to Turkish military operations in the Hasaka governorate. Funding was lost, access was impacted, and the food security, WASH, health and protection etc needs have unfulfilled. ",Closing of the Yaroubia crossing.,">500,000",4,"Preexisting vulnerabilities and exhausted coping capacities following eleven years of war in Syria would exacerbate the humanitarian situation. Humanitarian needs and severity are already widespread. The pre-existing vulnerabilities including: 
1) Security risks, ISIS pocket, and socio-political and economic challenges, 
2) Divisions between NWS, NWS and overall Syria,
3) Presence of multiple armed groups and militias, backed by different groups,
4) Water scarcity,
5) Temperatures and extreme weather events,
6) Resource-constrained communities, 
7) Protracted displacement, 
8) Hosting refugees, 
9) COVID-19 

Not everyone with the same characteristics will experience the same level of vulnerability. Women in general, including Female-headed households, including war widows, and pregnant and lactating women; Adolescent girls at risk of early or forced marriage; Unaccompanied and separated children; Children engaging in child labour or recruited by parties to conflict; Tensions between displaced and host communities; People without documentation, Rural vs Urban, 
",4,High,High,Materialised,2024-06-13
R0029,['Iraq'],['IRQ'],The selection process for the new Iraqi prime minister triggers an escalation in clashes between members and supporters of the Popular Mobilization Forces on one hand and protesters on the other,['IRQ002'],Subnational,New emerging risk,2020-02-07,2024-06-13T13:53:51.000Z,,,"Protesters fear the influence of the Popular Mobilization Forces (PMF) in the choice of a pro-PMF prime minister after the resignation of Abdul Mahdi, as they would like to see a reforming figure at the head of the country. As Sadrist forces prepare for a ""1 million men"" march, tensions and violent clashes between protesters and PMF members risk escalating in Baghdad and throughout the south.

Clashes have already been reported as the cleric withdrew its support to the antigovernment protests. Five people died and dozens were injured in Najaf as Sadrist supporters clashed with protesters during a sit-in and during confrontations in Baghdad, with Sadrist supporters taking control of a high-rise overlooking Tahrir Square previously occupied by antigovernment protesters.
",Any rhetoric that deliberately fuels violence and clashes,"100,000-250,000",3,"Humanitarian needs in Iraq are not life-threatening or widespread, but the country is suffering from pre-existing vulnerabilities, including:
- Security risks postwar and post-ISIS
- Terrorism
- Sociopolitical and economic challenges
- Internal political and ethnic tensions
- The presence of multiple armed groups and militias
- Climate-related security risks
- Extreme temperatures and weather events that put pressure on basic resources and undermine livelihood security
- Resource-constrained communities
- Protracted displacement
- Hosted refugees
- COVID-19 and related long-term consequences.

The impact and vulnerabilities are different between Federal Iraq and the Kurdistan Region of Iraq, between the displaced and non-displaced, between refugees and residents, between minorities and people affiliated with ISIS, between women and men, and among children, the youth, the elderly, and people living with disabilities.
",3,Medium,Medium,Not materialised,2024-06-13
R0030,['Iraq'],['IRQ'],Attacks by the Islamic State of Iraq and Syria (ISIS) escalate after the expulsion of anti-ISIS coalition forces.,['IRQ002'],National,New emerging risk,2020-01-16,2024-06-13T13:53:51.000Z,,,"If the Iraqi government goes through with the threat to expel foreign troops and/or if attacks from militias against foreign security personnel increase, foreign troops are likley to leave Iraq or see their capacity to operate severely limited. The number of ISIS attacks is likley to spike with consequent rising protection concerns for the local population. ","-ISIS ability to recruit more members and re-organise 
-demand of withdrawal of foreign troops of the anti-ISIS coalition following the airstrike that killed Qassim Solaimani 
-previous reduction of US troops deployed in Iraq ","<20,000",3,"Humanitarian needs are not life threatening or widespread. However, Iraq is suffering from pre-existing vulnerabilities including: 
1) Security risks post-war, post-ISIS, terrorism, socio-political and economic challenges, 
2) Internal political and ethnic tensions, 
3) Presence of multiple armed groups and militias 
4) Climate-related security risks,
5) Temperatures and extreme weather events puts pressure on basic resources and undermines livelihood security, 
6) Resource-constrained communities, 
7) Protracted displacement, 
8) Hosting refugees, 
9) COVID-19 had and will continue to have long-term consequences.
The impact and vulnerabilities are different between Federal Iraq and the Kurdistan Region of Iraq, displaced vs non-displaced, refuge vs residents, minorities and people affiliated with ISIS, and women and men, children, youth, the elderly, and people living with disabilities. 
",3,Medium,Medium,Not materialised,2024-06-13
R0031,['Lebanon'],['LBN'],A rising number of Syrian refugees opt for an unsafe return to Syria to avoid a deepening economic crisis and the repercussions of the recent Beirut explosion.,['LBN002'],National,New emerging risk,2020-01-16,2024-06-13T13:53:51.000Z,,,"Due to the depreciation of the Lebanese lira, inflation and rising prices Syrian refugees who can no longer survive on cash assistance (delivered in Lebanese liras) or  receive low to no salary from their employers in the informal sector  see their livelihoods threatened. An increasing number might opt for an unsafe return to Syria, also due to Lebanese governmental policies on return. 

The severity of people in need have worsened, however, during 2020 the voluntary refugees return to Syria was only 9,351 people which is half of the figure registered in 2019. The refugees' decision to get back to Syria is influenced mainly by the security and safety situation, economic growth, public service availability and personal relationships in their place of origin and it is less likely played by refugees poor living condition in Lebanon. Unless the situation significantly improves in Syria, refugees are unlikely to return back. ","Worsening economic condition for refugees in Lebanon 
","<20,000",3,"Preexisting vulnerabilities and exhausted coping capacities following two years of the socioeconomic crisis, stagnated government formation and solutions, hosting 1.5 million Syrians who have fled the conflict in Syria and about 180,000 Palestinian refugees, and Beirut explosion. Humanitarian needs and severity are already high and widespread. The pre-existing vulnerabilities including: 
1) Security risks, 
2) Political and ethnic tensions and presence of armed groups 
3) Resource-constrained communities, 
4) COVID-19,
5) Basic services are overstretched and or not functional,
6) Logistical and administrative constraints make challenge smooth roll out of humanitarian activities.

Not everyone with the same characteristics will experience the same level of vulnerability. Women; Adolescent girls at risk of early or forced marriage; Unaccompanied and separated children; Children engaging in child labour; Refugees without documentation; Refugees, asylum seekers, migrants and the economically vulnerable population.",3,Medium,Medium,Not materialised,2024-06-13
R0032,['Iraq'],['IRQ'],Attacks on US and foreign troops stationed in the country increase.,['IRQ002'],National,New emerging risk,2020-01-21,2024-06-13T13:53:51.000Z,,,"In spite of the recent de-escalation in the US-Iran contraposition, missiles are still targeting  the Green Zone of Baghdad, some landing close to the US embassy, others directed at ISF bases. Continued attacks against foreign troops might escalate in intensity and range in the upcoming months. It remains to be seen what the role of the newly formed ""Front of the Resistance"", uniting the main PMF factions, will be, as they aim for the removal of foreign troops from the country. Civilian casualties in future clashes and rocket attacks cannot be excluded. Protection and access are also a concern if the risks materialises. Attacks against US personnel in Iraq would continue until all American troops are removed from the country, according to Iran's former ambassador to Baghdad.

The US Department of State's Rewards for Justice program announced on Thursday that it would pay up to $3 million for information on attacks on Americans in Iraq.",Increase in geopolitical tensions,"<20,000",2,"Humanitarian needs are not life threatening or widespread. However, Iraq is suffering from pre-existing vulnerabilities including: 
1) Security risks post-war, post-ISIS, terrorism, socio-political and economic challenges, 
2) Internal political and ethnic tensions, 
3) Presence of multiple armed groups and militias 
4) Climate-related security risks,
5) Temperatures and extreme weather events puts pressure on basic resources and undermines livelihood security, 
6) Resource-constrained communities, 
7) Protracted displacement, 
8) Hosting refugees, 
9) COVID-19 had and will continue to have long-term consequences.
The impact and vulnerabilities are different between Federal Iraq and the Kurdistan Region of Iraq, displaced vs non-displaced, refuge vs residents, minorities and people affiliated with ISIS, and women and men, children, youth, the elderly, and people living with disabilities. 
",2,Medium,Medium,Materialised,2024-06-13
R0035,['Libya'],['LBY'],Hostilities between the Libya National Army and Government of National Accord in Abu Ghraib and an offensive to capture Misrata increase needs,['LBY001'],Subnational,Future impact of a hazard which has already taken place,2020-02-07,2024-06-13T13:53:51.000Z,,,"The current truce is very fragile and still has yet to be converted into a ceasefire. UNSMIL leader Ghassan Salame has denounced the multiple violations of the arms embargo on Libya in the last few weeks with the stockpiling of weaponry and military personnel in the country in areas under the control of either warring party. In such a volatile climate, renewed hostilities in and around Misrata, the second largest city of Libya and headquarters of a militia that supports the Tripoli-based Government with high warring capacity, cannot be excluded. Clashes at the end of January in the village of Abu Ghraib, located on the main road to Misrata, caused civilian victims. There is only one health centre remaining operative in a 100km radius from Abu Ghraib, raising health concerns in case of future attacks. Migrants detained in detention centres potentially in the area of Misrata are at particular risk considering the Tajourah bombing of summer 2019.",- Collapse of the truce ,"100,000-250,000",2,A lack of availability and access to services and high access constraints for humanitarian organisations limit the capacity to respond to the expected increase in needs.,3,Medium,Medium,Not materialised,2024-06-13
R0038,['Greece'],['GRC'],Tightened asylum regulations cause a deterioration of living conditions for asylum seekers and migrants.,['GRC002'],National,New emerging risk,2020-10-02,2024-06-13T13:53:51.000Z,,,"Camps on the Greek islands are overcrowded, in addition a new asylum legislation is in effect since the beginning of this year that aims to tighten asylum rules. The situation causes deteriorating living conditions in overcrowded camps, particularly for unaccompanied minors. There is a high probability of increasing tensions between migrants and local populations that can lead to violent clashes. Additionally, the increased military presence at the Greek-Turkish land border causes tensions between Greece and Turkey.
The Greek islands of Lesvos, Samos, Chios, Leros, and Kos - about 10,000 people are held at the Reception and Identification Centres (RIC). People who sought protection have already been exposed to violence and hardship and the RIC are neither safe nor healthy places for them. This trauma is compounded by their containment and the everyday structural violence of life in the RIC.
2498 unaccompanied children in long term or temporary accommodation in Greece as of April 2021. 
The decision to close the Kara Tepe camp (on the island of Lesvos) which has around 1,000 residents. The plan is to move residents to Mavrovouni (unsafe and unsanitary living conditions). These residents have been designated as particularly vulnerable – families, single mothers, people with physical health challenges and survivors of sexual abuse. The camp provided temporary accommodation for thousands of migrants following the fire that destroyed Greece’s largest migrant camp in September last year. 

Pushback incidents and other abuses were documented. Testimonies besides other evidence show that the use of pushback is a de facto policy of Greek border management and it’s coordinated efforts of multiple authorities in Greece.

Additionally, Athens’ plan to deploy two truck-mounted Long Range Acoustic Devices to blast high-decibel sound waves at migrants at its Evros border post, in a bid to prevent river crossings there from Turkey - The cannons emit deafening bursts of sound of up to 162 decibels — about a third louder than the roar of a jet engine. Minister for migration and asylum said that “our view is that we will use technology in any way that is not in violation of international law” to protect Greece’s borders.
",Passing laws and legislation which give the state the power to tighten their control over the camps and its conditions and shared information. ,"<20,000",3,"Humanitarian needs in Greece are not life-threatening and can be met without having to adopt negative or irreversible coping strategies. However, the refugees and asylum seekers are vulnerable and have been affected since the new legislation on NGO registration was passed in September 2020. NGOs have lost access to refugee reception facilities or faced increasing access concerns. Many NGOs involved in the migrant response reported problems in providing essential services and difficulties in reporting on the conditions in the facilities

",3,Medium,Medium,Materialised,2024-06-13
R0042,['Libya'],['LBY'],Protracted fuel and power shortages in Libya hinder service provision and result in unmet needs ,['LBY001'],National,Marked deterioration in an existing crisis,2020-02-11,2024-06-13T13:53:58.000Z,,,"Based on data available as at February 2020, the January oil production of Libya was equal to zero. Forces loyal to Khalifa Haftar have closed all oil pipelines in the country, as they think oil revenue repartitions by the National Oil Company of Libya are not fair, and they want to put more pressure on the Tripoli-based Government. The Libyan economy is not diversified and almost totally dependent on oil income. With lower gas pressure, the first power shortages have been reported in North Misrata, with Al Zawiya power plant unable to operate as a direct consequence of a lack of fuel.","- Power and fuel shortages
- Increased humanitarian access constraints
","100,000-250,000",3,A lack of availability and access to services and high access constraints for humanitarian organisations limit the capacity to respond to the expected increase in needs.  ,2,Medium,Medium,Not materialised,2024-06-13
R0043,['Lebanon'],['LBN'],"A deepening economic crisis leads to heightened violence in protests and countrywide unrest, with heightened protection concerns.",['LBN004'],National,Future impact of a hazard which has already taken place,2020-02-11,2024-06-13T13:53:58.000Z,,,"The newly formed government does not satisfy the request of the protesters even if it is formed by some technocratic figures. The Lebanese economy is spiralling into further debt, lack of liquidity and crisis of the banking system. Some episodes of increased violence and clashes between protesters and security forces have been reported. The Lebanese army is acting as arbiter between protesters and the government. Should the salaries of the soldiers not be paid, the role of the army might change with less security and safety guaranteed throughout the country, possible widespread violence, resulting in increased protection concerns.","-Worsening economic conditions, including further currency depreciation, inflation, basic items shortages.
-Corruption and lack of political solution. ",">500,000",3,"Preexisting vulnerabilities and exhausted coping capacities following two years of the socioeconomic crisis, stagnated government formation and solutions, hosting 1.5 million Syrians who have fled the conflict in Syria and about 180,000 Palestinian refugees, and Beirut explosion. Humanitarian needs and severity are already high and widespread. The pre-existing vulnerabilities including: 
1) Security risks, 
2) Political and ethnic tensions and presence of armed groups 
3) Resource-constrained communities, 
4) COVID-19,
5) Basic services are overstretched and or not functional,
6) Logistical and administrative constraints make challenge smooth roll out of humanitarian activities.

Vulnerable group: refugees; migrants in an irregular or temporary status; socio-economically vulnerable ",4,Medium,Medium,Materialised,2024-06-13
R0044,['Lebanon'],['LBN'],Government failure to address economic concerns in Lebanon results in further unemployment and increased poverty rates,['LBN004'],National,Future impact of a hazard which has already taken place,2020-02-11,2024-06-13T13:53:58.000Z,,,"Lebanon is going through an unprecedented financial collapse coupled with stalled government formation. If the new Government does not undertake decisive reforms in the economic domain and attract foreign investment, the country is going to spiral even further into the current economic crisis. More people will lose their jobs and fall below the poverty line (USD 4 per day). The developments confirm the high likelihood for further deterioration and social unrest; there has been a substantial increase in poverty rates affecting all groups of people in the country, with tentative projections suggesting that over half the population is below the poverty line. In March–April 2021, about half of Lebanese households already faced challenges in meeting their basic needs, with 22% being food-insecure. More recently, the Lebanese local currency hit a new record low after losing about 33% of its value just within the month of June 2023. It is currently trading at LBP 17,100–17,500/USD 1 on the black market, while the official rate has remained the same as before the economic crisis at LBP 1,507/USD 1. Based on the current rate, the minimum wage in Lebanon of LBP 675,000/month has fallen to just USD 39. The pound depreciation has sparked demonstrations across the country.","- Worsening economic conditions, including further currency depreciation and inflation
- Basic item shortages
- Corruption and a lack of political impasse 
",">500,000",4,"Lebanon is facing pre-existing vulnerabilities and exhausted coping capacities after two years of the socioeconomic crisis, stagnated government formation and solutions, hosting 1.5 million Syrians fleeing the conflict in Syria and about 180,000 Palestinian refugees, and the Port of Beirut explosion. Humanitarian needs and severity are high and widespread. The pre-existing vulnerabilities in the country include:
- security risks
- political and ethnic tensions and the presence of armed groups
- resource-constrained communities
- the impact of COVID-19
- overstretched or non-functional basic services
- logistical and administrative constraints that challenge the smooth roll-out of humanitarian activities.
",4,Medium,Medium,Materialised,2024-06-13
R0046,['Libya'],['LBY'],"The re-emergence of ISIS in southern Libya, after Haftar's forces moved to the north, leads to increased protection needs ",['LBY001'],National,Future impact of a hazard which has already taken place,2020-02-14,2024-06-13T13:53:58.000Z,,,"The Islamic State no longer holds significant portions of territory in Libya, but its members have not left the country and are currently financing themselves through kidnappings, extortions, smuggling, and robbery. In April 2019, a member of the Islamic State of Iraq and Syria (ISIS) staged an attack in the central city of Fuqaha, killing civilians and destroying public and private properties.

Increased ISIS activity in southern Libya can lead to increased protection needs for the population, drive displacement to other areas of the country, and limit humanitarian access. 
",- Security vacuum,"20,000-100,000",2,A lack of availability and access to services and high access constraints for humanitarian organisations limit the capacity to respond to the expected increase in needs.  ,2,Very Low,Low,Not materialised,2024-06-13
R0047,['Libya'],['LBY'],"A lack of water treatment, WASH facilities, and healthcare services across Libya leads to a cholera outbreak",['LBY001'],National,New emerging risk,2020-02-17,2024-06-13T13:53:58.000Z,,,"With the degradation of water quality, WASH facilities, and health services across Libya, the possibility of a cholera outbreak remains high. Wastewater treatment plants are not functioning, and only limited services of solid waste management are currently active. In case of an outbreak, dysfunctional surveillance systems would delay the response.","- Lack of adequate WASH and healthcare services
- Lack of proper water treatment services
","250,000-500,000",3,A lack of availability and access to services and high access constraints for humanitarian organisations limit the capacity to respond to the expected increase in needs.  ,4,High,High,Not materialised,2024-06-13
R0048,['Iraq'],['IRQ'],The escalation of conflict between the US and Iran-backed militias in Iraq causes protection concerns and displacement.,['IRQ002'],National,New emerging risk,2020-02-18,2024-06-13T13:53:58.000Z,,,"Four rockets hit near the US embassy in Baghdad and an Iraqi base hosting US soldiers within the green zone in the capital. 19  attacks against the embassy and the 5,200 US troops in the country have been registered since October 2019. US officials have pointed to Hashed al Shaabi military network as perpetrators of the attacks. The attacks cames after Karakat al Nujaba, one of the factions within Hashed al Shaabi, announced a countdown to ousting US forces form the country. Should one of the future attacks kill or injure US troops, Iraq might return to be a battle field for a military escaltion of conflict between US troops and Iran-backed PMUs. An increasing number of civilians would be killed or injured in rokcet attacks and mortar fire, displacement of civilians (even secondary or teriary displacement of IDPs)  from areas of clashes cannto be excluded. Multiple news reporting of different rockets attacks near the Iraqi base hosting US. An increasing number of civilians were killed or injured in rocket attacks and mortar fire. More than 50 attacks using improvised explosive devices against the international coalition and about 12 missile attacks against US diplomatic facilities, or Iraqi bases hosting US forces since December 2020 and up to April 2021. ",Increased and intensified attacks by Iran-backed militia ,"20,000-100,000",3,"Humanitarian needs are not life threatening or widespread. However, Iraq is suffering from pre-existing vulnerabilities including: 
1) Security risks post-war, post-ISIS, terrorism, socio-political and economic challenges, 
2) Internal political and ethnic tensions, 
3) Presence of multiple armed groups and militias 
4) Climate-related security risks,
5) Temperatures and extreme weather events puts pressure on basic resources and undermines livelihood security, 
6) Resource-constrained communities, 
7) Protracted displacement, 
8) Hosting refugees, 
9) COVID-19 had and will continue to have long-term consequences.
The impact and vulnerabilities are different between Federal Iraq and the Kurdistan Region of Iraq, displaced vs non-displaced, refuge vs residents, minorities and people affiliated with ISIS, and women and men, children, youth, the elderly, and people living with disabilities. 
",3,Low,Medium,Not materialised,2024-06-13
R0052,['Palestine'],['PSE'],"Increased tensions following settlement expansion plans in East Jerusalem result in clashes in East Jerusalem and other areas of the West Bank, causing casualties and resulting in decreased access to services.",['PSE002'],Subnational,New emerging risk,2020-02-26,2024-06-13T13:53:58.000Z,,,"Palestinians in the East Jerusalem organised daily protests against the Israeli Supreme Court ruling regarding the planned expulsion of 28 Palestinian families in Sheikh Jarrah, an East Jerusalem neighbourhood. The ruling was later delayed. The ultra-nationalist Israeli saw this as provocation and accompanied the newly elected Knesset member “Itamar Ben Gvir”, to enter Sheikh Jarrah on 10 May. This has disrupted the protests and Israeli police fired sponge bullets, stun grenades and skunk water, causing hundreds of injuries. Tensions and arrests are continuing to date and the Israeli Supreme Court ruling is still on. 
The village of Beita (17,000 people) is located among several mountainous heights, including Jabal Subaih, on which the settlement outpost was established, and has been inhabited by nearly 50 Israeli families. Since last May - Palestinians have organized almost daily night protests. 4 Palestinians were killed in clashes between the village's youth and the Israeli army, and more than 300 others were wounded. 
The risk of further violence remains high, due to a growing settler population and the expansion of settler homes and infrastructure on Palestinian public and private lands, coupled with a lack of accountability for settler violence and attacks on Palestinians and Palestinian property. Incidences of settler violence are also strongly correlated with movement and access restrictions imposed by the Israeli Authorities, directly hampering the access of these communities to vital services – including emergency healthcare, education and other basic services. If the settlements in the West Bank are annexed in the wake of the upcoming Israeli elections (2 March), there is a high probability of violent clashes, particularly in Jerusalem. Netanyahu has already announced to continue with the plans of building new settlements east of Jerusalem, a particular controversial project known as E1 plan that Palestinians see as a move dividing the West Bank into two separate enclaves.",Decision to follow up on Plan E1,"250,000-500,000",4,"Preexisting vulnerabilities and exhausted coping capacities following more than 70 years of conflict and stagnated political, and peace solutions. Humanitarian needs and severity are already high and widespread. The pre-existing vulnerabilities including: 
1) Security risks
2) Political tensions 
3) Presence of armed groups 
4) Gaza blockage 
5) Resource-constrained communities
6) Occupation 
7) Economic stress
8) De-facto annexation of the West Bank and demolition orders
9) Human rights abuse 
10) COVID-19
11) Basic services are overstretched
12) Logistical and administrative constraints over services and aid

Not everyone with the same characteristics will experience the same level of vulnerability. The most affected are Women and adolescent girls; Children; Prisoners’ families; People affected by demolition orders; and Economically vulnerable population.
",4,Medium,Medium,Materialised,2024-06-13
R0055,['Mauritania'],['MRT'],Houshold stocks in rain-fed and agro-pastoral areas are at risk of early depletion.,,National,New emerging risk,2020-03-05,2024-06-13T13:53:58.000Z,,,FEWS NET warns of an increase of food insecurity for the rain-fed zone (IPC 3) between Feb to Sep due to depletion of stocks ,"Production of some crops still in deficit
Not sufficient products in the market ","<20,000",2,Poor agro-pastoral households are affected by this risk ,2,Medium,Medium,Not materialised,2024-06-13
R0056,['Egypt'],['EGY'],The fast filling of the reservoir of the Great Ethiopian Renaissance Dam on Blue Nile River results in a long-term water crisis and the immediate reduction of the Nile River's waterflow ,,Regional,New emerging risk,2021-01-14,2024-06-13T13:53:58.000Z,,,"On 18 June 2020, the latest round of talks between Egypt, Ethiopia, and Sudan failed. After the breakdown of US-led negotiations and a lack of agreement with Egypt on the dam management and filling schedule, Ethiopia started filling the water reservoir in the summer of 2020 at a fast rate. As at July, water levels behind the dam were increasing. While acknowledging this increase, Ethiopia maintained that it was simply a natural result of the construction. This has resulted in the reduced flow of water from the Nile to Egypt, with long-term threats to the country’s water supply and food security.",Fast filling of the dam by Ethiopia,">500,000",2,Farmers in Egypt who depend on water from the Nile for irrigation will likely be the most vulnerable.,3,Medium,Medium,Materialised,2024-06-13
R0057,['Syria'],['SYR'],"The economic crisis escalates, with thousands more Syrians becoming food-insecure and increasing protests and violence.",['SYR001'],National,Marked deterioration in an existing crisis,2020-03-12,2024-06-13T13:53:58.000Z,,,"No substantial economic reforms, no access to international financial aid and more than 20 years of conflict and destroyed infrastructure lead to further economic deterioration, particularly following Lebanon’s fiscal crisis. Reduced imports and higher food prices push thousands of people under the poverty line. 
Displaced families and other vulnerable households are caught in the financial crisis caused by a rapidly depreciating currency and lack of available jobs.  About 12.4 million people are food insecure, with another 1.3 million at risk of falling into food insecurity in 2021. Food prices are higher than a year ago: the cost of a WFP food basket is 247% higher in April 2021 than it was in April 2020 
With the imposed sanctions, a continuation of the Lebanse crisis, and new fissures within the economic elite supporting the Assad government, the situation might further deteriorate with wider protests, a possible violent crackdown and thousand more Syrians slipping below the poverty line and the food security threshold. Possible escalation of protest in Dara'a and Sweida over commodities prices might cause violent suppression from the GoS, with related protection concerns.
","- Further currency depreciation, inflation, basic items shortage, violence, governmental financial mismanagement and corruption,  anti-government protests, increased unemployment and poverty rates, cash and liquidity issues, and sanctions. 
- Lebanon's economic crisis and its impact on Syria. ",">500,000",5,"Preexisting vulnerabilities and exhausted coping capacities following eleven years of war in Syria would exacerbate the humanitarian situation. Humanitarian needs and severity are already widespread. The pre-existing vulnerabilities include: 
1) Security risks, including ISIS pocket
2) Divisions between NWS, NWS and overall Syria,
3) Presence of multiple armed groups and militias, backed by different groups,
4) Water scarcity,
5) Temperatures and extreme weather events,
6) Resource-constrained communities, 
7) Protracted displacement, 
8) Hosting refugees, 
9) COVID-19 
10) Socio-political and economic challenges, 

",5,High,High,Materialised,2024-06-13
R0061,['Iraq'],['IRQ'],Extensive crop fires in the northern governorate of federal Iraq threaten local food security and livelihoods.,['IRQ001'],Subnational,Future impact of a hazard which has already taken place,2020-05-20,2024-06-13T13:53:58.000Z,,,"As in the summer of 2019, new crop fires have been reported in the northern governorates of deferal Iraq, potentially endangering the livelihoods and food security of local farmers and communities. While the fires have been limited so far, a further extension of  crop burning with serious damages for local economy and livelihoods in the upcoming months cannot be excluded. Locals suspect ISIS is behind the fire crops (farmers have been kidnapped and killedd with their farms set on fire by ISIS in the last few weeks), as ISIS members declared they started some fires last summer, too.  Causes of crop fires last summer were multiple.","-remnants of war not being clear 
-ISIS presence 
-arson attacks 
-poor electricity infrastructure 
-lightning storms","<20,000",2,"Humanitarian needs are not life threatening or widespread. However, Iraq is suffering from pre-existing vulnerabilities including: 
1) Security risks post-war, post-ISIS, terrorism, socio-political and economic challenges, 
2) Internal political and ethnic tensions, 
3) Presence of multiple armed groups and militias 
4) Climate-related security risks,
5) Temperatures and extreme weather events puts pressure on basic resources and undermines livelihood security, 
6) Resource-constrained communities, 
7) Protracted displacement, 
8) Hosting refugees, 
9) COVID-19 had and will continue to have long-term consequences.
The impact and vulnerabilities are different between Federal Iraq and the Kurdistan Region of Iraq, displaced vs non-displaced, refuge vs residents, minorities and people affiliated with ISIS, and women and men, children, youth, the elderly, and people living with disabilities. 
",2,Medium,Medium,Not materialised,2024-06-13
R0064,['Iraq'],['IRQ'],The water crisis and protests escalate in Basra over the summer.,['IRQ001'],Subnational,New emerging risk,2020-06-24,2024-06-13T13:53:58.000Z,,,"Iraq is dependent on the Tigris and Euphrates rivers and their tributaries to secure its water needs. Since 2003, Iraq has been suffering from severe water scarcity as a result of the policies pursued by Turkey and Iran in this context. For decades, Turkey has been reducing Iraq's quotas of water releases and building giant dams. As for Iran, the matter appears to be very similar, as the paths of dozens of tributaries flowing into the Tigris River and the rest of the shared water spaces have been changed. Iraq is on the verge of water scarcity, with a significant decrease in the level of the Tigris and Euphrates rivers, surprising the statements of government officials regarding control of the water situation in Iraq. As in previous summers water crisis and scarcity is an issue for the southern province of Basra. This could be an aggravating factor triggering new protests and causing local displacement. Previous protests due to water salinity and pollution occurred in the governorate in the summer of 2018. They might escalate again this summer considering the ongoing nationwide protest movement.",Water scarcity and salinity exacerbated by summer heat.,">500,000",5,"Humanitarian needs are not life threatening or widespread. However, Iraq is suffering from pre-existing vulnerabilities including: 
1) Security risks post-war, post-ISIS, terrorism, socio-political and economic challenges, 
2) Internal political and ethnic tensions, 
3) Presence of multiple armed groups and militias 
4) Climate-related security risks,
5) Temperatures and extreme weather events puts pressure on basic resources and undermines livelihood security, 
6) Resource-constrained communities, 
7) Protracted displacement, 
8) Hosting refugees, 
9) COVID-19 had and will continue to have long-term consequences.
The impact and vulnerabilities are different between Federal Iraq and the Kurdistan Region of Iraq, displaced vs non-displaced, refuge vs residents, minorities and people affiliated with ISIS, and women and men, children, youth, the elderly, and people living with disabilities. 
",4,Medium,Medium,Materialised,2024-06-13
R0065,['Libya'],['LBY'],"The further stagnation of peace talks and escalation of conflict in Sirte result in attacks in urban areas, affecting civilians and damaging basic infrastructure.",['LBY001'],Subnational,Marked deterioration in an existing crisis,2020-06-24,2024-06-13T13:53:58.000Z,,,"The Arab League attempts to resume ceasefire talks do not see the participation of both warring parties. Russia has declared it wanted a ceasefire, but at the same time US intelligence reported the presence of Russian warplanes around Sirte in mid June. A battle in Sirte might also see a more conspicuous military effort by Egypt who has declared its intention to intervene militarily should the Tripoli-based forces attack Sirte. An escalation of the conflict in Sirte with even more international military presence in a urban setting would mean immediate and mass displacement of Sirte's inhabitants other cities, probably further east since the centre is now under LAAF control. Indiscriminate violence, including the targeting of residential areas, hospitals, schools and other civilians facilities can be expected, as well as a rapidly rising toll of civilian casualties. Sirte has around 126,000 inhabitants.
On 21 Aug, Fayez Sarraj, head of the GNA announced a ceasefire and called for the demilitarization of Sirte and Jufra, which would mean the withdrawal of Haftar's forces. The Libyan Army on Aug. 27 had announced that Haftar militias attacked Libyan Army forces with Grad missiles in the west of the coastal city of Sirte, in violation of the recently announced ceasefire. On 31 August, Gen. Khalifa Haftar have blocked the entrance to the strategic Sirte province in the north and closed off an area there.",GNA launches offensive,"100,000-250,000",3,Lack of availability and access to services and high access constraints for humanitarian organisations limit the capacity to respond to the expected increase in needs.  ,3,Medium,Medium,Not materialised,2024-06-13
R0066,['Iraq'],['IRQ'],The escalation of the Turkish air and land military campaign targeting PKK bases in the KRG leads to the displacement of thousands of families and dozens of civilian casualties.,['IRQ002'],Subnational,New emerging risk,2020-06-24,2024-06-13T13:53:58.000Z,,,"As of mid June 2020, the Claw Tiger military campaign launched on ground and air level by Turkey was ongoing, despite repeated summoning of the Turkish ambassador to Iraq. At least four civilians had been killed as of 19 June and local activists reported several families had been displaced.

Since Aug 2020, Turkey has intensified attacks on the Kurdistan Region of Iraq, having possible Kurdistan Workers Party (PKK) targets. President Tayyip Erdogan has warned Iraq that Turkey will ""clean up"" a refugee camp which it says provides a safe haven for Kurdish militants, threatening to take its long military campaign deeper inside Iraqi territory. 

Turkey’s army hit Kurdish fighters in northern Iraq in a new ground-and-air offensive, killed at least three people and wounded two people on Saturday at a camp for displaced people. The strike on the camp housing thousands of Kurdish refugees from Turkey took place three days after Turkish President Tayyip Erdogan warned Iraq that Turkey would ""clean up"" a refugee camp - Makhmour, a camp 180 km south of the Turkish border- which it says provides a haven for Kurdish militants. Recently, Turkey has intensified its military operation against the Kurdistan Workers' Party (PKK) bases in the Kurdistan Region of Iraq.

In April 2022, Turkey advanced 30 km more into northern Iraq after launching a new military operation.
","- Further Turkish troops and air force sent to the Kurdistan Region of Iraq (KRG).

- Competing political interests in the process of formation of the new government in Iraq is accompanied by increased conflict dynamics.

","<20,000",4,"Humanitarian needs are not life threatening or widespread. However, Iraq is suffering from pre-existing vulnerabilities including: 
1) Security risks post-war, post-ISIS, terrorism, socio-political and economic challenges, 
2) Internal political and ethnic tensions, 
3) Presence of multiple armed groups and militias 
4) Climate-related security risks,
5) Temperatures and extreme weather events puts pressure on basic resources and undermines livelihood security, 
6) Resource-constrained communities, 
7) Protracted displacement, 
8) Hosting refugees, 
9) COVID-19 had and will continue to have long-term consequences.
The impact and vulnerabilities are different between Federal Iraq and the Kurdistan Region of Iraq, displaced vs non-displaced, refuge vs residents, minorities and people affiliated with ISIS, and women and men, children, youth, the elderly, and people living with disabilities. 
",3,Medium,Medium,Materialised,2024-06-13
R0067,['Afghanistan'],['AFG'],The increased activity and presence of non-state armed groups as a result of political instability in the country lead to increased insecurity across the country.,['AFG001'],National,New emerging risk,2020-06-25,2024-06-13T13:53:58.000Z,,,"In recent months, Taliban ramped up its attacks against Afghan state forces, they took control of many districts across different provinces but Afghan state forces later managed to recapture some of these districts. Around 30 percent of Afghanistan's 407 districts are in government's hands, the Taliban commands some 20 percent, and the rest of the country is contested. ISKP has initiated several large scale attacks throughout 2020 and early 2021. The number of attacks  by the Islamic State  dropped off sharply after a sustained offensive against them last year - though they have continued to initiate the worst attacks in recent history. ISKP continue in their attempts to derail the peace deal, given the withdrawal of US troops, and ongoing military conflict between Afghan forces and the Taliban. The country has experienced a rise in the number of unclaimed attacks, which some of which have later been claimed by ISKP.

The growth of the militia and similar armed groups (Resistance for Justice Movement, Hazara group) are increasingly problematic for the Afghan government, which is wary of allowing independent fighting forces to build up, but also fears a crackdown would ignite a confrontation with the communities that support them.","Increased attacks
",">500,000",5,"Preexisting vulnerabilities and exhausted coping capacities following twenty years and climatic shocks have exacerbated the humanitarian situation. Humanitarian needs and severity are already widespread. The pre-existing vulnerabilities including:
1)	Droughts and below-average rainfall which have affected agriculture and livestock 
2)	Sanctions on the de facto authorities and its economic impacts on cash availability, market, inflation, and currency depreciation
3)	Frozen/Paused foreign aid 
4)	The security situation is likely to stabilise, with a lower level of conflict and sproacid violence attacks 
5)	High unemployment, poverty and food insecurity rates
6)	Emergency assistance scale up will not be enough 
7)	Resource-constrained communities and damaged infrastructure 
8)	Seasonal flooding 
9)	Remote areas
10)	High internal displacement people  
Not everyone with the same characteristics will experience the same level of vulnerability. Women in general, including Female-headed households, including war widows, and pregnant and lactating women; Adolescent girls at risk of early or forced marriage; Unaccompanied and separated children; Children engaging in child labour or recruited by parties to conflict; Tensions between displaced and host communities; People without documentation; Rural/Remote areas; Minorities. 
",5,Medium,Medium,Materialised,2024-06-13
R0068,['Lebanon'],['LBN'],"Economic collapse, deteriorating public services, and deep political instability lead to mass migration.",['LBN004'],National,Future impact of a hazard which has already taken place,2020-07-02,2024-06-13T13:53:58.000Z,,,"Lebanon has experienced increased socio-economic deterioration. As well as the political and health situation continued to worsen. During 2020, poverty within the Syrian refugees in Lebanon has dramatically increased, 90% of the 1.5 million Syrian refugees live in extreme poverty, up from 55% in 2019. The number of people who are food insecure has increased as well, as of December 2020, the rate of food insecurity rose to 49%, up from 29% only a year before, and 47% of the refugees at the marginal level to be food insecure. The main reason for this increase – besides the economic and social instability– is the effects of the COVID-19 pandemic, creating further competition over jobs and services. The different COVID-19 contingency measures that took place in Lebanon have compounded the already deteriorating social development and economic growth, deepening the humanitarian needs, and exacerbated pre-existing vulnerabilities. Therefore, Lebanon has experienced a loss of employment, low income, and an increase in basic items cost. The Syrian refugees continues to face limited access to healthcare, education, livelihoods, and other basic rights. Overall poverty and general situation in Lebanon is likely to continue to worsen in 2021, affecting all population groups. Under these circumstances, the Syrian refugees were caught between a rock and a hard place. The severity of people in need have worsened, however, during 2020 the voluntary refugees return to Syria was only 9,351 people which is half of the figure registered in 2019. Clearly, the refugees' decision to get back to Syria is influenced mainly by the security and safety situation, economic growth, public service availability and personal relationships in their place of origin and it is less likely played by refugees poor living condition in Lebanon. Unless the situation significantly improves in Syria, refugees are unlikely to return back.Considering the widepsread and substantial number of Lebanese in diaspora and the current reopening of the interntional airport and general relaxation of COVID-19 measures, a possible spike in Lebanese emigration can be expected as the economy keeps going towards collapse, especially after the Beirut port blast which dramatically increase the needs of the people in Lebanon. OCHA estimates that 152,200 persons are in need of protection services. A similar pattern could be observed in Nicaragua during the 2018 economic crisis, even if in that case governmental repression also played a role.","COVID-19 relaxation measure; total economic collapse; Beirut port explosion

-a growing number of people are boarding smugglers’ boats in Lebanon’s northern city of Tripoli bound for Cyprus. Between the start of July and 14 September, at least 21 boats left Lebanon for Cyprus. This compares to 17 in the whole of 2019. The majority of this year’s trips have happened since 29 August.",">500,000",3,"Preexisting vulnerabilities and exhausted coping capacities following two years of the socioeconomic crisis, stagnated government formation and solutions, hosting 1.5 million Syrians who have fled the conflict in Syria and about 180,000 Palestinian refugees, and Beirut explosion. Humanitarian needs and severity are already high and widespread. The pre-existing vulnerabilities including: 
1) Security risks, 
2) Political and ethnic tensions and presence of armed groups 
3) Resource-constrained communities, 
4) COVID-19,
5) Basic services are overstretched and or not functional,
6) Logistical and administrative constraints make challenge smooth roll out of humanitarian activities.

Not everyone with the same characteristics will experience the same level of vulnerability. Women in general; Adolescent girls at risk of early or forced marriage; Unaccompanied and separated children; Children engaging in child labour; Tensions between refugee and host communities; Refugee without documentation; Rural vs Urban; Refugees, asylum seekers, migrants and the economically vulnerable population. 
",3,Low,Medium,Not materialised,2024-06-13
R0071,['Algeria'],['DZA'],"The EU cuts on funds for aid following the alleged diversion of aid intended for Saharawi refugees, resulting in limited capacity to respond to the existing needs of people in Tindouf camps.",['DZA003'],,,2020-07-06,2024-06-13T13:53:58.000Z,,,"On 30 June London-based news agency EU Today published an investigative report about the alleged diversion of EU humanitarian aid for the Tindouf camps. Reportedly some of the humanitarian aid intended for Sahrawi refugees was sold by the Polisario Front, and then used to purchase military equipment. The Polisario front controls the camps and distribution of aid. The EU Budgetary Control Committee is launching an investigation. In 2015 the European Anti-Fraud office investigated a similar incident, which resulted in a reduction of humanitarian aid allocated to the Tindouf camps. The 1 million decrease of EU aid to Sahrawi refugees in 2016  meant that basic humanitarian needs in the camps were not met. Most of the Sahrawi refugees depend on international aid, also due to the remoteness of the camps they live in. The significant socio-economic impact of COVID-19 containment measures is already felt in the camps. Many Sahrawis, including owners of small businesses, have lost both their sources of income and their livelihoods. A reduction of humanitarian aid in these times of economic crisis would undermine the food insecurity and livelihoods of Sahrawi households. Additionally, the Sahrawi population in Tindouf camps will fail to deal with COVID19 cases, if delivery of aid is halted.",Aid diversion by the Polisario Front,"100,000-250,000",,,,Low,Medium,Not materialised,2024-06-13
R0074,['Iraq'],['IRQ'],"Countrywide water scarcity as a result of below-average rains, higher temperatures during summer, and reduced water flows of rivers affect WASH services and people's health, livelihoods, and food security, especially in northern governorates.",['IRQ001'],Subnational,New emerging risk,2020-07-21,2024-06-13T13:53:58.000Z,,,"Iraq is completely dependent on the Tigris and Euphrates rivers and their tributaries to secure its water needs. Since 2003, Iraq has been suffering from severe water scarcity. As Turkey and Iran also continue to build dams and irrigation projects on the Tigris and Euphrates rivers, the water level within the two rivers flowing into Iraq has been severely reduced. Climate change, rising temperatures during summer and below average rainfall Iraq might be facing a long term water crisis where WASH and health needs of the population are exacerbated, especially in the Kurdistan Region of Iraq and southern governorates and like Basra, which already underwent a water and health crisis in the summer of 2018. Similar health crisis might occur in other areas of Iraq due to waterborne diseases and even lead to further transmission of COVID-19 due to insufficient hygienic measures.
Water scarcity will continue to put a strain on agricultural, livestock and fish production. It is estimated that over 50 % of all crops were lost, including major ones. More than 35% of wheat farmers and 30% of barely farmers reported crop failure by at least 90% and 37% of households engaged in livestock reported losing animal. The drop in agriculture production has already led to an increase in prices and caused a loss of income for agricultural families. About half of the households affected by drought are in need of food assistance ","-Climatic conditions including high temperature and low rainfall
-Excessive damming on the Tigris and Euphrates rivers by neighboring countries
-Water mismanagement by Iraq's government ",">500,000",5,"Humanitarian needs are not life threatening or widespread. However, Iraq is suffering from pre-existing vulnerabilities including: 
1) Security risks post-war, post-ISIS, terrorism, socio-political and economic challenges, 
2) Internal political and ethnic tensions, 
3) Presence of multiple armed groups and militias 
4) Climate-related security risks,
5) Temperatures and extreme weather events puts pressure on basic resources and undermines livelihood security, 
6) Resource-constrained communities, 
7) Protracted displacement, 
8) Hosting refugees, 
9) COVID-19 had and will continue to have long-term consequences.
The impact and vulnerabilities are different between Federal Iraq and the Kurdistan Region of Iraq, displaced vs non-displaced, refuge vs residents, minorities and people affiliated with ISIS, and women and men, children, youth, the elderly, and people living with disabilities. 
",4,Medium,Medium,Materialised,2024-06-13
R0075,['Syria'],['SYR'],The intensification of attacks on civilian centres in areas under the control of Turkish-backed militias lead to increased protection concerns for civilians in local urban centres.,['SYR001'],Subnational,New emerging risk,2021-01-14,2024-06-13T13:53:58.000Z,,,"Turkish-backed and Syrian National Army (SNA), as well as other armed groups, have shelled civilian structures and systematically pillaged private properties, arrested hundreds of individuals, and carried out at least seven summary executions in areas they occupy in northeast Syria. Another blast in a vegetable market on Sunday 26 July in the border town of Ras al ayn killed eight people and injured 19 more as the series of attacks on civilian targets continue and no specific armed group has claimed responsibility for the attack. Another major blast in a populated urban center (Siccu village, Azaz) has led to the death of at least 5 people and the injuring of at least 85, while another smaller blast was also registered in the area bordering Turkey on 21 July. No one claimed responsibility for the attack, but local observers suspect ISIS involvement. Before this, another major explosion killed and injured civilians in an Afrin market in May 2020. Increase in explosions and blasts in areas under Turkish-backed militias could lead to rising protection concerns and livelihoods disruptions when shops and market stalls are destroyed. Sporadic displacement of households cannot be excluded.",Intensification of bomb attacks against civilians.,">500,000",3,"Preexisting vulnerabilities and exhausted coping capacities following eleven years of war in Syria would exacerbate the humanitarian situation. Humanitarian needs and severity are already widespread. The pre-existing vulnerabilities including: 
1) Security risks, ISIS pocket, and socio-political and economic challenges, 
2) Divisions between NWS, NWS and overall Syria,
3) Presence of multiple armed groups and militias, backed by different groups,
4) Water scarcity,
5) Temperatures and extreme weather events,
6) Resource-constrained communities, 
7) Protracted displacement, 
8) COVID-19 ",3,Medium,Medium,Materialised,2024-06-13
R0076,['Lebanon'],['LBN'],The collapse of the public and private health system amid a spike in COVID-19 cases leads to the uncontrolled spread of the virus and higher fatality rates among COVID-19 and non-COVID-19 patients because of the lack of functioning health services.,['LBN004'],National,Future impact of a hazard which has already taken place,2020-07-23,2024-06-13T13:53:58.000Z,,,"As of July 2, 2021, Lebanon’s COVID-19 confirmed cased were about 544,860 and death toll exceeded 7,851. The numbers of cases and deaths have increased alarmingly, causing significant strain on hospitals and frontline health care workers. For several weeks, hospitals in Lebanon have been operating beyond capacity and in some cases, treating patients in parking lots. Shortages of oxygen and ventilators have been widely reported. Doctors and nurses have been working around the clock, often without adequate and sufficient equipment.

As recently the number of COVID-19 cases has risen in the country which has now an open, functioning airport, the health system of public and private hospitals might not be ready to give an adequate response and treat COVID-19 and non COVID-19 patients in the upcoming month, leading to a higher mortality rate for both categories as hospitals are overwhelmed by number of patients. Shortages of fuel and electricity would ensue as hospitals would not be able to fuel generators. Systemic lack of PPE and funds from public and insurance companies would expose medical personnel to higher infection risk, further reducing the number of health personnel available, at a time where several might think of emigration.

The recent explosion in Beirut has severely damaged critical health infrastructure and medical supplies, while injuring 6,500 people. These developments are exacerbating the health needs of in Lebanon. According to a survey conducted for a Rapid Needs Assessment by Help Age International, only 1% of those surveyed had received any health support since the blast and 45% said they were having difficulties getting hold of the medicines they need.

Severe medicine shortages reported since June 2020, subsidies might be lifted from medicines. 

*PARTIALLY MATERIALISED: As at June 2022, the health system in Lebanon has critical shortages of staff and medicines, however COVID-19 pandemic is not the main driver, rather it is the economic and political mismanagement in the country. ","Spike in COVID-19 cases; economic collapse of the state; non-payment of state and insurance companies' debts; 4 August port explosion in Beirut; reliance on private health sector; increase in (and longer) power-cuts, lack of money to pay for services",">500,000",4,"Preexisting vulnerabilities and exhausted coping capacities following two years of the socioeconomic crisis, stagnated government formation and solutions, hosting 1.5 million Syrians who have fled the conflict in Syria and about 180,000 Palestinian refugees, and Beirut explosion. Humanitarian needs and severity are already high and widespread. The pre-existing vulnerabilities including: 
1) Security risks, 
2) Political and ethnic tensions and presence of armed groups 
3) Resource-constrained communities, 
4) COVID-19,
5) Basic services are overstretched and or not functional,
6) Logistical and administrative constraints make challenge smooth roll out of humanitarian activities.

Not everyone with the same characteristics will experience the same level of vulnerability. Women in general; Adolescent girls at risk of early or forced marriage; Unaccompanied and separated children; Children engaging in child labour; Tensions between refugee and host communities; Refugee without documentation; Rural vs Urban; Refugees, asylum seekers, migrants and the economically vulnerable population.",4,Medium,Medium,Materialised,2024-06-13
R0078,['Tunisia'],['TUN'],"COVID-19 and related restrictions worsen the Tunisian socioeconomic crisis, especially in the south, leading to increased migration across the Central Mediterranean route that leads to growing protection needs.",,National,Marked deterioration in an existing crisis,2020-07-29,2024-06-13T13:54:02.000Z,,,"Tunisians in the south (Tataouine Province, where the unemployment rate is 30%), have been protesting since the government failed to follow through on the agreement made in 2017, to create more jobs and development in the south. Tunisia is facing a worsening socioeconomic crisis compounded by the impact of COVID-19. In July, Tunisia has asked four countries to delay debt repayments, underscoring the dire condition of Tunisia's public finances. In July, in a meeting between the Italian Minister of Interior, Luciana Lamorgese, and the Tunisian president Kais Saied the Italian minister raised concerns over the recent spike in the number of Tunisian migrants crossing the Mediterranean to Italy. Tunisian migrants are now the biggest single national group reaching Italy by sea. Since the beginning of 2020, 11,191 migrants landed on Italy’s shores, 5,237 having set out from Tunisia, and nearly 4,000 of them Tunisian citizens.

In case of unsatisfactory peformance from the newly appointed cabinet, especially in terms of economic and employment reforms the number of Tunisians and third country nationals leaving from the coasts of Tunisia towards Italy in search of bettter livelihoods conditions and employment might increase during the summer months when sea and weather conditions are generally more stable. An increase in departures along the  Central Mediterranean route exposes migrants, refugees and asylum seekers to the danger of death and injuries, especially in case of lengthy response times from rescue teams, raising serious protection concerns.","Worsening of socioeconomi crisis, disappointing economic and labour reforms from new cabinet.","<20,000",,,,Medium,Medium,Not materialised,2024-06-13
R0081,['Palestine'],['PSE'],"The suspension of coordination between the Palestinian Authority and Israel limits access to services, particularly health services, for Palestinians.",['PSE002'],National,Future impact of a hazard which has already taken place,2020-07-30,2024-06-13T13:54:02.000Z,,,"UPDATE: By mid-November 2020, the Palestinian Authority (PA)  indicated that it would resume civil and security coordination with Israel, about 6 months after the announcement of the cessation of Palestinian-Israeli relations. The lack of agreement and coordination between the PA and Israel for about six months impeded the implementation of infrastructure projects, economic recovery and employment generation. Plus, they didn’t receive the Palestinian tax revenues, about two-thirds of the Palestinian Authority's budget, which caused a large deficit. 

RATIONALE:  The Palestinian Authority (PA) announced that they are ceasing security coordination with Israel, and subsequently the coordination of Israeli-issued permits for Palestinians required to access essential services. This decision is affecting humanitarian operations across the State of Palestine, including response to the COVID-19 pandemic, and Palestinians' access to healthcare. Additionally, the import of essential supplies and operations by humanitarian agencies have been disrupted. The PA also announced that it will no longer accept transfers of funds from taxes Israel collects on its behalf, which constitutes 80% of its monthly revenues and go towards paying for salaries and services in the West Bank and Gaza. As a result the PA was unable to pay full salaries for some of its 180,000 government employees. There is also a general decline in government local revenues caused by the partial lockdown of public and commercial life due to the coronavirus pandemic. According to the World Bank, the Palestinian economy is expected to contract by 2.5% in 2020. Many Palestinian patients throughout the oPt, and their companions, require Israeli-issued permits to access essential health services unavailable in their locality. For residents of the Gaza Strip, permits are required to access hospitals in the West Bank, including East Jerusalem, as well as Israel and Jordan. The issuance of permits will be severely affected. Also, Since the halt of coordination, there is no oversight of the application process for patients and companions, with limited means to track or record the number of those who apply; how many permits are denied or delayed; or to facilitate appeals on behalf of applicants.","- The announcement of Israel's intention of annexing parts of the occupied West Bank
- announcement of the cessation of Palestinian-Israeli relations",">500,000",3,"Preexisting vulnerabilities and exhausted coping capacities following more than 70 years of conflict and stagnated political, and peace solutions. Humanitarian needs and severity are already high and widespread. The pre-existing vulnerabilities including: 
1) Security risks
2) Political tensions 
3) Presence of armed groups 
4) Gaza blockade
5) Resource-constrained communities
6) Occupation 
7) Economic stress
8) De-facto annexation of the West Bank and demolition orders
9) Human rights abuse 
10) COVID-19
11) Basic services are overstretched
12) Logistical and administrative constraints over services and aid

Not everyone with the same characteristics will experience the same level of vulnerability. The most affected are women and adolescent girls; children; prisoners’ families; people affected by demolition orders; and economically vulnerable population.
",3,Medium,Medium,Materialised,2024-06-13
R0084,['Palestine'],['PSE'],"Electricity shortages in Gaza increase humanitarian needs, including health, water, and sanitation.",['PSE002'],Subnational,Marked deterioration in an existing crisis,2020-08-18,2024-06-13T13:54:02.000Z,,,"On 11 August, Israel closed Karem Abu Salem crossing, and on 13 August, Israel announced that it will stop shipments of fuel into Gaza. These decisions were in response to Palestinians launching of balloon-borne explosives into Israel, sparking dozens of fires in agricultural fields in the area closest to the border. On 17 August, the Palestinian Energy and Natural Resources Authority (PENRA) announced that Gaza's only electricity plant had to shut down due to fuel shortage. Palestinians already suffer from chronic electricity shortages since 2006, causing  regular blackouts, with electricity being provided for less than 12 hours.  Currently because of the closure of the power plant, Gaza is coping with an acute electricity shortage (only four hours of electricity per day), while first cases of COVID-19 community transmission are confirmed. On 26 Aug, nine new cases were identified in Gaza as the infection continues to spread. This further exacerbates already difficult living conditions for the majority of its nearly two million residents.

The ongoing power shortage has severely impacted the availability of essential services, particularly health, water and sanitation. Hospitals are now heavily reliant on backup generator power to keep services running and critical patients alive. Frequent power cuts are causing damage to essential equipment such as incubators for new-born babies. There is less than one month’s supply of 45% of essential medicines and 31% of medical disposables left on shelves. The power shortage and border closing is also undermining Gaza’s fragile economy, particularly the manufacturing and agriculture sectors. The Palestinian Businessmen Association in Gaza announced on Monday that nearly 2,000 companies have been completely or partially affected by the power station's stoppage. In addition, lockdown measures needed to contain the disease also threaten the welfare of many vulnerable families.

Lack of electricity further poses risks to the health and safety of Palestinians living in the area, who often resort to using less sustainable and potentially dangerous forms of electricity and light, such as batteries and candles. ICRC warned of a critical ""double crisis"" in Gaza; the acute electricity shortage and the COVID-19 outbreak, as it has begun community transmission. Israeli air strikes Gaza on Wednesday 16 June, for the first time since ceasefire with Hamas ended - after Palestinian groups sent incendiary balloons into southern Israel. launching incendiary balloons from the Gaza Strip towards the cover settlements continue. ","tensions between Gaza and Israel: Palestinians launching balloon-borne explosive and incendiary devices into Israel, sparking dozens of fires in agricultural fields in the area closest to the border.",">500,000",4,"Preexisting vulnerabilities and exhausted coping capacities following more than 70 years of conflict and stagnated political, and peace solutions. Humanitarian needs and severity are already high and widespread. The pre-existing vulnerabilities including: 
1) Security risks
2) Political tensions 
3) Presence of armed groups 
4) Gaza blockade
5) Resource-constrained communities
6) Occupation 
7) Economic stress
8) De-facto annexation of the West Bank and demolition orders
9) Human rights abuse 
10) COVID-19
11) Basic services are overstretched
12) Logistical and administrative constraints over services and aid",4,Medium,Medium,Materialised,2024-06-13
R0085,['Syria'],['SYR'],Water cuts in northeastern Syria as an instrument of conflict lead to limited access to water for the population in Al-Hasakeh governorate and increased WASH needs.,['SYR001'],Subnational,Future impact of a hazard which has already taken place,2020-08-18,2024-06-13T13:54:02.000Z,,,"Turkey and Turkish-backed forces took control of the Allouk water station during the Turkish offensive on Northeast Syria in October 2019. The Allouk water station, located near the town of Ras al-Ain (Serekaniye), serves 460,000 people in al-Hasakeh governorate, including al-Hasakeh city and three displacement camps. Allouk water station provides water supplies for populations that are already deemed vulnerable, including in al-Hol and Areesheh camps, which host tens of thousands of Syrians, Iraqis, and foreigners who lived in areas formerly held by ISIS. These conditions are also likely to put the population at greater risk of contracting COVID-19.

In March 2020, the Turkish authorities have interrupted water pumping several times since the start of the year. The latest interruption was from 13 to 22 August, when al-Hasakah, in northeast Syria, went without water for 22 days, after the supply was cut by Turkish-backed forces. In March, the water supply interruptions from Alouk was putting 460,000 people at risk in the Hasakah area, as the pandemic spread worldwide. The constant disruption to water supply, pose a threat to the already vulnerable population in northeastern Syria. 
","Turkish-backed forces cur water supply from the Allouk water station.
",">500,000",5,"Preexisting vulnerabilities and exhausted coping capacities following eleven years of war in Syria would exacerbate the humanitarian situation. Humanitarian needs and severity are already widespread. The pre-existing vulnerabilities including: 
1) Security risks, ISIS pocket, and socio-political and economic challenges, 
2) Divisions between NWS, NWS and overall Syria,
3) Presence of multiple armed groups and militias, backed by different groups,
4) Water scarcity,
5) Temperatures and extreme weather events,
6) Resource-constrained communities, 
7) Protracted displacement, 
8) Hosting refugees, 
9) COVID-19 

Not everyone with the same characteristics will experience the same level of vulnerability. Women in general, such as female-headed households, including war widows, and pregnant and lactating women; Adolescent girls at risk of early or forced marriage; Unaccompanied and separated children; Children engaging in child labour or recruited by parties to conflict; Tensions between displaced and host communities; People without documentation, Rural vs Urban, 
",4,Medium,Medium,Not materialised,2024-06-13
R0096,['Iraq'],['IRQ'],The deterioration of the security situation and increase in conflict result in further displacement and protection needs.,['IRQ002'],National,Marked deterioration in an existing crisis,2020-09-30,2024-06-13T13:54:02.000Z,,,"The United States carried out another round of air raids against Iran-backed armed groups in two locations in Syria and one location in Iraq, in response to drone attacks against US personnel and facilities in Iraq, with the militias threatening to retaliate. The Iraq’s Prime Minister Mustafa al-Kadhemi has condemned the attack.
Increased tensions between Iraq, Iran and the US as attacks against US troops and interests are increasing, there’s no group claiming responsibility, however the US is blaming Iranian-backed militias in Iraq.
On 08 Oct. Intelligence sources reported that the Iraqi government had officially expelled the Kataib Hezbollah (Hezbollah Brigades) from Baghdad airport and closed all its offices in the capital. The Hezbollah Brigades are part of the Iranian-backed Popular Mobilisation Forces (PMF), which Washington accuses of targeting US forces and interests in Iraq.

The United States has compiled a list of 80 sites linked to Iranian-backed militias in Iraq and presented it to the government in Baghdad. The US have told the Iraqi government that they will target the sites and close the US Embassy if the militias are not reined in. As a result factions have presented a conditional ceasefire: Iraqi government must implement a parliamentary resolution which was issued in January that called for the withdrawal from Iraq of foreign troops.

The parliament’s decision came after a US drone strike at Baghdad airport on January 3 killed top Iranian General Qassem Soleimani and Iraq’s top Shia paramilitary chief Abu Mahdi al-Muhandis, raising fears of a full-scale Iran-US confrontation on Iraqi soil.","Increased and intensified attacks by the US, Iraqi and Iran-backed militias ","100,000-250,000",4,"Humanitarian needs are not life threatening or widespread. However, Iraq is suffering from pre-existing vulnerabilities including: 
1) Security risks post-war, post-ISIS, terrorism, socio-political and economic challenges, 
2) Internal political and ethnic tensions, 
3) Presence of multiple armed groups and militias 
4) Climate-related security risks,
5) Temperatures and extreme weather events puts pressure on basic resources and undermines livelihood security, 
6) Resource-constrained communities, 
7) Protracted displacement, 
8) Hosting refugees, 
9) COVID-19 had and will continue to have long-term consequences.
The impact and vulnerabilities are different between Federal Iraq and the Kurdistan Region of Iraq, displaced vs non-displaced, refuge vs residents, minorities and people affiliated with ISIS, and women and men, children, youth, the elderly, and people living with disabilities. 
",3,Medium,Medium,Not materialised,2024-06-13
R0098,['Pakistan'],['PAK'],"Countrywide protests and direct opposition to the army's control of political spaces result in violence, leading to protection concerns.",['PAK001'],National,New emerging risk,2020-10-27,2024-06-13T13:54:02.000Z,,,"Public discontent at rising prices, power cuts, closure of businesses and other economic issues is taking people to the streets to protest. The Kashmir issue, PM and Imran Khan’s inaction, as perceived by some Pakistan, is one of the big themes of the protest — “Imran Khan did nothing to protect Kashmir or Kashmiris, he did a deal on Kashmir, the Army did a deal on Kashmir” — was a recurring trope in speeches at the two rallies. If the Army gets nervy about being challenged politically, it may review its relationship with Imran Khan. There are many contenders within Imran’s party waiting in the wings for the top slot. The Pakistan Democratic Movement, an 11-party alliance, has just kicked off a new season of political protests and marches to get rid of the “fake government” responsible for inflation, unemployment, and economic destruction. The October 2020 protests were associated with the closure of economic activities as they have often caused violence and loss of private and public goods. However, the latter protests did not turn into violent or trigger aggressive military operations.  ",Military involvement; protests gaining momentum; deepening socio-economic crisis; Imran Khan government gives up power,">500,000",3,"Preexisting vulnerabilities and climatic shocks have exacerbated the humanitarian situation in Pakistan. Lack of availability and access to services and relatively the existence of access constraints for humanitarian organisations limit the capacity to respond to the expected increase in needs.  
1)	Surrounded by exhausted countries and borders’ closure 
2)	Kashmir region 
3)	Sporadic violence incidents 
4)	Economic pressure and sanctions
5)	High poverty and food insecurity rates. 
6)	Natural shocks as earthquake, flooding, drought conditions
7)	Hosting high number of Afghan refugees and the possibility of new influx of refugee
8)	Damaged infrastructure
9)	COVID-19
",3,Low,Medium,Not materialised,2024-06-13
R0104,['Spain'],['ESP'],There is a risk of a new humanitarian crisis on the Atlantic Migration Route.,,,,2020-11-19,2024-06-13T13:54:02.000Z,,,"The Spanish Interior Ministry, 16,760 migrants arrived by sea on the Canary Islands between 1 Jan and 15 Nov, a 1000% increase compared to the same period last year. More than half arrived in the last 4 weeks. The Spanish Government evicted 225 people from an emergency camp on a dock in the island. Local authorities criticized the move as the migrants were left without immediate alternatives. Arrivals have also been reported in Cape Verde","Increased enforcement on the Mediterranean routes, overcrowding on the Canary Islands without proper response","20,000-100,000",,,2,High,High,Not materialised,2024-06-13
R0117,['Myanmar'],['MMR'],The militarisation of political space and the public sphere causing violence leads to increased numbers of displacements and humanitarian concerns.,['MMR001'],National,Marked deterioration in an existing crisis,2021-02-04,2024-06-13T13:54:02.000Z,,,"The People's Defense Force (PDF) was formed by the shadow National Unity Government (NUG) on 5 May as an anti junta resistance movement to the 1 Feb coup. Some ethnic armed groups reacted to the coup and violence against protestors by supporting the NUG and the Civil Disobedience Movement and training members/youth for the People's Defense Force, as well as clashing with the army in the army in support of the anti coup movement. Since the NUG declared people's war against the military on 7 Sep, there has been increase in clashes across the country, and conflict related displacement increased by 18% between 1 - 15 Sep. The People's Defense Force (PDF) was formed by the shadow National Unity Government (NUG) on 5 May as an anti junta resistance movement to the 1 Feb coup. Some ethnic armed groups reacted to the coup and violence against protestors by supporting the National Unity Government and the Civil Disobedience Movement and training members for the People's Defense Force, as well as clashing with the army in the army in support of the anti coup movement. Since the military coup on 1 Feb there has been a negative impact on the economy. The world bank estimates that the economy is around 30 percent smaller in September 2021 than it would have been in the absence of the dual shocks of COVID-19 and the coup. Since the coup, 2 million people additional are in need of humanitarian aid other than the 1 million identified in HNO 2021 that was released just before the coup.The political instability since the February 2021 military coup is negatively impacting the economy.

NUG strategy combines armed resistance and civil disobedience. Although NUG has considerable support from the civil disobedience movement and the PDF, it is not clear whether all ethnic armed groups and for how long will support its call.  It is also likely that the military will respond with disproportionate force against any armed resistance, leading to further displacement.

As at June 2021, the WFP estimates that an additional 3 million people across Myanmar are at risk of food insecurity, particularly in urban areas. Economic decline is expected to raise poverty in Myanmar.

","-ethnic armed group support to the NUG 
-formation of the PDF
-violent response from the military 
-economic decline ","20,000-100,000",2,"-people in need in areas already affected by conflict 
-food insecurity being already an issue in the country ",2,Medium,Medium,Materialised,2024-06-13
R0126,['Afghanistan'],['AFG'],Drought conditions and the Taliban spring offensive affect people's livelihoods and food security levels in most areas of the country.,['AFG001'],Subnational,New emerging risk,2021-03-19,2024-06-13T13:54:05.000Z,,,"On 22 June, the Government of Afghanistan officially declared a drought in the country. More than 12 million Afghans – one-third of the population – now face 'crisis' or 'emergency' levels of food insecurity. Water resources are increasingly being strained as result of slow onset drought conditions, with reported cases of increased conflict over water in various communities. Loss of livestock and strain on pastoral livelihoods due to the early drought conditions have been reported. This will worsen in the coming days while market prices for basic food commodities have started rising. Extremely low levels of precipitation from October 2020-February 2021 have impacted water availability for crop irrigation across most of the country (central and northern region had above-average). Below average rainfall and above-average temperatures expected in the upcoming spring season are likely to result in below-average wheat production. This year spring cultivation is particularly important, given that winter-wheat production is already under stress. Active conflict, including the annual spring Taliban offensive, has repercussions on livelihood activities – especially for displaced people – and access to markets. The lean season, usually lasting from January to May, increases reliance on markets to meet basic food needs and the prices of basic goods such as cooking oil, rice, and beans tend to increase. Wheat prices are currently 27% above the four-year average. 13.1 million people, or 40% of the population, is facing Crisis (IPC Phase 3) or higher levels of food insecurity across Afghanistan. Given these conditions, food insecurity across the country is likely to persist.",Spring Taliban offensive; flooding; poor wheat crops,">500,000",5,"Preexisting vulnerabilities and exhausted coping capacities following twenty years and climatic shocks have exacerbated the humanitarian situation. Humanitarian needs and severity are already widespread. The pre-existing vulnerabilities including:
1)	Droughts and below-average rainfall which have affected agriculture and livestock 
2)	Sanctions on the de facto authorities and its economic impacts on cash availability, market, inflation, and currency depreciation
3)	Frozen/Paused foreign aid 
4)	The security situation is likely to stabilise, with a lower level of conflict and sporadic violent attacks
5)	High unemployment, poverty and food insecurity rates
6)	Emergency assistance scale up will not be enough 
7)	Resource-constrained communities and damaged infrastructure 
8)	Seasonal flooding 
9)	Remote areas
10)	High levels of internal displacement 
Not everyone with the same characteristics will experience the same level of vulnerability. 
Vulnerable groups: women, including female-headed households, war widows, and pregnant and lactating women; adolescent girls at risk of early or forced marriage; unaccompanied and separated children; children engaging in child labour or recruited by parties to conflict; people without documentation; people living in rural/remote areas; minorities. 
",5,Medium,Medium,Materialised,2024-06-13
R0130,['Hungary'],['HUN'],Migrants and asylum seekers in Hungary face deportation because of the new regulation on asylum.,,,,2021-03-22,2024-06-13T13:54:05.000Z,,,"A new decision by the Hungarian government to restrict asylum seekers inflow to the country authorizes the police to automatically and summarily remove anyone intercepted for irregular entry and stay. Since 2016, the Hungarian authorities have forcibly removed more than 71,000 people. people of concern in Hungary: 6,000",,"<20,000",,,2,Medium,Medium,Not materialised,2024-06-13
R0136,['Niger'],['NER'],An increase in attacks targeting civilians leads to displacement and the further deterioration of humanitarian conditions in Tillabéri region.,"['NER001', 'NER003']",Subnational,Marked deterioration in an existing crisis,2021-05-19,2024-06-13T13:54:05.000Z,,,"Between January–August 2021, at least 424 civilians were killed in the northern Tillabéri region of Niger, in the border area with Mali and Burkina Faso. Such toll is higher than the number of civilian casualties in all of 2020. With the loss of land and personnel in central Mali during 2020, following Barkhane forces’ airstrikes and clashes with the Support Group for Islam and Muslims, the Islamic State in the Greater Sahara (ISGS) group began taking control of territories in western Niger. In this drive, the group started conducting attacks against national armed forces and civilians.
While the ISGS used to spare civilians, hoping to gain their sympathy, in 2021 the group started conducting more violent attacks on civilians, particularly community leaders, to force their communities to pay the zakat. These attacks became particularly frequent from January, when villagers in northern Tillabéri, mainly belonging to the Djerma ethnic group, began organising themselves into self-defence groups in response to the zakat extortion.
Attacks targeting civilians in northern Tillabéri are likely to increase, also because of the ethnic dimension of this conflict. The ISGS often recruits fighters among impoverished pastoralists, mainly from the Fulani community, who see recruitment as their only source of income. Pre-existing tensions between Fulani and Djerma communities, instrumentalised by ISGS in its quest to expand its area of control, risk fuelling a cycle of retaliation on an ethnic basis. Reprisals from certain communities against civilians perceived as belonging to the rival ethnic group are already taking place and are likely to escalate.
The very irregular presence of national and international security forces in Tillabéri — especially following the recent partial withdrawal of Nigerien troops from insecure military posts in Tillabéri — creates an opportunity for increased violence against civilians. The increase in violence against civilians will likely displace around 10,000 to 20,0003 people, adding to the 100,000 IDPs already registered in the Tillabéri region. In addition,  People’s access to health, WASH, education services, land, and humanitarian aid — which already presents high constraints — risks deteriorating further because of the expansion of armed groups into areas previously free from armed presence and military operations. 

",Loss of land by the ISGS in Mali following military operations; formation of self-defense militias; refusal to pay Zakat to the ISGS; Refusal to provide recruits or information to armed groups,"20,000-100,000",3,"People's access to basic services, land, and humanitarian aid is already presents high constraints. 100,000 IDPs in need of assistance are already living in the region and addition displacements are expected in case of escalation of conflict. ",3,Medium,Medium,Active,2024-06-13
R0138,"['South Sudan', 'Sudan']","['SSD', 'SDN']",The escalation of intercommunal conflict in the Abyei Administrative Area following potential UNISFA withdrawal results in casualties and displacements.,"['SSD001', 'SDN001']",Regional,Marked deterioration in an existing crisis,2021-05-31,2024-06-13T13:54:05.000Z,,,"The situation Abyei region, which lies on the border between Sudan and South Sudan has been very volatile since 2005, and both countries laid claim to it after South Sudan's independence. The conflict in this region has its roots in longstanding tension between the Ngok Dinka and Misseriyya communities.
In a visit to Juba by a UNSC delegation, South Sudan representatives urged UNSC to increase the size of UNISFA (the peacekeeping mission in Abyei Region) forces in Abyei region.
On the other hand, Sudan is calling for withdrawal of Ethiopian troops who are part of UNISFA in Abyei region. Due to diplomatic tension over the dam, Sudan views Ethiopian troops as hostile towards them. The Council has asked the Secretary-General to give recommendations for reconfiguring and possibly ending the mission. However, even with UNISFA present, there has still been conflict and casualties in this region. UNISFA is instrumental in mediating between the two communities. Withdrawal of UNISFA could lead to higher levels of conflict/violence.
In November 2021, the UN Security Council further extended the mandate of UNISFA until 15 Dec 2021.","Diplomatic tension between Sudan and Ethiopia; Since majority of UNISFA troops are Ethiopian, Sudan has been calling for their withdrawal. The UN Security Council has also set a deadline for presence of UNISFA in Abyei.","20,000-100,000",4,"The population of this region has faced persistent inter-communal conflict for several years, which has lowered their coping capacity to shocks.",4,Very Low,Low,Not materialised,2024-06-13
R0139,['Brazil'],['BRA'],"Brazil's northeastern, southern, and central regions face flood risks.",['BRA003'],Subnational,Marked deterioration in an existing crisis,2021-06-02,2024-06-13T13:54:05.000Z,,,"Brazil’s government agencies warned of droughts this week as the country faces its worst dry spell in 91 years, increasing fears of energy rationing, hitting hydroelectric power generation and agriculture while raising the risk of Amazon fires. several states could be affected: Minas Gerais, Goiás, Mato Grosso do Sul, São Paulo and Paraná. The alert pointed out that studies carried out by the Brazilian SNM foresee this tendency for the period June-July-August/2021.
","-   Unforeseen heavy rains continue to cause flooding in northeast and southern Brazil
- Droughts in central and southern Brazil, because extension of La Niña period
- Continued mobility limitations due to road destruction
","250,000-500,000",3,"The impact in terms of humanitarian consequences focuses on a significant reduction in food consumption, which means increased levels of malnutrition for vulnerable groups. This encourages an increase in negative coping strategies (indebtedness, skipping meals, reduced dietary variety, etc.). This situation may be exacerbated by socio-political instability, which could increase due to the presidential elections projected for October 2022. ",3,High,High,Materialised,2024-06-13
R0140,['Venezuela'],['VEN'],"Conflict involving Colombian armed groups, criminal groups, and the Venezuelan armed forces is brought to the Venezuelan side.",['VEN001'],Regional,Marked deterioration in an existing crisis,2021-06-02,2024-06-13T13:54:05.000Z,,,Clashes between Colombian and Venezuelan non-state armed groups and Venezuelan armed forces have spread to both sides of the border. Both the population of Arauca (Colombia) and Apure (Venezuela) are the most affected. There is an increase in the number of displaced people. ,Armed groups want territorial control in the Venezuelan side. FARC dissidents take over territory controlled by ELN in Venezuela,"20,000-100,000","3
",The strong presence of non-state armed groups and the configuration of a cross-border non-international armed conflict restricts access to the affected areas and prevents the humanitarian needs of the population from being met.,4,Medium,Medium,Materialised,2024-06-13
R0141,['DRC'],['COD'],Increased attacks targeting civilians in eastern DRC lead to displacement and the worsening of humanitarian needs ,['COD001'],Subnational,Marked deterioration in an existing crisis,2021-06-14,2024-06-13T13:54:05.000Z,2021-06-14,,"At least 773 fatalities had been reported in Ituri and North Kivu as at 15 November 2021 since the establishment of the state of siege on 6 May 2021. The intensification of violence by armed groups and the increase in community clashes have forced thousands of people to flee several times to other regions of the country or to neighbouring countries. Armed groups’ activities on roads and in agricultural production sites often lead to shortages of essential goods. Humanitarian access is severely constrained in this context, as 27 million people (a quarter of the population of the Democratic Republic of Congo) face crisis situations or acute emergency food insecurity. The number of IDPs is likely to increase in the coming weeks, as no decrease in attacks targeting civilians has been observed despite the state of siege. This will worsen humanitarian needs and put more pressure on the limited resources of host communities.","- General insecurity
- Rivalries between armed groups
- Intercommunal violence
- Clashes between armed groups and armed forces
","20,000-100,000",4,A lack of availability and access to services and high access constraints for humanitarian organisations limit the capacity to respond to the expected increase in needs.,3,High,High,Active,2024-06-13
R0143,['Ethiopia'],['ETH'],"Intensified conflict in Tigray region, a sustained humanitarian blockade, and the main harvest being missed for the second time result in mass starvation and deaths.",['ETH004'],Subnational,Marked deterioration in an existing crisis,2021-06-15,2024-07-12T08:54:28.000Z,2021-10-26,https://www.acaps.org/country/world/special-reports#container-1683,"Conflict in the Tigray region has displaced over two million people and led to a humanitarian crisis since November 2020. From the start of the conflict until June 2021, heavy fighting in the region has disrupted the 2020/2021 meher harvest season and market functionality, resulting in increased food prices. The destruction and looting of food stocks, livestock, and farming equipment have diminished livelihood opportunities. Insecurity, bureaucracy, and logistical issues have prevented aid from scaling up to meet the growing needs. As a result, there is widespread lack of food in Tigray, and malnutrition rates are high. At least four million people are food-insecure, and famine-like conditions and starvation are reported in some areas. The Government’s declaration of a unilateral ceasefire on 28 June and withdrawal of the Ethiopian National Defence Force (ENDF) from most of Tigray have not ended the conflict. Instead, the fighting shifted from Tigray to bordering areas in Afar and Amhara regions. Various triggers could shift the conflict back to Tigray, including the end of the rainy season in September (facilitating military movements), the re-engagement of the Eritrean Defence Forces (EDF), who remain in border areas and in western Tigray, or the advancement of regional forces. Without a mutual ceasefire by the end of the 2021 farming season, an intensified conflict would prevent some farmers from harvesting the crops they sowed. Since July, humanitarian access within Tigray has improved, but commercial and humanitarian movement into the region has effectively been blocked. The transportation of humanitarian supplies is only sporadically feasible via one road in the Afar region. With an intensification of conflict, the affected border areas likely will continue to be blocked, and the access along the Afar route will deteriorate. Fighting will continue to prevent commercial activity. Shortages and depletion of fuel and cash are already occurring and will continue to paralyse movements and the humanitarian response within Tigray, increasing the risk of famine. 
Intensified conflict and a sustained blockade will prevent food assistance from reaching people in need and result in the 2021 meher harvest being missed in conflict-affected locations. If the harvest is obstructed, over five million people in Tigray will lose a vital food source. Compounded by insufficient food assistance, that would lead to an exhaustion of coping strategies. 

On 24 March 2022, the Ethiopian government and Tigrayan forces agreed on a humanitarian truce.  Trucks carrying 500 metric tons of food and nutrition supplies, including a fuel tanker, have entered Ethiopian territory controlled by Tigrayan forces for the first time since 15 December. However, the situation remains unstable. ","Violence and limited access in TigrayThe end of the rainy season in September (facilitating military movements), the re-engagement of Eritrean Defense Forces ",">500,000",5,Humanitarian needs are life-threatening. Lack of availability and access to services and high access constraints for humanitarian organisations limit the capacity to respond to the expected increase in needs.   ,5,High,High,Materialised,2024-07-12
R0144,['Mali'],['MLI'],A surge in armed attacks in Nord-Mali leads to increased access challenges and insecurity and protection concerns for civilians.,['MLI001'],Subnational,Marked deterioration in an existing crisis,2021-06-15,2024-06-13T13:54:05.000Z,2021-06-15,,"Following reduced levels of international military support and continuous government instability in Bamako, NSAGs in the North could try to extend their influence to other areas, increasing on the one hand attacks against civilians, national and international armed forces (MINUSMA and FAMA) and other NSAGs, but also recruiting new members. This would lead to new access challenges and protection concerns for local communities and humanitarians as they are targeted, caught in the crossfire and/or displaced at the hands of multiple parties to the conflict. The withdrawal of the Barkhane force will begin with the closure of the bases in North Mali, in Kidal, Tessalit and Timbuktu between the end of 2021 and the beginning of 2022. This should lead to the reduction of at least 40% of the troops by 2022.",Withdrawal of the Barkhane forces; limited presence of Malian armed forces; continued armed groups presence ,"<20,000",2,"Many populations have been displaced following attacks by armed groups, which also led to the closure of many social services from 2012. Even if the populations are starting restarting their livelihood activities and were able to access humanitarian assistance, they risk losing their sources of income as armed groups take back control of the North.",2,Medium,Medium,Active,2024-06-13
R0145,['Nigeria'],['NGA'],The escalation of conflict between the Fulani and other communities results in increased humanitarian needs.,['NGA003'],Subnational,Marked deterioration in an existing crisis,2021-06-15,2024-06-13T13:54:05.000Z,,,"Different groups with conflicting political and ethnic ideologies reacted to the open grazing ban. The ban was proposed in a meeting of governors of southern states hosted in Asaba (Delta state).
In response to the ban, a letter allegedly from a Fulani militant group began circulating in Delta State on 13 May. The group claimed responsibility for a previous arson attack in Asaba, and warned the Delta state governor to withdraw his support for the open grazing ban or face another attack. They issued a 72 hour ultimatum.
Another Fulani group, Gan Allah Fulani Development Association, also warned against the decision of the Southern governors to ban open grazing in their states. They warned of possible retaliation against Nigerians from southern Nigeria who were living in the North.
The Movement for the Emancipation of the Niger Delta issued a counter-threat against the Fulani militant group, threatening to attack the Fulani community in case they execute their threat.
Members of the Indigenous People of Biafra (IPOB) and its militant arm, the Eastern Security Network (ESN) allegedly increased their presence in Delta State in response to the threatening letter, and to begin the enforcement of the open grazing ban.
This was a time-sensitive risk, so changed status from Active to Not materialized when there were no attacks a month after threats were issued. By 1 September, the ban was in place in 7 southern states, but no attacks have taken place in response to the implementation of the ban in these states.",Increased ethnic and resource-based tension due to the proposal of an open grazing ban by leaders of Southern states in May 2021; the ban curtailing free movement; herdsmen perceiving the ban as ethnically motivated and targeting the Fulani community.,"20,000-100,000",2,"Coping capacity and resilience of the residents of southern states in Nigeria is relatively good. In contrast with northern Nigeria, they have more economic resources and generally have no serious pre-existing vulnerabilities.",2,Low,Medium,Not materialised,2024-06-13
R0146,"['Kenya', 'Somalia', 'Ethiopia', 'Yemen', 'Sudan', 'Djibouti']","['KEN', 'SOM', 'ETH', 'YEM', 'SDN', 'DJI']",A new locust invasion in eastern Africa worsens food insecurity,,Regional,Future impact of a hazard which has already taken place,2021-06-15,2024-06-13T13:54:05.000Z,,,"According to FAO, desert locust populations have been declining in eastern Africa
and Yemen, but vigilance must remain high as rains and the next generation of breeding have started.

Although the rainy season has been below average, good amounts of rain from mid-April onwards have triggered the development of fresh green vegetation in eastern Ethiopia, central Somalia, and parts of northern Somalia. These areas have likely served as potential locations for swarms for egg-laying, hatching, and hopper band formation in May.

Each country has a different probability of the risk occurring. Kenya has the lowest probability of a new locust invasion. In Somalia, breeding took place in May along the northern plateau, causing a new generation of desert locusts. There is a possibility for these locusts to migrate to Ethiopia in July. In Sudan, scattered locust adults matured in the Nile Valley between Khartoum and Dongola and in North Kordofan in June. Some adults formed groups, and laying was seen during the third week in the Nile Valley near Merowe and along Wadi Muqaddam. During the last ten days of June, a group of third to fifth instar hoppers, which were laying and hatching in May, was seen in a farm northwest of Khartoum.

Hatching by early July will likely cause a few small hopper groups to form in the Nile Valley and Wadi Muqaddam. These groups could mature by mid-August. In July, small-scale breeding could take place over a relatively large area from North Darfur to the Red Sea Hills as the summer rains start, causing locust numbers to increase further.

In Ethiopia, hopper bands continued to form and develop in eastern Oromia region and in three zones of western Somali region in June. Numerous hopper band infestations were present near the Somalia border, where several immature swarms were seen on 20–29 June. In Afar region, isolated immature and mature solitary adults were seen on 1 July. On 30 June, an immature swarm was reported in eastern Amhara region, suggesting that swarms may have started to move towards Afar. No locusts were seen in eastern Somali region or elsewhere in Oromia.
In July, more small immature swarms are likely to form in the railway area (near the Somalia border) and, to a lesser extent, elsewhere in Somali and eastern Oromia regions, as maturing should be complete by mid-July. Low numbers of small swarms are expected to migrate to Afar region, supplemented by other swarms from Djibouti, Somalia, and perhaps a few from Yemen. Some swarms might continue to the northern highlands and the summer breeding areas in Sudan. Swarm maturation and egg-laying are expected to occur with the onset of the rains in Afar from late July onwards, causing hopper bands to form in August.

In Djibouti, more small hopper bands of first to fifth instar hoppers were detected in Ali Sabieh region (southern Djibouti), suggesting that breeding was more widespread than originally thought and that undetected egg-laying and hatching occurred in May and the first half of June. On 11 June, a maturing swarm was seen southwest of Holhol town, in Ali Sabieh. Several immature swarms and a few groups were seen near the Ethiopia border on 25–28 June, probably arriving from neighbouring areas in Ethiopia and northwestern Somalia as well as from local breeding.

In July, hopper bands in Ali Sabieh region will likely continue to mature, causing small immature groups and swarms to form. This is likely to be aggravated by other immature swarms and cross-border movements from the neighbouring areas of Ethiopia and northwestern Somalia. If sufficient rains occur in the south, there is a risk that some adults could persist, mature, and eventually breed.","- The rainy season
- Summer rains in Sudan
- Rains from late July onwards in Ethiopia
- Immature swarms crossing borders from the neighbouring areas of Ethiopia and northwest Somalia into Djibouti
",">500,000",2,"The affected population can meet their food needs by applying, temporarily, some coping strategies, such as spending financial resources, selling livestock and belongings, and reducing the consumption of certain food items.",1,Low,Medium,Not materialised,2024-06-13
R0147,['Syria'],['SYR'],"The closure of the Bab Al Hawa crossing hampers humanitarian operations in northwestern Syria, resulting in unmet needs.",['SYR001'],National,New emerging risk,2021-06-16,2024-06-13T13:54:05.000Z,,,"Bab al-Hawa on the Syrian-Turkish border, remains open for UN humanitarian operations to northwest Syria (support civilians in parts of Idlib and Aleppo provinces). However, UN Security Council Resolution (UNSCR) 2533—which authorizes the UN to use that crossing—expires on July 10, 2021. Some 3 million Syrians displaced, sheltering in dire conditions in the northwest province of Idlib, would be directly affected.
UN Security Council (UNSC) negotiations on an extension of cross-border aid access to areas in northwest Syria are underway. In February, Russia signaled its intention to shut down the final remaining crossing, through Bab al-Hawa, in a Council vote ahead of the July 10 expiration. Russia’s foreign minister said Moscow disagrees that there is no alternative to deliver humanitarian aid to northwest Syria than from Turkey, insisting deliveries are possible across conflict lines within the country. He hinted that Russia will block U.N. renewal.
The UN Security Council’s decision was taken on to renew the cross-border resolution 2585 (2021) for 6 months of the Bab al-Hawa crossing point, on Syria's border with Turkey. ","Bab al-Hawa Crossing - UN Security Council Resolution (UNSCR) 2533 expires on July 10, 2021 with possible renewal ",">500,000",4,"Preexisting vulnerabilities and exhausted coping capacities following eleven years of war in Syria would exacerbate the humanitarian situation. Humanitarian needs and severity are already widespread. The pre-existing vulnerabilities include: 
1) Security risks, ISIS pocket, and socio-political and economic challenges, 
2) Divisions between NWS, NWS and overall Syria,
3) Presence of multiple armed groups and militias, backed by different groups,
4) Water scarcity,
5) Temperatures and extreme weather events,
6) Resource-constrained communities, 
7) Protracted displacement, 
8) Hosting refugees, 
9) COVID-19 

Vulnerable groups in Syria:
Women, including female-headed households,war widows, and pregnant and lactating women; Adolescent girls at risk of early or forced marriage; Unaccompanied and separated children; Children engaging in child labour or recruited by parties to conflict; displaced and host communities; People without documentation, 
",4,Low,Medium,Not materialised,2024-06-13
R0149,['Libya'],['LBY'],"The violent response to protests around the operation of the oil fields lead to displacement, casualties, and livelihood needs.",['LBY001'],Subnational,New emerging risk,2021-06-28,2024-06-13T13:54:05.000Z,,,"The deteriorated economic situation in the south of Libya led protesters to threat the government to close the oil fields in the southern region of Fazzan on May and late June 2021. The oil rich Fazzan region contains the two largest oil fields in the country, Al Shararah and Al Feel fields, both produci about 400,000 oil barrels daily, which amounts to one third of Libyan oil production. If protesters attempt to close the oil fields, it is expected that the Libyan army would react with a military operation to secure the fields which would likely result in tensions between the army, protesters, and tribal armed groups, and result in displacement, causalities and livelihoods needs. ","1. Lack of economic support from the government.

2. Deteriorating economic situation.

3. Tensions between the National Oil Corporation of Libya (NOC) and the Ministry of Oil and Gas. ","<20,000",2,Those directly caught in the violence would be the most affected ,2,Very Low,Low,Not materialised,2024-06-13
R0150,['Burkina Faso'],['BFA'],Violence in eastern Burkina Faso leads to displacement,['BFA002'],Subnational,Marked deterioration in an existing crisis,2021-07-07,2024-06-13T13:54:05.000Z,2021-07-07,,"Movement restrictions and ultimatums to leave villages imposed by armed groups in Cascades, Center-North, East, North, and Sahel regions are pushing thousands of people to flee. Some are fleeing to other parts of the country, while others have fled to Benin, Côte d'Ivoire, Mali, and Niger. The presence of armed groups is isolating some villages from the rest of the country, creating shortages of essentials items and increasing humanitarian needs. Armed groups generally control the different access points to the villages to regulate or prevent the entry of medicine and goods. Movement restrictions also often take place in retaliation.

The armed groups regularly destroy or damage schools and health centres, leading to many teachers and health workers leaving their workplace to flee threats and intimidation from armed groups. At the same time, repeated attacks prevent people from going to the fields. This trend is likely to worsen the food insecurity situation in the country.","- General insecurity
- Increased presence of armed groups
- Movement restrictions by armed groups
- Shortages of essential products","20,000-100,000",4,A lack of availability and access to services and high access constraints for humanitarian organisations limit their capacity to respond to the expected increase in needs.,3,High,High,Active,2024-06-13
R0151,['Eswatini'],['SWZ'],"Social unrest in Eswatini result in the disruption of harvest, access constraints, and increased food insecurity levels.",['SWZ001'],National,New emerging risk,2021-07-12,2024-06-13T13:54:05.000Z,,,"More detentions of leaders of opposition parties and police using excessive force against protestors is likely to re-escalate political unrest in Eswatini, cause disruption to harvest activities, create access constraints for humanitarian and non-humanitarian activities, and increase food insecurity levels.

Social unrest and pro-democracy protests in Eswatini - that escalated on 28 June – and lasted for a month affected food insecurity, as looting of NGOs’ assets, internet blackout, and fuel shortages hindered the delivery of aid. 
Chaos led some citizens to loot one NGO’s supplies. Internet blackout delayed the entry process of goods trucks, which is handled online. Trucks supplying supermarket chains were held up at Oshoek border post during the first week of July. Fuel shortage affected movement of trucks carrying humanitarian aid and non-humanitarian goods. 
Although the situation had been stabilized and peace and security had been somewhat restored, some sporadic events and arbitrary detentions of members from opposition parties are still taking place. It is estimated that Eswatini security forces have killed 70 protesters and arrested more than 600 as of mid-August. Lack of information is due to frequent shut down of internet services and the intimidation, arrest, and beating of journalists. 

Social unrest has re-escalated in October. About 17 students, including a seven-year-old, were arrested on 11 October during  pro-democracy demonstrations taking place in schools. Students have been boycotting classes to demand for better learning conditions, free education, and the release of two lawmakers arrested during July’s demonstrations. The government deployed soldiers and police across schools in Eswatini to stop the demonstrations. 

Authorities in Eswatini ordered indefinite closure of all schools on 16 October, affecting access to education for children and young people. As of 20 October, at least 28 people died because of clashes between protestors and soldiers. A complete shutdown of internet services took place on 15 October for 2 hours. Public transport was also at a standstill over the weekend.

On 20 October, one person died, and 80 others injured in Mbabane and Manzini cities during pro-democracy protests. Police used live ammunition and tear gas against students as they prepared to gather for a protest.

No more events occured between Ocotber 2021 and January 2022",More detentions of leaders of opposition parties and police using excessive force against protestors.,"250,000-500,000",2,"The affected population can meet their food needs by applying, temporarily, some coping strategies, including selling assets, borrowing money and
withdrawing children from school.",3,Low,Medium,Not materialised,2024-06-13
R0152,"['Ethiopia', 'Sudan']","['ETH', 'SDN']",The speed filling of the reservoirs of the Grand Ethiopian Renaissance Dam leads to a water crisis and the disruption of agricultural and water-dependent livelihood activities in Sudan.,,Regional,New emerging risk,2021-07-12,2024-06-13T13:54:05.000Z,,,"The speed-filling of the GRED scheduled at the beginning of 2022 is likely to increase tension between Ethiopia and Sudan and result in shortages of water resources for Sudan, mainly in the Nile River, Blue Nile, and Sennar states and disrupt livelihood activities that are dependent on water. 
The Grand Ethiopian Renaissance Dam (GERD) has been a source of tension between Sudan and Ethiopia for more than 10 year. The GERD is located in Ethiopia’s western Benishangul-Gumuz regional state, only 15 kilometers from the border with Sudan. The reservoir of the GERD are filled from the Blue Nile, which is the main source of water for Sudan. It has only been filled twice until now, and the third filling will take place at the beginning of 2022. Tensions between the two countries increase with each filling, as Sudan is likely to suffer from shortages of water resources. 
Analysts expect that when the GERD’s reservoir are completely filled, 50% of land (50,000 feddans) that depends on spate irrigation in the Nile River, Blue Nile, and Sennar states will be affected. About 20 million people will be affected in three agricultural seasons. The country will turn to high-cost irrigation, especially with the lack of electricity and petroleum materials. Lack of silt from the Nile means less natural nourishment for agricultural lands and the disruption of the red brick industry. Levels of groundwater will decrease, and it requires high costs to compensate. 
Agricultural activities in Sudan are likely to be at risk of massive flooding in case of any mismanagement of the GERD’s filling operations or overfilling the GERD. People living around the Ethiopian-Sudanese borderlands will be highly affected. Previously in September 2020, three million people were affected and more than 100 killed because of a flooding of the Blue Nile, while the flooding’s waste damaged two-thirds of the country’s cultivated land.

The situation as of April 2022: Ethiopia scheduled a third filling in July 2022 and on 20 February, it started electricity production using the GERD. 
",Tension increases after the third filling of the GERD scheduled at the beginning of 2022. ,">500,000",4,"Although a high number of people are expected to be affected, the presence of services and humanitarian organisations, as well as national preparedness mechanisms would lower the severity of impact.  ",3,Low,Medium,Not materialised,2024-06-13
R0153,['South Africa'],['ZAF'],"The resumption of former president Jacob Zuma’s trial is likely to re-escalate violent protests, leading to shortages of food, fuel, and medical supplies, as well as financial losses for business owners.",,National,New emerging risk,2021-07-13,2024-06-13T13:54:05.000Z,,,"Resuming of the trial of Jacob Zuma, which has been postponed since July due to the protests and his deteriorating health condition, is likely to re-escalate protests and result in shortages of food and fuel, looting, and financial losses for business owners. 

Violent protests that started in July and continued for a month resulted in the death of 335 people. 
Supporters of former president of South Africa, Jacob Zuma, lead the protests, blocking roads and looting shops in two densely populated provinces, Gauteng (the economic hub of Johannesburg) and KwaZulu-Natal (Zuma’s hometown province). The South African military deployed around 2,500 soldiers to the two provinces to control the protests, resulting in more violent riots. 
Zuma is facing a list of 18 charges including fraud, corruption, and money laundering related to an arms deal when he was deputy president in 1999. He is also facing charges from the period 2009- 2018 when he was president. However, he handed himself over to police on 9 July to serve a 15-month jail term for contempt of court, after defying its order to provide evidence and collaborate. 
The riots and looting resulted in shortages of food, fuel, and medical supply. More than 200 shopping centres have been looted, and property destruction costs are reported to be above 1 billion USD, according to local sources.

Based on the July protests, fears of food and fuel shortages due to disruption to farming, manufacturing, and oil refining are likely in case of re-escalation. People are likely to steal food and other products from malls and small shops. Business owners are likely to be heavily affected as many of South Africa’s small, medium-sized, and micro enterprises are not insured, making recovery challenging after such damage to their businesses.

As of April 2022, Zuma's trial is still ongoing, but there hasn't been any impact or violent events since July 2021. 
","Resuming of former President, Jacob Zuma’s trial ","20,000-100,000",2,"Although a high number of people are expected to be affected, the presence of services and humanitarian organisations, as well as national preparedness mechanisms, lower the severity of impact.  ",3,Low,Medium,Not materialised,2024-06-13
R0154,['Chad'],['TCD'],Flooding in Chad results in deteriorated living conditions,,National,New emerging risk,2021-07-19,2024-06-13T13:54:05.000Z,2021-07-19,,"According to Chadian authorities, 10,200 food and non-food kits will be needed in 14 provinces at risk of floods for the rainy season. Excess rains are expected in Bahr El Gazel, Batha, Guera, Hadjer Lamis, Kanem, Lac, Ouaddai, Salamat, Sila, and Wadi Fira regions. The potential impact of this forecast may include local flooding, a proliferation of diseases (such as malaria and cholera), a proliferation of livestock diseases, and crop destruction. The consequences of the rainy season are already being particularly felt in Ennedi-Ouest and Tandjilé prefecture. In Chad, the rainy season begins in mid-May and ends in October.","- Rainy season
- Settlement in flood-prone areas
","20,000-100,000",,"The effects of climate hazards are intensifying throughout the country, with significant changes in the climate resulting in torrential rains, floods, and droughts, causing upheavals in human living conditions. Humanitarian organisations are implementing initiatives to strengthen the community resilience of flood-affected populations, particularly for access to and the management of water points.",2,Medium,Medium,Materialised,2024-06-13
R0157,['DPRK'],['PRK'],"The detection of COVID-19 cases causes the Government to (re-)enact strict border controls that worsen food insecurity, resulting in lower food consumption and nutritional diversity levels among the most vulnerable.",['PRK001'],National,Marked deterioration in an existing crisis,2021-07-23,2024-06-13T13:54:08.000Z,,,"The Democratic Republic of North Korea (DPRK) is experiencing a complex crisis driven by a weak resilience to natural disasters and weather shocks, low agricultural productivity, unsustainable economic and agricultural practices, and international sanctions (against DPRK’s nuclear program) that delay and constrain humanitarian response and affect the economy (Korea Science 01/03/2019; UNICEF 2019; FAO 05/2019; Center for Humanitarian Leadership 04/2020; Observer Research Foundation 02/07/2021; 38 North 22/08/2019). Food distribution is managed entirely by the centralised government, upon which people depend on access to food. Food insecurity is chronic and affects 40% of the total population (DPRK Needs and Priorities 2020; VOA 20/10/2021).  All these factors are compounded by the governmental response to COVID-19 pandemic since January 2020. (DPRK Needs and Priorities 22/04/2020; VOA 20/10/2021).  All these factors are compounded by the governmental response to COVID-19 pandemic since January 2020. 
Prolonged border closures as part of COVID-19 containment measures have significantly reduced trade by up to 90% and constrained import of aid on which the DPRK relies to cover its chronic food gap (Nikkei Asia 18/01/2022). In early 2022, the DPRK has allowed resumption of some aid imports after being subject to delays over prolonged quarantine measures, however, other much needed aid supplies including food remain blocked (Reuters 16/01/2022; Korea Herald 11/02/2022). There are significant information gaps around the severity of needs in the DPRK. However, increased food insecurity, malnutrition caseloads and mortality rates are highly likely in 2022 (UNICEF 19/02/2021; UN 08/10/2021). Humanitarian funding has also been constrained, and this will cause additional setbacks for humanitarian response in 2022 (OCHA accessed 23/02/2022) 
The DPRK has not accepted any COVID-19 vaccinations, and instead has relied on severe preventative measures against the spread of COVID-19 (WHO 23/02/2022; France24 23/02/2022). Although the DPRK reports no COVID-19 cases to date, outbreak remains a possibility, especially with the necessary slow re-opening of borders for imports. In the case of a COVID-19 outbreak the DPRK is likely to re-impose the strict border closures, restrictions on internal movement, and quarantine measures (Brookings Institute 22/11/2021; WHO 16/02/2022; The Diplomat 05/02/2022).  
","-strict measure to prevent a COVID-19 outbreak
-slow reopening/resumption of some imports 
-COVID-19 spread remaining a threat
-pre-existing food insecurity and economic vulnerabilities ",">500,000",4,"Pregnant and lactating women;
children under 5; 
elderly;
people  with special needs;
prisoner,  particularly political prisoners.
These are most vulnerable groups to food insecurity in the DPRK",4,Low,Medium,Materialised,2024-06-13
R0158,['Tunisia'],['TUN'],"Prolonged sociopolitical unrest leads to violent protests and localised violence, resulting in protection and human rights concerns, humanitarian access impediments, and a disruption of the COVID-19 response.",,National,New emerging risk,2021-07-27,2024-06-13T13:54:08.000Z,,,"Tunisian President Kais Saied suspended parliament, revoked legislators’ parliamentary immunity, and dismissed Prime Minister 
Hichem Mechichi on 25 July in response to increasing protests 
against the failure of the COVID-19 response and the economic 
crisis.  In 2020, the GDP contracted by almost 9%, 
and unemployment among young people increased to over 40% 
(GIEWS 27/07/2021). The President’s decision led to a deepening constitutional crisis.  Kais Saied extended the parliament’s suspension indefinitely on  23 August and refused to hold dialogue with the Ennahda party,  which holds the majority of seats in the suspended government 
(Reuters 15/09/2021; Washington Institute 31/08/2021; Al 
Jazeera 24/08/2021). On 22 September, the President’s public 
statements suggested he is likely to seek further constitutional 
reform, which could entail complete dissolution of the parliament 
and drafting of a new constitution, possibly with a more presidential system. On 29 September, the President named a new 
prime minister, Najla Boden (Al Jazeera 22/09/2021; France 24 
12/09/2021; African Arguments 30/08/2021). At the same time, 
the opposition is consolidating against the presidential moves 
and calling on the President, the army, and the judiciary to respect 
the current constitution (MEMO 19/09/2021).
Increasing protests took place in September, both in support 
of and in opposition to presidential decisions (Al Jazeera 
19/09/2021). Growing sociopolitical unrest is likely to trigger 
violent police and army response, with the president warning 
that any violent protests will be met with a military response. 
The army’s support of the presidential power grab is concerning, 
as the Tunisian army rarely gets involved in political matters 
(Foreign Policy 2/09/2021; Al Jazeera 25/07/2021). The protests are likely to be aggravated by the prevailing political and 
prolonged economic crisis. Higher mobilisation is anticipated if 
the economic crisis pushes the President to introduce new austerity measures or changes in subsidy policies (ICG 28/07/2021; Reuters 05/05/2021).

Increased protests are likely to trigger disproportionate police 
response, as the police already were reported using pepper spray 
against protesters and storming news agencies associated with 
the government (Al Jazeera 25/07/2021; International Crisis 
Group 28/07/2021). More violent protests are likely to increase 
during December–January because of the anniversary of the 
Jasmine Revolution. If violence erupts, it is expected to happen in 
Tunisia’s three most populated cities: Sfax, Sousse, and Tunis. Up 
to 100,000 people across Tunisia, including migrants, would likely 
be most affected by the economic downturn and face humanitarian needs (UNDP 15/12/2020; UNHCR)

UPDATE:
Social and political dissatisfaction in Tunisia resulted in some violent demonstrations and human rights violations. The Tunisian president Kais Saied extended the parliament suspension until a new election on 17 December 2022 and announced a constitutional referendum to be held on July 2022. (Middle east eye 13/12/2021, Swissinfo 13/12/2021, Crisisgroup 27/01/2022). The president also terminated the Supreme Judicial Council and named a new temporary one (Swissinfo 13/02/2022, DW 06/02/2022). Those exceptional measures led to violent protests since November 2021. Riot police are reported to have used tear gas, sticks, and water cannons against the protesters, which has resulted in one death and injuries (Reuters 14/11/2021, Aljazeera 17/12/2021, DW 14/01/2022, Aljazeera 20/01/2022). Opposition movements have faced human rights violations and arbitrarily arrests (CNN 22/12/2021, Amnesty 14/01/2022).Protests occurred on 17 December 2021 and 14 January 2022 which is the Jasmin anniversary that moved from January 14 to December 17.  (Bloomberg 12/01/2022, Aljazeera 17/12/2021, Voanews 14/01/2022). 
Migrants and refugees’ socioeconomic situation deteriorated and many of them are without jobs. They are subject to exploitation such as human trafficking, forced labour, and arbitrary arrests. Migrants protested on 14 February asking for evacuation from Tunisia (Infomigrants 15/02/2022, Africanews 15/02/2022). Migrants continue attempting to cross to Europe by sea for better opportunities (Infomigrants 21/01/2022, Reuters 26/11/2021, Arab News 22/01/2022, Infomigrants 28/01/2022). 

","1. The president warned that any violence will be met with military response. Police was reported to use pepper spray against protesters and storm news agencies associated with the government.
2. Three big parties in the parliaments are against the decision to suspend parliament and are asking people to support them. ","20,000-100,000",3,"Socio-economic vulnerabilities are reported.
Migrants",3,Low,Medium,Materialised,2024-06-13
R0162,"['Lebanon', 'Israel']","['LBN', 'ISR']","Continued tensions between Lebanon and Israel and the failure of the ceasefire lead to possible conflict escalation, affecting civilians and civilian objects.",,Regional,New emerging risk,2021-08-08,2024-06-13T13:54:08.000Z,,,"There is increase in fire exchange and continued tension between Lebanon and Israel in the last weeks, particularly along the Blue Line. Several incidents involving the Hezbollah Forces and the Israel Defense Forces were reported. Tensions increased particularly since May when multiple  hostilities were reported across the Blue Line or sea. In August, Hezbollah fired rockets at open ground near Israeli positions in response to Israeli air raids on southern Lebanon, followed by retaliatory Israeli strikes. Throughout 2021, Israeli overflights were reported almost daily, violating UNSCR 1701 (2006). Both parties targeted open land and indicated that they did not wish to escalate, however, such type of attacks highlight the continued risks to stability in Lebanon particularly amidst lack of progress towards a permanent ceasefire. ",Increased exchange of fire between Lebanon and Israel and shelling.,"250,000-500,000",5,"Preexisting vulnerabilities and exhausted coping capacities following two years of the socioeconomic crisis, stagnated government formation and solutions, hosting 1.5 million Syrians who have fled the conflict in Syria and about 180,000 Palestinian refugees, and Beirut explosion. Humanitarian needs and severity are already high and widespread. The pre-existing vulnerabilities including: 
1) Security risks, 
2) Political and ethnic tensions and presence of armed groups 
3) Resource-constrained communities, 
4) COVID-19,
5) Basic services are overstretched and or not functional,
6) Logistical and administrative constraints make challenge smooth roll out of humanitarian activities.

Not everyone with the same characteristics will experience the same level of vulnerability. Women in general; Adolescent girls at risk of early or forced marriage; Unaccompanied and separated children; Children engaging in child labour; Tensions between refugee and host communities; Refugee without documentation; Rural vs Urban; Refugees, asylum seekers, migrants and the economically vulnerable population.
Israel’s humanitarian needs are not life-threatening and can be met without having to adopt negative or irreversible coping strategies. ",5,Low,Medium,Not materialised,2024-06-13
R0163,['Syria'],['SYR'],The collapse of the 2018 reconciliation agreement and increased hostilities in southern Syria lead to increased displacement and the deterioration of humanitarian needs.,['SYR001'],National,New emerging risk,2021-08-08,2024-06-13T13:54:08.000Z,,,"The southern city of Dara’a al-Balad, Dara'a governorate, is seeing intense fighting and shelling by Syrian Government forces and armed opposition groups in recent weeks. Hostilities between Government forces and armed groups escalated starting from July, due to failure to reach an agreement on reconciliation rules. The Government of Syria (GoS) wants to impose a tighter control on roads in and out of Daraa al-Balad and its neighbourhoods, while  members of armed groups are requested to surrender, hand over their weapons and relocate to northern Syria. The ongoing violence is considered a significant development since most of the Deraa province came back under government control in 2018. The violence affected the ability to meet basic needs for nearly 50,000 civilians. About 24,000 people, including IDPs and Palestinian refugees, have reportedly been displaced to Dara’a city and surrounding areas.  So far, eight civilian deaths and six injuries were reported. The risk of a wider military operations could hinder the current situation, leading to more civilian casualties, displacements, and unmet needs. ",Further advancement from government forces into Dara's and further military attacks between GoS forces and opposition groups ,"100,000-250,000",5,"Preexisting vulnerabilities and exhausted coping capacities following eleven years of war in Syria would exacerbate the humanitarian situation. Humanitarian needs and severity are already widespread. The pre-existing vulnerabilities include: 
1) Security risks, ISIS pocket, and socio-political and economic challenges, 
2) Divisions between NWS, NWS and overall Syria,
3) Presence of multiple armed groups and militias, backed by different groups,
4) Water scarcity,
5) Temperatures and extreme weather events,
6) Resource-constrained communities, 
7) Protracted displacement, 
8) Hosting refugees, 
9) COVID-19 

Vulnerable groups: 
Not everyone will experience the same level of vulnerability. Women, including female-headed households, war widows, and pregnant and lactating women; adolescent girls at risk of early or forced marriage; unaccompanied and separated children; children engaging in child labour or recruited by parties to conflict; displaced and host communities; people without documentation
",5,Low,Medium,Not materialised,2024-06-13
R0164,['South Sudan'],['SSD'],The resurgence of armed conflict between the Government and opposition military forces worsens humanitarian needs and leads to increased access constraints.,['SSD001'],National,Marked deterioration in an existing crisis,2021-08-10,2024-06-13T13:54:08.000Z,,,"On 4 August, top generals within the SPLM-IO attempted to depose Vice President Riek Machar as head of the party and replace him with his chief of staff General Simon Gatwech. They were unsuccessful and Machar later announced that he still retained full control of the party. Troops allied to Machar and Gatwech clashed over the weekend of 7-8 August. There is widespread concern that this power struggle will affect the revitalized peace accord which had ended the civil war. Riek Machar was one of the main signatories in the peace agreement, but his influence/power now seems to be weakening. The faction led by General Gatwech has very different views on the peace agreement, and is extremely dissatisfied with the current state of affairs relating to its implementation. IGAD (regional body of Eastern African countries) convened an emergency meeting to address this issue and safeguard the peace agreement.
At least 8.3 million people in South Sudan need humanitarian assistance, and renewed civil war would exacerbate their needs.",Internal conflict and power struggle within the SPLM-IO; a certain faction of the SPLM-IO party led by General Simon Gatwech attempted to oust Machar as head of the party; Gatwech faction having more radical views on implementation of the Revitalized Peace Agreement,">500,000",5,High pre-existing vulnerabilities among the South Sudanese population due to a long period of civil war and recurrent floods.,5,Low,Medium,Not materialised,2024-06-13
R0165,"['Iran', 'Israel']","['IRN', 'ISR']","An escalation of tensions and military operations between Israel and Iran lead to regional conflict, with humanitarian consequences.",,Regional,New emerging risk,2021-08-11,2024-06-13T13:54:08.000Z,,,"There have been increased tensions between Israel and Iran, particularly involving attacks against tankers/vessels in the Arabian Sea, intelligence operation and by proxy attacks in Syria. Both parties deny the accusations. The tensions did not spark a broader conflict as of now. However, the Israeli defense minister in a recent interview has stated that Iran represents “a global and regional problem” and ""at a point where we need to take military action against Iran"". Both countries have nuclear weapons and capabilities, besides the advanced conventional forces. The current scenario indicates that the so-called 'shadow war' will likely continue. However, the risk of tensions turning into a wider conflict remain; such escalation could drag all the Middle East into a regional war. ","Increase in the number of attacks against sea tankers belong to Israel or Iran.

Increased US coercive economic measures against Iran and its allies.

Failure of diplomatic measures

Cyber attacks and maritime operations ",">500,000",5,"Israel’s humanitarian needs are not life-threatening and can be met without having to adopt negative or irreversible coping strategies. 

Preexisting vulnerabilities and climatic shocks have exacerbated the humanitarian situation in Iran. Humanitarian needs are not life-threatening and can be met without having to adopt negative or irreversible coping strategies. However, the situation is different between different areas and refugees are more vulnerable sur to their statelessness. 

",5,Very Low,Low,Not materialised,2024-06-13
R0184,['Libya'],['LBY'],Repeated attacks by assailants on the largest water supplier in Libya lead to impediments to water access mainly in Tripoli region.,['LBY001'],Subnational,Marked deterioration in an existing crisis,2021-08-15,2024-06-13T13:54:08.000Z,,,"An armed group close to the former intelligence chief “Abdullah Al-Sanusi” broke in and attacked the water company “Man-Made-River” and forced the water supplier to stop operations threatening to attack the water pipelines if “Abdullah Al-Sanusi” was not released within 72 hours. This incident happened on 14/08/2021. Earlier late July 2021, an explosion targeted in the water transmission line in Tazerbo, Benghazi located close to the city of Awjila, leading to a large volume of water wasted.
The repeated attacks on the Man-Made River water company and using water as a tool of political pressure on the authority is putting over 2 million people at risk of water shortages. Especially, vulnerable population in health institutions, detention centers, migrants and refugees. 
",Repeated attacks (trend being monitored),">500,000",4,"Poor households or people, including migrants and IDPs, are expected not to be able to afford the costs of trucked water",5,Low,Medium,Not materialised,2024-06-13
R0185,['Niger'],['NER'],The national and regional spread of a cholera outbreak increases health and WASH needs in Niger.,['NER001'],National,New emerging risk,2021-08-21,2024-06-13T13:54:08.000Z,,,"A surge of cholera cases to be feared in Niger as a result of heavy rains expected until October. At least 64 people have died and 69,515 people have been affected by heavy rains since June. Floods and landslides destroyed or damaged more than 5,100 houses. 
In Niger, cholera outbreaks have been recorded especially since 1990. The most recent dates back to 2018 starting with patients originating from the Jibiya health Centre in neighbouring Nigeria. This outbreak affected 3,824 people with at least 78 deaths and a case fatality rate of 2%. The Madarounfa health district in the Maradi region was the most affected with 2,638 cases, (68.88%) of the reported cases. 

UPDATE (Risk materialised): In Niger, the Minister of Public Health declared a cholera epidemic on 9 August. As of 12 October, 5,343 confirmed cases including 156 deaths, have been reported, for a case fatality rate of 2.9%. The most affected regions are Maradi with 3,011 cases and 49 deaths, Tahoua with 1,239 cases and 64 deaths, Zinder with 566 cases and 20 deaths, Tillabéry with 307 cases and 10 deaths, and Niamey with 112 cases and 12 deaths. ",Forecasted flooding; cholera outbreak in Nigeria; cross-border movement and porous borders ,"<20,000",2,"Lack of sufficient and proper WASH and health infrastructure makes the outbreaks difficult to prevent. More than 280,000 IDPs and around 186,000 Nigerian refugees are reported in Niger as of September 30, 2021. These populations are left homeless due to attacks by armed groups and climatic events such as floods, fires and drought. Some of these populations make makeshift shelters on flood-prone or disputed land. Newly occupied spontaneous displacement sites often lack WASH infrastructure as well as health facilities. Increase in health needs in all the affected regions",2,Medium,Medium,Materialised,2024-06-13
R0186,['India'],['IND'],Violence and conflict in Jammu and Kashmir increase as a secondary impact of Taliban's takeover of Afghanistan.,['IND002'],Subnational,Marked deterioration in an existing crisis,2021-08-27,2024-06-13T13:54:08.000Z,,,"Kashmir region is disputed between India, Pakistan and China since 1947. Separatist militants/armed groups in Jammu and Kashmir have long had support from armed groups in Pakistan and Afghanistan. Non-state armed groups based in Pakistan that support separatists in Jammu and Kashmir include members affiliated with Jaysh-el-Mohammad (JeM) and Lashkar-el-Toiba (LeT), which have been active in the pro Taliban Haqqani network. In August 2021, the Taliban took over Afghanistan; it is likely that armed groups in Jammu and Kashmir will become emboldened by Taliban's takeover, particularly because in August 2019, the Indian government issued a presidential decree revoking Articles 370 and 35A, which had given Jammu and Kashmir special autonomous status. This was the most far-reaching political move concerning the disputed region in nearly seven decades. Jammu and Kashmir was further downgraded from a state to a union territory, officially placing it entirely under the jurisdiction of the central government. This downgrade increased international tensions over the disputed region between India, Pakistan and China. Although the number of militants in the territory had decreased since 2019 because of India's increased security control (the number of active foreign militants in Indian Kashmir was 143 in 2018, 138 in 2019 and then down to just 23 in 2020) it is increasing again (50 militants as at 30 Sep 2021) following Taliban's take over. Many of the militants are accessing Jammu and Kashmir from Pakistan's northern Punjab Province and tribal areas bordering Afghanistan. This may lead to increased militant attacks in Jammu and Kashmir. Russia and China stated readiness to counter terrorism and drug trafficking threats from Afghanistan after the Taliban's takeover, indicating that the increased threat of armed group attacks and criminal operations spillover in the region is real, and this includes the disputed Kashmir region. There is also a concern among local politicians in the Indian administered Kashmir of increased political violence against them because of this development that put their lives at risk. In November 2021, India deployed additional 5,500 troops to the region because of the increase in number of militant attacks that resulted in 39 casualties in October including 13 civilians. ","Increase in armed group presence in Jammu and Kashmir that is facilitated by the regional development in Afghanistan, providing space for networking between armed groups. ","<20,000",1,Minority groups and politicians are at risk of political violence. ,1,Medium,Medium,Materialised,2024-06-13
R0192,['Ethiopia'],['ETH'],"Increasingly intense and widespread conflict in Afar and Amhara causes mass displacement, access constraints, food insecurity, and protection concerns.",['ETH004'],Subnational,Future impact of a hazard which has already taken place,2021-09-13,2024-07-12T08:55:25.000Z,2021-10-26,https://www.acaps.org/country/world/special-reports#container-1683,"The conflict, which has been active in the Tigray region since November 2020, began spreading into northern Amhara and northwestern Afar regions in mid-July. As at 1 September, fighting in these two regions has displaced more than 370,000 people. More conflict likely will erupt in Afar and Amhara if the Tigrayan forces advance to more zones. Fear of Tigrayan forces attempting to reach Semera (Afar) again and controlling Ethiopia’s main supply route from Djibouti port is likely to intensify any conflict in Afar and lead parties to the conflict to request support from allies. Ethiopian National Defense Force (ENDF) is likely to continue seeking foreign support from Eritrean Defense Force (EDF). Large numbers of EDF members re-entered Ethiopia on 23 August and are present in boundary areas close to the Eritrean border and in western Tigray. If EDF re-engages in the fighting, the armed conflict likely will be further intensified. During the 1980s insurgency against the military dictatorship in Ethiopia, the Sudanese border with Tigray was an essential supply route for Tigrayans. Currently, EDF and Amhara forces continue to occupy positions in western Tigray to prevent the establishment of a Tigrayan supply route to import food and weapons from Sudan. Other alliances with non-state armed groups inside Ethiopia will probably be established, following the Oromo Liberation Army’s alliance with Tigrayan forces in August. Attempts to control supply routes and new alliances with more military forces are likely to increase tensions between parties to the conflict, spreading armed conflict into more zones in Afar and Amhara. 

The escalating tension among armed groups is likely to spread armed conflict to more areas in Afar and Amhara, affecting an estimated 745,000 people in Afar and about 3.3 million in Amhara . Increased insecurity in Afar and Amhara likely will lead to further mass displacement and access constraints. Humanitarian aid is apt to be affected by increased checkpoints, insecurity, and looting of supplies, contributing to worsening food insecurity. Already, nearly 1.7 million people in Afar and Amhara are food-insecure. The number is likely to increase, and food insecurity levels will likely worsen. Protection needs for women in Afar and Amhara are likely to increase, as they are highly likely to be subjected to sexual and gender-based violence in conflict areas. If EDF enters Afar, some 38,000 Eritrean refugees are likely to have increased protection needs. Health facilities are likely to be overwhelmed by an increase in injuries and malnutrition patients. Attacks and lootings targeting health facilities in conflict-affected areas in Afar and Amhara are likely, based on similar tactics adopted by parties to the conflict in Tigray. Shelter needs are likely to increase because of mass displacement. The continuing use of school buildings by IDPs will likely affect the start of the school year in October, disrupting access to education.
","Control of supply routes, foreign intervention from Eritrea, and militias joining Tigrayan forces. ",">500,000",3,Lack of availability and access to services and high access constraints for humanitarian organisations limit the capacity to respond to the expected increase in needs.  ,4,High,High,Materialised,2024-07-12
R0193,"['Ethiopia', 'Sudan']","['ETH', 'SDN']","An escalation of conflict between Sudan’s Rapid Support Forces and the Ethiopian National Defense Forces in Al Fashaga district, Gedaref state, results in violence against civilians, displacement, the disruption of agricultural activities, and protection concerns.",,Regional,New emerging risk,2021-09-13,2024-06-13T13:54:08.000Z,2021-10-26,https://www.acaps.org/country/world/special-reports#container-1683,"The Al Fashaga district is an agricultural area disputed between Sudan and Ethiopia since 1902. Sudanese troops moved into the district in December 2020 and took control of over 90% of the land, evicting Ethiopian farmers and disrupting a land-use agreement that had been in place for over a decade. Resident Sudanese and Ethiopian farmers depend on the Al Fashaga district for agricultural livelihoods and goods. In Ethiopia, half of Amhara’s population and close to 80% of Tigray’s population are projected to be in crisis or above food insecurity levels (IPC Phase 3 or worse) between July–September 2021. With the harvest season approaching in October, clashes are likely to re-escalate between Sudanese and Ethiopian farmers. In October 2020, armed groups from Amhara launched attacks in Al Fashaga to prevent Sudanese farmers from harvesting. Rivalry over agricultural resources is likely to increase tensions between Sudan and Ethiopia, already running high in 2021 with mutual accusations of destabilising the security situation, which has deteriorated sharply as a result of the expanding conflict in the Ethiopian regions bordering Sudan. Tensions are likely to be further aggravated in 2022 in the lead-up to the third filling of the Grand Ethiopian Renaissance Dam. The Ethiopian army reported killing 50 people attempting to cross from Sudan to attack the dam in early September. This clash has further escalated tensions between the two countries even though Sudan rejected any accusations that it supports groups fighting the Ethiopian Government. Lack of agreement over the functioning of the dam is likely to trigger more insecurity and potential violence. The Al Fashaga district is a strategic area for both Sudan’s and Ethiopia’s recovery and economic development. Sudan encourages more farmers to settle in the district by investing in road and agricultural infrastructure linking Al Fashaga with greater Sudan. Renewed escalation of tensions between Sudan and Ethiopia will likely result in a flare-up of violence in the district and clashes on the border between Sudan’s Rapid Support Forces and ENDF.

Flare-up of violence in the Al Fashaga district of Gedaref state is likely to result in increased humanitarian needs and civilian casualties and the displacement of at least 36,000 people in Sudan. The harvest season is likely to be disrupted and crops damaged, increasing the scale and severity of food insecurity. Over 6,000 people (25% of the population) are likely to become food-insecure if violence erupts in the district. Protection concerns for displaced women and girls staying in overcrowded shelters are serious, as they might face sexual violence and harassment. More than 13,000 Ethiopian and South Sudanese refugees in Al Fashaga would be caught in the clashes and need more protection services. In Ethiopia, clashes on the border are likely to affect movement from western Tigray and Amhara to Sudan, leaving asylum seekers stranded in conflict areas. The increase in fatalities and injuries is likely to overwhelm health facilities in the affected areas. Disease outbreaks related to water and vector-borne disease and COVID-19 are likely and will further exhaust health centres’ capacities. An estimated 3,000–5,000 people are likely to be displaced if violence breaks out. Displaced people are likely to have increased shelter needs, as IDPs will stay in open areas, with relatives, or in school buildings.

",Harvest season in October and third filling of the GERD after December 2021,"20,000-100,000",3,"People in Al Fashaga are already facing high levels of food security. Although a high number of people are expected to be affected, the presence of services and humanitarian organizations would lower the severity of impact.  ",2,Medium,Medium,Not materialised,2024-06-13
R0198,['Afghanistan'],['AFG'],"A financial crisis leads to reduced income and purchasing power, resulting in increased humanitarian needs in Afghanistan.",['AFG001'],National,New emerging risk,2021-09-27,2024-06-13T13:54:08.000Z,2021-10-26,https://www.acaps.org/sites/acaps/files/products/files/20211026_acaps_global_risk_analysis_october_2021_update_2.pdf,"In mid-August, the Taliban took control of Kabul and consolidated power over most of Afghanistan’s 34 provincial capitals The new government was announced on 9 September. The cabinet consists mostly of Taliban representatives, some of whom are sanctioned by the US and UN. The political situation is likely to remain unstable because the new government lacks international recognition and the Taliban prioritise internal cohesion over international relations, making it difficult to obtain international support. 
The US froze the Afghan Central Bank assets after the Taliban seized control of the country. As a result, the World Bank, the International Monetary Fund, and the EU cut off development and government financial support for Afghanistan. Without international recognition, the Taliban’s cabinet will be unable to access the frozen assets, international aid, foreign currencies, and international transactions. This impairment is likely to cause a liquidity crisis and destabilise the economy, which since 2002 has been dependent on foreign aid. A liquidity crisis would likely push the Taliban to resort to traditional illegal income sources, increasing the risk that Afghanistan will be blacklisted as a country with a high risk of money laundering and terror financing, subjecting it to further sanctions and regulations. Such a financial crisis would likely cause Afghanistan’s GDP to contract by up to 13% in 2022. The economy is expected to shrink further, triggered by high inflation, devaluation of the Afghani, a rise in unemployment, and disruption of industrial production, market, and domestic supply chains. With recent events compounding pre-existing drivers of an economic crisis and preventing many options for bilateral financial assistance, Afghanistan will become almost wholly dependent on humanitarian aid via a system unable to meet the widespread needs. High inflation compounded by funding shortfalls and compliance challenges will likely reduce humanitarian operations.
In 2022, food insecurity affects 95% of the population in Afghanistan. Humanitarian exemptions to sanctions are not effective enough to reduce the constraints to the response. 
","Establishment of the new Taliban's government; new sanctions including the FATF black list; liquidity issues and access constraints to financial transactions and institutions; increased money laundering activities
 ",">500,000",4,"Preexisting vulnerabilities and exhausted coping capacities following twenty years and climatic shocks have exacerbated the humanitarian situation. Humanitarian needs and severity are already widespread. The pre-existing vulnerabilities including:
1)	Droughts and below-average rainfall which have affected agriculture and livestock 
2)	Sanctions on the de facto authorities and its economic impacts on cash availability, market, inflation, and currency depreciation
3)	Frozen/Paused foreign aid 
4)	The security situation is likely to stabilise, with a lower level of conflict and sproacid violence attacks 
5)	High unemployment, poverty and food insecurity rates
6)	Emergency assistance scale up will not be enough 
7)	Resource-constrained communities and damaged infrastructure 
8)	Seasonal flooding 
9)	Remote areas
10)	High internal displacement people  
Not everyone with the same characteristics will experience the same level of vulnerability. Women in general, including Female-headed households, including war widows, and pregnant and lactating women; Adolescent girls at risk of early or forced marriage; Unaccompanied and separated children; Children engaging in child labour or recruited by parties to conflict; Tensions between displaced and host communities; People without documentation; Rural/Remote areas; Minorities. 

The financial crisis is likely to severely affect the already highly economically vulnerable Afghan population, causing a significant increase in the scale and severity of humanitarian needs, mainly because of food insecurity and limited access to essential goods and services. These needs are likely to be compounded by sporadic violence, drought, displacement, and COVID-19 impact. Humanitarian access in the country is already highly constrained and changing regulations and financial constraints could further hamper response in the country.
",4,High,High,Materialised,2024-06-13
R0199,"['Afghanistan', 'Pakistan', 'Iran']","['AFG', 'PAK', 'IRN']","The increased displacement of Afghans into surrounding countries, particularly Pakistan and Iran, results in increased needs and heightened protection concerns","['AFG001', 'PAK001', 'IRN004']",Regional,New emerging risk,2021-09-27,2024-06-13T13:54:08.000Z,2021-10-26,https://www.acaps.org/sites/acaps/files/products/files/20211026_acaps_global_risk_analysis_october_2021_update_2.pdf,"The Taliban takeover is likely to increase humanitarian needs in Afghanistan, driving internal and external displacement. Economic and political instability, insecurity, and the limited availability of legal migration routes are likely to push people towards irregular routes to facilitate entry into Iran and Pakistan, whether for transit or long-term stay. The number of people who left Afghanistan via official land crossings remained low during July–August 2021, as the borders were mostly closed. Pakistan and Iran will likely keep their official borders closed to avoid new displacement and pressure the US and Europe to step in with a third-country resettlement plan. Officials from both countries have stated that they could not accommodate more refugees.

Closed borders, a lack of access to passports and visas, and a lack of migration-friendly policies in destination countries are likely to push people to use irregular migration channels and result in a lack of access to international protection. Any new arrivals in Pakistan and Iran will join more than 2.2 million registered refugees and three million Afghans of varying status who have been living in those countries for decades. Afghan refugees and migrants already face a dire situation in those host countries. Many of them have returned to Afghanistan because of a lack of economic opportunities following the COVID-19 outbreak, a lack of legal status, or the use of arbitrary arrests and deportations in those countries. Without designated policies to support them, newly arrived Afghan migrants and asylum seekers are likely to face similar challenges.

Iran and Pakistan face their own economic and political struggles, with Pakistan heavily dependent on international assistance and Iran suffering from strict sanctions. Both countries are vulnerable to environmental hazards and high COVID-19 spread. A new migration wave is likely to further stress the economies and overwhelm civil services in these host countries, leading to increased competition between displaced Afghans and host communities in Pakistan and Iran.

Displaced Afghans, especially those who are undocumented and resorting to irregular migration channels, are likely to find themselves stranded at the border with increased protection, shelter, and NFI needs. In countries of arrival, displaced Afghans are likely to face unemployment, discrimination, and limited access to financial resources. Undocumented Afghans and those who lack international protection will not be entitled to access essential services. Humanitarian organisations will face challenges to reach people in need because of the difficulty of identifying their locations.

By January 2022, over 300,000 Afghans had reached Pakistan after the Taliban took control, but official UNHCR numbers do not show a significant change in refugee numbers. With Iran closing its borders to Afghan refugees following the Taliban takeover, an estimated 500,000 Afghans crossing over had been forcefully returned. 
","- Unstable political, economic, and security situations
- The closure of official Afghan border crossings
- A lack of designated policies to support Afghan asylum seekers and refugees
- A spike in the number of arrivals from Afghanistan 
",">500,000",4,"Afghanistan. Pre-existing vulnerabilities and exhausted coping capacities following twenty years of conflict and climatic shocks have led to a deteriorated humanitarian situation. Humanitarian needs and severity are already widespread. Pre-existing vulnerabilities include:
- droughts and below-average rainfall affecting agriculture and livestock
- sanctions on the de facto authorities and their economic impacts on cash availability, market, inflation, and currency depreciation
- frozen/paused foreign aid
- high unemployment, poverty, and food insecurity rates
- inadequacy of a scale-up in emergency assistance
- resource-constrained communities and damaged infrastructure
- seasonal flooding
- challenged accessibility of remote areas
- high internal displacement of people 

Not everyone with the same characteristics will experience the same level of vulnerability. Some groups that need to be considered include women, including women-headed households, war widows, and pregnant and lactating women; adolescent girls at risk of early or forced marriage; unaccompanied and separated children; children engaged in child labour or recruited by parties to the conflict; displaced and host communities that deal with tension with one another; people without documentation; people living in remote rural areas; and minorities.

The financial crisis is likely to severely affect the already highly economically vulnerable Afghan population, causing a significant increase in the scale and severity of humanitarian needs, mainly because of food insecurity and limited access to essential goods and services. Sporadic violence, drought, displacement, and the impact of COVID-19 are likely to compound these needs. Humanitarian access in the country is already highly constrained; changing regulations and financial constraints could further hamper response in the country.

Iran. Pre-existing vulnerabilities and climatic shocks have aggravated the humanitarian situation in Iran. Humanitarian needs are not life-threatening and can be met without having to adopt negative or irreversible coping strategies, but the situation is different between different areas, and refugees are more vulnerable given their statelessness. Specific vulnerabilities include:
- persisting ethnic cleavages in Iran
- an authoritarian regime
- Iranian nuclear installations
- economic pressure and sanctions
- blockade of Iranian oil exports
- involvement in other countries and in proxy wars
- natural shocks, such as earthquakes
- a high number of hosted Afghan refugees.

Pakistan. Pre-existing vulnerabilities and climatic shocks have aggravated the humanitarian situation in Pakistan. A lack of availability and access to services and the existence of access constraints for humanitarian organisations limit the capacity to respond to the expected increase in needs among the population. Specific vulnerabilities include: 
- being surrounded by exhausted countries and border closures
- conflict and militancy of the Kashmir region, resulting in the displacement of people within the region, and the influx of refugees
- sporadic violence incidents
- economic pressure and sanctions
- high poverty and food insecurity rates
- natural shocks, such as earthquakes, flooding, and drought conditions
- a high number of hosted Afghan refugees and the possibility of a new influx of refugees
- damaged infrastructure
- COVID-19.
",4,Medium,Medium,Materialised,2024-06-13
R0210,['Ukraine'],['UKR'],"The Government becomes increasingly ineffective, leading to internal tensions and heightening WASH and shelter needs in eastern Ukraine",['UKR002'],National,Marked deterioration in an existing crisis,2016-02-11,2024-06-13T13:54:08.000Z,,,"Amid growing internal conflict and accusations of corruption, a leading Ukranian minister pushing for reforms in line with the Minsk agreement, which relates to the ceasefire in eastern Ukraine, has resigned. Fighting has recently begun to escalate in eastern Ukraine along the border of the government- and non-government-controlled areas. Without this force the Government, the fragile ceasefire may continue to deteriorate and lead to further fighting. 

As violence increases along the ceasefire line, the elderly and other vulnerable groups unable to flee the violence will have growing needs in the face of decreasing levels of humanitarian access. The negative effects of winter on WASH and shelter will also be increasingly difficult to address. As government activity slows down or becomes stalled, the delivery of government aid to those in need within government-controlled areas could cease.","- Internal political conflict and accusations of government corruption
- Differing opinions/political stand on the Minsk agreement
- Increased fighting in eastern Ukraine
- A harsh winter aggravating WASH and shelter needs ","100,000-250,000",2,"People in Ukraine face heightened vulnerability in the face of current armed conflict and displacement, leading to severe humanitarian needs. Elderly people have higher needs, as they are among those unable to escape to safer areas. ",3,Low,Medium,Not materialised,2024-06-13
R0214,['Libya'],['LBY'],Foreign air strikes in Libya to combat the spread of Islamic State of Iraq and Syria forces increase protection needs ,['LBY001'],National,New emerging risk,2016-02-11,2024-06-13T13:54:08.000Z,,,"Increased international attention to the activities and growth of the Islamic State of Iraq and Syria (ISIS) in Libya has led to a number of meetings between NATO, the US, and other military powers. Since ISIS has been targeting oil ports and refineries, international scrutiny and concern have grown.

Air strikes will likely increase insecurity and protection needs among the population in ISIS-controlled areas.
","- Increased presence of Islamic State of Iraq and Syria (ISIS) forces
- More involvement from the UN to stop ISIS forces 
",">500,000",3,A lack of availability and access to services and high access constraints for humanitarian organisations limit the capacity to respond to the expected increase in needs.  ,2,Medium,Medium,Not materialised,2024-06-13
R0217,['Afghanistan'],['AFG'],The presence of multiple armed groups with different objectives conducting low-level violence and engaging in conflict in Afghanistan results in insecurity and protection concerns,['AFG001'],National,Future impact of a hazard which has already taken place,2016-02-11,2024-06-13T13:54:08.000Z,,,"There is a risk of conflict and violence because of the presence of different armed groups in Afghanistan. The Islamic State – Khorasan Province (IS-KP) is likely present in almost all provinces and is more operational compared with its earlier presence in a few provinces and Kabul. By November 2021, there were 334 confirmed/claimed IS-KP attacks within the year, compared to 60 in 2020. Many of the attacks targeted Shiites. The IS-KP does not accept Taliban governance because of perceived illegitimacy given the Taliban not being radical enough (which is consistent with the global Islamic State approach). A lack of security in Afghanistan and the contested legitimacy of the Taliban provide a fertile environment for conflict and violence by the IS-KP. The group may utilize Uyghur fighters to conduct attacks on China from Afghanistan to destabilise Afghan-China relations and achieve its political goals of governance and control. The IS-KP has also increased attacks in and around Afghanistan since the withdrawal of the US. In April 2022, the IS-KP carried out ten rocket attacks on Uzbekistan for the first time, indicating its increased militant capability. The group has also carried out attacks in Pakistan; in March 2022, a Shiite mosque attack in the northwestern city of Peshawar killed over 60 people. Pakistani authorities attributed the attack to an Afghan refugee. On 19 April, the IS-KP conducted an attack on a Shia school in Kabul. On 20 April, four explosion attacks took place across the country; the IS-KP claimed one attack on a Shiite mosque in the city of Mazar e Sharif.

The Taliban has relocated the Turkistan Islamic (Uyghur) Party (TIP from its stronghold near the border with China – Badakhshan province – to other parts of Afghanistan, including Baghlan, Takhar, and other provinces (to improve Afghan ties with China). That said, some TIP members want to return to Xinjiang to fight. The TIP is also an issue for Pakistan, which accuses the armed group of collaborating with al-Qaeda, the Pakistani Taliban, and JAB to conduct attacks in Pakistan.

By April 2022, Pakistan reported the death of over 100 Pakistani military personnel within the year in districts near the Afghan border. In the same month, Pakistan conducted air strikes in the eastern Afghanistan provinces of Khost and Kunar that killed 47 people, including 41 civilians, mainly women and children. This escalation opens the risk to future air raids by Pakistan in Afghanistan, with the risk of disproportionate power that may result in displacement and trigger further violence from the Tehrik-e Taliban Pakistan. It should be noted that the Pakistani air raids came following a change in Pakistani leadership. Although Afghanistan is against armed group attacks from its territory on neighbouring countries, it is unlikely that the Taliban has sufficient control over all Afghanistan territories to prevent them.

Other armed groups present in the country are al-Qaeda, with presence in 15 provinces, and the Islamic Movement of Uzbekistan.
","- Discontented elements of the Taliban supporting or joining Islamic State – Khorasan Province as an alternative benefactor and supplier of arms
- Armed group attacks against neighboring countries, which indicate that Taliban cannot prevent such attacks because of a lack of control/capability over armed group pockets
- Increased fighting between armed fighters affecting people in contested areas
- Low-level attacks by armed groups posing a continuous protection risk for civilians, minorities, and other vulnerable groups despite decreased displacement since the Taliban takeover
- The disproportionate use of military power by Pakistan against Tehrik-e Taliban Pakistan in Afghanistan (with Pakistan air strikes in Afghanistan following a recent change in leadership in Pakistan killing mostly civilians, women, and children)
","250,000-500,000",3,"Pre-existing vulnerabilities and exhausted coping capacities following twenty years [of what? Conflict?] and climatic shocks have aggravated the humanitarian situation. Humanitarian needs and severity are already widespread. These pre-existing vulnerabilities include:
- Droughts and below-average rainfall which have affecting agriculture and livestock
- Sanctions on the de facto authorities and their economic impacts on cash availability, market, inflation, and currency depreciation
- Frozen/paused foreign aid
- High unemployment, poverty, and food insecurity rates
- Inadequacy of emergency assistance scale-up 
- Resource-constrained communities and damaged infrastructure
- Seasonal flooding
- Lack of access to remote areas
- High internal displacement of people 

Not everyone with the same characteristics will experience the same level of vulnerability. Vulnerable groups to consider include women, including women-headed households, war widows, and pregnant and lactating women; adolescent girls at risk of early or forced marriage; unaccompanied and separated children; children engaged in child labour or recruited by parties to the conflict; displaced and host communities in tension with one another; people without documentation; those living in remote rural areas; and minorities.

The financial crisis is likely to severely affect the already highly economically vulnerable Afghan population, causing a significant increase in the scale and severity of humanitarian needs, mainly because of food insecurity and limited access to essential goods and services. Sporadic violence, drought, displacement, and the impact of COVID-19 are likely to compound these needs. Humanitarian access in the country is already highly constrained, and changing regulations and financial constraints could further hamper response in the country.
",4,Medium,Medium,Materialised,2024-06-13
R0218,['Afghanistan'],['AFG'],A significant risk of a Taliban attack on Kunduz lead to displacement and increased protection concerns.,['AFG001'],National,New emerging risk,2016-02-11,2024-06-13T13:54:08.000Z,,,"People in and around the city are displaced by the fighting. Many are displaced for the second time in a year, including nearly 44,000 who remained displaced from previous fighting. Protection needs increase. Access to the city is virtually cut off. Access is severely restricted. Food security outcomes for those reliant on aid worsen dramatically. ","-The Taliban have continually attacked areas around Kunduz and see it as an important objective. 
-The government capacity to defend the city is predicted to decrease during spring. ","20,000-100,000",3,"Preexisting vulnerabilities and exhausted coping capacities following twenty years and climatic shocks have exacerbated the humanitarian situation. Humanitarian needs and severity are already widespread. The pre-existing vulnerabilities including:
1)	Droughts and below-average rainfall which have affected agriculture and livestock 
2)	Sanctions on the de facto authorities and its economic impacts on cash availability, market, inflation, and currency depreciation
3)	Frozen/Paused foreign aid 
4)	The security situation is likely to stabilise, with a lower level of conflict and sporadic violent attacks 
5)	High unemployment, poverty and food insecurity rates
6)	Emergency assistance scale up will not be enough 
7)	Resource-constrained communities and damaged infrastructure 
8)	Seasonal flooding 
9)	Remote areas
10)	High levels of internal displacement 
Not everyone with the same characteristics will experience the same level of vulnerability. Vulnerable groups: women, including Female-headed households, war widows, and pregnant and lactating women; adolescent girls at risk of early or forced marriage; unaccompanied and separated children; children engaging in child labour or recruited by parties to conflict; people without documentation; people living in rural/remote areas; minorities. 

The financial crisis is likely to severely affect the already highly economically vulnerable Afghan population, causing a significant increase in the scale and severity of humanitarian needs, mainly because of food insecurity and limited access to essential goods and services. These needs are likely to be compounded by sporadic violence, drought, displacement, and COVID-19 impact. Humanitarian access in the country is already highly constrained and changing regulations and financial constraints could further hamper response in the country.
",5,Medium,Medium,Materialised,2024-06-13
R0239,['Afghanistan'],['AFG'],"The government loses control over Helmand and Uruzgan provinces, and the Taliban takeover results in a significant increase of protection concerns for the population.",['AFG001'],National,New emerging risk,2016-03-10,2024-06-13T13:54:11.000Z,,,"Afghan forces recently withdrew from several districts in Helmand and Uruzgan, including during the last week of February. Though government sources state this is a strategic retreat, others report this as a full retreat, leaving territories under Taliban control. Helmand and Uruzgan falling under Taliban control will result in severe protection concerns, including gender-based and sexual violence, and children abuse and recruitment, in these areas.  ",Afghan forces recen withdrewal from several districts in Helmand and Uruzgan,"20,000-100,000",3,"Preexisting vulnerabilities and exhausted coping capacities following twenty years and climatic shocks have exacerbated the humanitarian situation. Humanitarian needs and severity are already widespread. The pre-existing vulnerabilities include:
1)	Droughts and below-average rainfall which have affected agriculture and livestock 
2)	Sanctions on the de facto authorities and economic impacts on cash availability, market, inflation, and currency depreciation
3)	Frozen/Paused foreign aid 
4)	The security situation is likely to stabilise, with a lower level of conflict and sporadic violent attacks 
5)	High unemployment, poverty and food insecurity rates
6)	Emergency assistance scale up will not be enough 
7)	Resource-constrained communities and damaged infrastructure 
8)	Seasonal flooding 
9)	Remote areas
10)	High levels of internal displacement  
Not everyone with the same characteristics will experience the same level of vulnerability. Amongst the vulnerable groups: emale-headed households, war widows, and pregnant and lactating women; adolescent girls at risk of early or forced marriage; unaccompanied and separated children; children engaging in child labour or recruited by parties to conflict; people without documentation; people living in rural/remote areas; minorities. 

The financial crisis is likely to severely affect the already highly economically vulnerable Afghan population, causing a significant increase in the scale and severity of humanitarian needs, mainly because of food insecurity and limited access to essential goods and services. These needs are likely to be compounded by sporadic violence, drought, displacement, and COVID-19 impact. Humanitarian access in the country is already highly constrained and changing regulations and financial constraints could further hamper response in the country.
",5,Medium,Medium,Materialised,2024-06-13
R0240,['Libya'],['LBY'],"Air strikes within urban areas in Libya target Islamic State positions, resulting in displacement and needs across all sectors",['LBY001'],National,New emerging risk,2016-03-10,2024-06-13T13:54:11.000Z,,,"The UN-backed Unity Government declared taking office on 12 March 2023. Following international declarations of support for this Government, air strikes against Islamic State targets are likely to increase. With the borders to Algeria, Egypt, and Tunisia under increasingly stringent controls by national and international armed forces, the Islamic State forces within Libya may redirect forces from remote training camps and entrench themselves in captured urban areas. As air strikes target urban areas or hostilities escalate, the severity of protection needs is likely to increase.

An increased number of people fleeing urban areas and a higher rate of civilian casualties are likely. Displaced people will likely have more needs across all sectors, including shelter, food, and healthcare.
","- Increased presence of Islamic State of Iraq and Syria (ISIS) forces
- More involvement from the UN to stop ISIS forces 
",">500,000",3,A lack of availability and access to services and high access constraints for humanitarian organisations limit the capacity to respond to the expected increase in needs.  ,2,Medium,Medium,Not materialised,2024-06-13
R0242,['Mali'],['MLI'],An increase in security incidents lead to displacement in Niono circle.,['MLI001'],Subnational,Marked deterioration in an existing crisis,2016-03-17,2024-06-13T13:54:11.000Z,,,"Since July, clashes have resumed in the Niono circle (Ségou region) between the Katiba Macina armed group linked to Al-Qaeda in the Islamic Maghreb (Aqmi) and the traditional dozo hunters militia in the area, who tried to face them. The ceasefire agreement that was reached in March 2021 has been broken.  The situation has deteriorated particularly since the end of September with daily attacks targeting civilians but also clashes between armed groups and militia. Dozens of deaths are reported even though there is no reliable figures yet. The Dozo militiamen are also accused of extortion, forced recruitment and cattle theft. These incidents occur during the harvest period, preventing farmers from going to the fields. Many people have started to flee to safer places, especially in Ségou. With the violence continuing, the risk of increased attacks on civilians and displacement seems very likely in the weeks to come. The needs for essential goods and food security are likely to increase.","Increased armed groups's presence and activity in Niono circle; broken ceasefire; reported event of forced recruitement, cattle theft and extorsion by militiamen","<20,000",2,"Recurring insecurity; livelihood activities are impacted, especially for farmers ",2,Medium,Medium,Not materialised,2024-06-13
R0246,"['Armenia', 'Azerbaijan']","['ARM', 'AZE']",The escalation of conflict between Armenia and Azerbaijan in Nagorno-Karabakh triggered by the Lachin corridor blockade results in population displacement and increased humanitarian needs.,"['ARM002', 'AZE002']",Regional,Marked deterioration in an existing crisis,2016-03-24,2024-06-13T13:54:11.000Z,,,"Since 12 December 2022, Azerbaijan has blocked the Lachin
corridor, which connects Nagorno-Karabakh with Armenia (France
24 25/12/2022). There have been reports of shortages of essential
medicine and food as a result of the blockade, affecting those
living in Nagorno-Karabakh, largely ethnic Armenians (Reuters
22/12/2022; Euractiv 28/12/2022; BBC 06/01/2023). Gas and
electricity provision and internet connectivity have been disrupted
during the blockade, demonstrating Azerbaijan’s ability to affect the
access to essential resources of Nagorno-Karabakh residents (Aza-
tutyun 17/01/2023; OC Media 17/01/2023; MassisPost 17/01/2023;
RFE/RL 17/01/2023; Eurasianet 16/12/2022; CEIP 15/12/2022).
The Lachin corridor, which runs across Azerbaijani territory, is the
only land connection between Armenia and the Nagorno-Karabakh
enclave. The Azerbaijani Government reports that the road is
open for Russian peacekeepers and emergency services of the
International Committee of the Red Cross, but transit is still limited
for trucks transporting essential goods and for stranded civilians
(RFE/RL 10/01/2023; France 24 07/01/2023; HRW 21/12/2022). On
22 February 2023, the International Court of Justice issued a
provisional measure ordering Azerbaijan to end the blockage of
Lachin corridor (Forbes 25/02/2023). Armenia is accusing Azer-
baijan of ignoring these orders (Asbarez 03/03/2023; Panorama.
am 04/03/2023).
Nagorno-Karabakh is a long-disputed area between Azerbaijan and
Armenia. In September 2020, tensions between the two countries
over the Nagorno-Karabakh region escalated into armed conflict,
killing more than 140 civilians and thousands of combatants. On 9
November 2020, the countries signed a ceasefire agreement, but
tensions still continued. In September 2022, clashes between the
two countries resulted in 207 dead or missing people, internally
displaced 7,600, affected 160,000 in total, and damaged over
90 buildings (IFRC 07/10/2022). Nagorno-Karabakh has been
recognised as part of Azerbaijan since 1993 but is de facto con-
trolled by an ethnic Armenian administration (CEIP 11/11/2020;
ICG 10/11/2020). Russia has previously intervened to mitigate
tensions between the two countries over Nagorno-Karabakh and
has a peacekeeping troop on the Lachin corridor (Time 18/01/2023;
France 24 25/12/2022).
Since the beginning of the blockade, in December 2022, Russia
has taken a distant role in the situation because of its war with
Ukraine. The current tensions between Armenia and Azerbaijan
could result in renewed hostilities between the two countries,
with a subsequent humanitarian implication similar to those in
September 2020 and 2022.","-  Lachin corridor access restrictions

- Russia distraction with the Ukraine war and Turkiye distraction with the Earthquakes

- Escalation in rhetoric 

- Regular and recent eruption of clashes near the boarders",">500,000",3,"Previous conflict between the two countries killed more than 25,000 people and displaced more than one million.

The conflict escalation is expected to increase the displacement of mainly ethnically Armenian residents from Nagorno-Karabakh. Most likely, the displacement will be towards areas in Armenia, as has happened during previous hostilities.

Because the area still has landmines from the 1988–1994 conflict and the 2020 hostilities, relocation and displacement would increase protection incidents.

The displacement of people and forced confinements during conflict disrupt income-generating activities, especially in agriculture. During previous hostilities, one of the main priorities was restoring livelihood support so that people could meet their basic needs, particularly regarding food.

In the past, increased numbers of IDPs in Armenia led to the spread of diseases, including COVID-19, monkey-pox, waterborne diseases, and other vaccine-preventable diseases. 

 Future hostilities will likely cause displacement, which will lead to shelter needs. In 2020, shelter was one of the priority needs.",3,Low,Medium,Materialised,2024-06-13
R0252,['Libya'],['LBY'],"The postponement of elections or unrecognition of results in Libya leads to protests and localised fighting, causing increased displacement and protection concerns.",['LBY001'],Subnational,New emerging risk,2016-04-28,2024-06-13T13:54:11.000Z,,,"The Government of National Unity (GNU) has been acting as interim government since February 2021, but the political situation in Libya remains fragile. Although the political process has not been disrupted, the continued disputes and divisions between the Presidential Council, the House of Representatives, the High Council of State, and the Libyan National Army remain a serious concern for the political process. The House of Representatives passed a no-confidence motion against the GNU on 21 September. The motion was rejected by international stakeholders and the UN Support Mission in Libya (UNSMIL), which reiterated that the GNU remained the legitimate government of Libya until a new government is formed through legitimate elections. The legal framework for legislative elections, now scheduled for 24 December, was only announced by the parliament on 4 October. Ministers have criticised the parliament for not approving the budget submitted by the Presidential Council, restricting their ability to provide services.
In this climate of political instability, if elections fail to happen as scheduled, or if the election results are not recognised by all parties, political conflict is likely to escalate between the parliament, the Libyan High Council, the GNU and the LNA. This would also result in protests and civil unrest, likely triggering mercenaries and armed groups involvement and escalation of violence. If violence erupts, it is likely that Tripoli and Sirte governorates will be the most affected. Up to 50,000 people are expected to displace to safer areas and up to 100,000 people would need additional assistance in conflict areas and host communities. Migrants and refugees are among the most affected groups, because of the expected movement restrictions, humanitarian access constraints, and lack of livelihood opportunities. Insecurity in Libya and increasing unemployment can encourage smugglers to organise sea crossings to Europe for people looking for better economic opportunities, leading to more deaths or detentions. 
","1. Delaying the announcement of the election law.
2. No agreement on the election law.
3. Requests to postpone the elections.
4. Withdrawal of confidence of some members of parliament from the PM.
5. The PM asked people to protest. ","20,000-100,000",3,"Migrants and IDP are already particularly vulnerable and in need of humanitarian assistance. In case of escalation of violence in Sirte and Tripoli access will be limited in certain areas, making it difficult to assist those affected and the most vulnerable. ",3,Medium,Medium,Not materialised,2024-06-13
R0254,['Türkiye'],['TUR'],The escalation and spread of violence between PKK and government forces in southeastern Türkiye cause insecurity in affected areas.,['TUR004'],National,New emerging risk,2016-04-28,2024-06-13T13:54:11.000Z,,,"Both the government and the PKK seem unwilling to negotiate and have warned that clashes could escalate and spread in the southeast. With the beginning of spring, PKK mobility and capacity are likely to increase. In response to this possibility, the government has already increased its deployment of troops and police, and more people have joined the PKK, leading to an increased militarisation of the southeast. This is likely to lead to more fighting. Between August 2015 and March 2016, Turkish forces have imposed 59 curfews in the cities of Diyarbakir, Sirnak, Mardin, Hakkari, Mus, Elazig and Batman, affecting 1.3 million people. Humanitarian and media access in southeast Türkiye is limited, especially in cities where curfews are in force","-lack of will to negotiate from both the PKK and government
-signs of possible increased capacity of the PKK 
-increased presence and deployment of national troops","20,000-100,000",3,"Humanitarian needs are not life-threatening and can be met without having to adopt negative or irreversible coping strategies. However, lack of availability and access to services and high access constraints for humanitarian organisations limit the capacity to respond to the expected increase in needs in Turkey's Kurdish region.",3,Low,Medium,Not materialised,2024-06-13
R0263,"['Costa Rica', 'Nicaragua']","['CRI', 'NIC']","A government crackdown on the opposition and economic uncertainty surrounding the upcoming elections result in a spike in the number of Nicaraguan migrants and asylum seekers with food, health, and protection needs.","['CRI002', 'NIC001']",National,Marked deterioration in an existing crisis,2021-10-26,2024-06-13T13:54:11.000Z,2021-11-26,https://www.acaps.org/special-report/crisisinsight-global-risk-analysis-3,"On 7 November 2021, Nicaragua will elect the president and members of the National Assembly. The Government’s actions against opponents and the potential economic consequences of the elections would likely accelerate the deterioration of the population’s living conditions and increase Nicaraguans’ displacement to Costa Rica. Although Nicaraguan cross-border displacement to Costa Rica has been increasing since 2017, the outcome of the elections and the potential deterioration of the economy could lead to a further rapid rise in the number of migrants and asylum seekers entering Costa Rica, which shares a border of more than 300km with southern Nicaragua and which many Nicaraguans see as a politically and economically stable country.",Increased government repression and deteriorating economic conditions in the country; favourable outcome for Daniel Ortega in the elections; third wave of COVID-19 in Nicaragua ,"20,000-100,000",3,"Costa Rica’s capacity to provide healthcare and education is limited and was further strained by the number of migrants and asylum seekers from Haiti, Cuba, and some African countries transiting to reach the US, which also has increased this year. Nicaraguans who face administrative barriers to legally crossing into Costa Rica and cannot obtain visas have been forced to use irregular cross-border movement routes controlled by smugglers and border trafficking networks. ",3,Medium,Medium,Materialised,2024-06-13
R0264,['Haiti'],['HTI'],"Worsening insecurity and deteriorating living conditions in Haiti increase cross-border movement in Central America, resulting in high food, shelter, and protection needs for displaced populations.",['HTI001'],Regional,Marked deterioration in an existing crisis,2021-10-26,2024-06-13T13:54:11.000Z,2021-10-26,https://www.acaps.org/special-report/crisisinsight-global-risk-analysis-3,"Since the beginning of 2021, clashes between rival gangs in Haiti have increased insecurity and displaced more than 19,000 people in Port-au-Prince. Haiti also faces high political instability stemming from the assassination of President Jovenel Moïse and repeatedly postponed general elections. The destruction of crops and food production infrastructure during the 2021 earthquake in southern Haiti has put more Haitians at risk of food insecurity. The combination of these events is likely to result in an increased number of Haitians leaving the country. A further increase in migrants and asylum seekers from Haiti travelling through Central America is highly likely in the upcoming months, given the country’s deteriorating living conditions and heightened insecurity. Some Central American countries have expressed concern about the potential increase in arrivals, citing lack of capacity to speed up migration processes (even when migrants are not going to stay in the country), which could generate new migrants and asylum seekers stuck at the borders of transit countries through Central America. The number of migrants in need of shelter and food will likely increase. When in transit at the Colombia-Panama border and through Central America, they will be vulnerable to the activities of organised crime groups, including kidnapping for ransom, gender-based violence, and robbery.",Insecurity and inability to meet basic needs in Haiti; increased international displacement; increased presence of armed/criminal groups along displacement routes; inability and lack of capacity of hosting countries to respond to the needs of the newly arrived ,"20,000-100,000",3,Haitians leaving the country already had high needs across all sectors. The use of irregular displacement routes makes them vulnerable to protection concerns. The lack of capacity of host countries to process migrant or asylum seekers' applications and to respond means that needs are expected to be severe. ,3,High,High,Materialised,2024-06-13
R0265,['Colombia'],['COL'],The escalation of conflict between armed groups over territorial control following the capture of alias Otoniel (of the Gaitanist Self-Defence Forces of Colombia or AGC) leads to an increase in confinement events and protection concerns for the population in affected areas.,['COL001'],National,Marked deterioration in an existing crisis,2021-10-26,2024-06-13T13:54:11.000Z,,https://www.bbc.com/mundo/noticias-america-latina-59031820  https://www.eltiempo.com/justicia/conflicto-y-narcotrafico/alias-otoniel-jefe-del-clan-del-golfo-capturado-627333  https://www.vozdeamerica.com/a/colombia-captura-otoniel-trunca-expansion-clan-del-golfo-venezuela/6298454.html,"The AGC (also known as Clan del Golfo) is currently the most powerful criminal organisation in Colombian territory. Its territorial control is centred in Urabá Antioqueño, Urabá Chocoano and the south of the department of Córdoba. The leader of the organization, alias Otoniel, was captured last 25 October. The organisation has responded by killing several military and police officers in its regions of operation. However, the lack of leadership in the organisation could destabilise its territorial control and encourage its armed competitors (other organisations such as Los Caparros, ACSN, FARC-EP dissidents and the ELN) to attack and weaken them. When disputes between armed actors in Colombia increase, the consequences for the civilian population (such as confinement, forced displacement, assassination of social leaders, among others) tend to increase. The capture of Otoniel could lead to new disputes for the control of AGC territories and, therefore, could threaten the civilian population, mainly in the organisation's areas of operation (Urabá Antioqueño, Urabá Chocoano and the south of the department of Córdoba).","The capture of Clan del Golfo leader, Dairo Antonio Úsuga David, alias Otoniel, could aggravate the armed confrontation in areas where the armed group had territorial control: (i) Southern Córdoba (disputed with Caparros and Disidencias of the FARC's 18th Front); (ii) Urabá Antioqueño (disputed with Caparros and the ELN); and (iii) Urabá Chocoano (disputed with the ELN).","20,000-100,000","3
","The number of displaced and confined persons may increase, which would imply an increase in the number of people in need of mainly food, livelihoods, WASH and protection. Schools are often used as shelters, which affects access to education. In regions with high levels of armed conflict, humanitarian access could be limited.",3,High,High,Materialised,2024-06-13
R0270,['Angola'],['AGO'],Drought leads to displacement and increase food insecurity in southern Angola.,['AGO002'],Subnational,New emerging risk,2021-11-09,2024-06-13T13:54:11.000Z,,,"In Cunene, Huila and Namibe (Southern Angola), over 1.3 million people are estimated to be experiencing high levels of acute food insecurity (IPC Phase 3 or above) between July and September 2021. Southern Angola is experiencing the worst drought in 40 years due to a particularly dry rainy season that severely affected crops and livestock. High food prices and a locust infestation that has caused severe damage to crops are compounding the effects of the drought, hampering people’s ability to access nutritious food. Displacements of populations to other provinces of the country and neighboring Namibia are reported and could intensify in the coming months as over 1.58 million people are likely to experience high levels of acute food insecurity (IPC Phase 3 or above) between October 2021 and March 2022. Food insecurity is also due to the allocation of communal grazing land to commercial farmers, significantly reducing grazing space for pastoralists.","Rainfall shortages, high food prices, Locust infestation, reduction of grazing land","100,000-250,000",3,1.3 million people are currently facing acute food insecurity. Increased food and nutrition needs are unlikely to be met.  ,3,High,High,Active,2024-06-13
R0271,['Haiti'],['HTI'],Decreased humanitarian access resulting from fuel shortages and insecurity leads to an increase of needs across the country.,"['HTI001', 'HTI002']",National,Marked deterioration in an existing crisis,2021-11-09,2024-06-13T13:54:11.000Z,,,"Since the assassination of the president on 7 July, major cities have been occupied by criminal gangs. As a result, the gangs have limited the flow of fuel and are demanding the resignation of the prime minister as a condition for normalising the situation. The poor state of roads, as well as the high number of people in need in remote areas, are often an obstacle for humanitarian agencies to implement programmes or deliver aid. Fuel shortages have already affected the functioning of hospitals and healtcare centres, especially in Port-au-Prince. Fuel shortages could further limit humanitarian access because it will hamper travel of staff and transportation of aid. This could affect access to WASH and health services and food, especially for more than 4 million Haitians in need following the earthquake. This is an ongoing risk that could materialise in the next six months as conflicts and territorial control by criminal gangs have been on the rise since 2020.","Territorial control by criminal gangs; blockades and truck hijackings leading to fuel shortages throughout the country; humanitarian access already limited in some areas, especially those affected by the 14 August earthquake",">500,000","4

",Humanitarian access is already limited in some areas of the country due to the poor road infrastructure and the damage and destruction caused 14 August earthquake. Fuel shortages may affect the ability of humanitarian actors to travel and transport aid across the country. This is likely to exacerbate the situation of people in need. Needs are already high across sectors. ,3,High,High,Materialised,2024-06-13
R0272,['Colombia'],['COL'],Floods in the department of La Guajira as a result of a second rainy season damage houses and infrastructure and increase the needs of the vulnerable population.,['COL001'],Subnational,Future impact of a hazard which has already taken place,2021-11-09,2024-06-13T13:54:11.000Z,,,"The department of La Guajira has two rainy seasons per year: the first from April to May and the second from September to November. The geological composition of the department is clay loam, which makes it prone to flooding. According to IDEAM's estimates, November's rainfall will be above 40-60% the historical average. This could generate flooding levels similar to those generated in the 2010-2011 period, with rainfall levels of up to 70% and at least 124,500 people affected (24,800 families). Although the forecast of increased rainfall remains for several departments in the Caribbean region, La Guajira is more vulnerable due to high levels of poverty, inadequate housing materials and food insecurity that already affects the population. During previous rainy seasons, despite being a department with lower rainfall levels than some in the region, it has been one of the most affected in terms of houses damaged or destroyed or people affected","Between 20 and 40 percent above the historical average rains in La Guajira in November; during September and October, flooding occurred in the department, already affecting at least 800 families; ; land prone to flooding due to geological composition ","20,000-100,000",3,"Approximately 17,200 houses in La Guajira are built with insufficiently resistant walls. In some municipalities in the north of the department, the proportion of homes in this condition is between 40-70%, which increases the risk of damage in the event of flooding. 56.1% of households have poor access to water for cooking, sewerage and proper waste management. Sewerage systems have been affected by flooding between September and October 2021, so it is reasonable to expect further impacts and thus the need for drinking water and waste management systems for those affected. Floods in previous years have affected the livelihoods of the local population, most of whom live in poverty (66.7 percent). The department's indigenous population is particularly vulnerable, as their houses are made of mud and mud brick, materials that tend to dissolve when they come into contact with water.",3,Medium,Medium,Materialised,2024-06-13
R0274,['Lebanon'],['LBN'],Diplomatic tensions between Lebanon and the Gulf States affect Lebanon's economy and result in an increase of humanitarian needs,['LBN004'],National,Marked deterioration in an existing crisis,2021-11-10,2024-06-13T13:54:11.000Z,,,"Political tension between Lebanon and some Gulf countries led to the risk of the deterioration of the economic situation in Lebanon and increased humanitarian needs across all sectors for the most vulnerable. The diplomatic crisis threatened the job security of Lebanese in diaspora in the Gulf states, potentially affecting remittances and decreasing the flow of foreign currency into Lebanon, as Lebanon used to export basic goods and materials to some of the Gulf states.

Following the Information Minister George Kordah’s comments on the role of the UAE and the Kingdom of Saudi Arabia in the war on Yemen and implications that Houthis had the right to defend themselves against foreign attacks, Bahrain, Kuwait, Saudi Arabia, and the UAE expelled Lebanese ambassadors from their countries. The Gulf states perceived these comments as antagonising against them. Saudi Arabia also banned Lebanese imports to the kingdom and asked the minister to resign as a condition to lift the ban.

By April 2022, diplomacy between Lebanon and the Gulf states was restored, and the Gulf Cooperation Council had pledged conditional aid for Lebanon.","- Diplomatic crisis between Lebanon and the Gulf states
- Structural economic issues
- Increased influence of some Gulf states on Lebanon's politics and economy
- Political impasse and lack of a unified front in Lebanon 
",">500,000",3,"Lebanon is facing pre-existing vulnerabilities and exhausted coping capacities following two years of a socioeconomic crisis, stagnated government formation and solutions, the hosting of 1.5 million Syrians fleeing the conflict in their country and about 180,000 Palestinian refugees, and the Beirut explosion. Humanitarian needs and severity are already high and widespread. Pre-existing vulnerabilities include:
- security risks
- political and ethnic tensions and the presence of armed groups
- resource-constrained communities
- COVID-19
- overstretched and/or nonfunctioning basic services
- logistical and administrative constraints that challenge the smooth roll-out of humanitarian activities.

Not everyone with the same characteristics will experience the same level of vulnerability. Some groups that need to be considered include women; adolescent girls at risk of early or forced marriage; unaccompanied and separated children; children engaged in child labour; refugee and host communities that deal with tension with one another; refugees without documentation; rural vs urban communities; refugees, asylum seekers, and migrants; and the economically vulnerable population. 
",3,Medium,Medium,Not materialised,2024-06-13
R0277,['Yemen'],['YEM'],"Ma'rib city gets besieged by the Houthis, cutting supply lines, including for humanitarian aid.",['YEM001'],National,Marked deterioration in an existing crisis,2021-11-10,2024-06-13T13:54:13.000Z,,,"At the end of September, the Houthi offensive in southern Marib progressed into Al Abdiyah and Al Jubah districts. There are several reports indicating that people are sieged in Al Abdiyah district, with only very limited movement permitted. There are shortages of medicines and electricity in the district impeding the functioning of the hospital, with local sources reporting that the hospital is overcrowded and over capacity. The Houthis are reportedly only 30km away from Marib city, home to around 1.5 million people including 1 million IDPs. Intensified conflict in the city could displace up to 500,000 people. The control of key supply routes around Marib city could lead to shortages and increased prices of commodities. Increased protection risks are expected as well as severely reduced access to healthcare and education. Marib is also the last stronghold of the government in the north, a Houthi takeover of Marib city could compromise the IRG legitimacy, the UN envoy peace efforts and push the country into another period of widespread violence.  ","1. The Houthis' control of main roads connecting southern IRG controlled governorates to Marib, could reduce IRG ability to deploy troops therefore leaving the Houthis in a position to advance. ","250,000-500,000",3,"People in Marib, especially IDPs are already highly vulnerable due to multiple displacement, exposure to violence, natural hazards and high protection risks. A significant number of humanitarian responders are present in the governorate, however it is unclear whether they are able to reach all people in need. Particularly, if the city gets completely besieged, responders might become trapped and lack supplies or be unable to access the people affected.",4,High,High,Not materialised,2024-06-13
R0278,['Yemen'],['YEM'],"The spiralling depreciation of the currency quickly results in the inability to afford basic needs, high levels of food insecurity, and increased adoption of negative coping strategies.",['YEM001'],National,Marked deterioration in an existing crisis,2021-11-10,2024-06-13T13:54:13.000Z,,,"In recent months southern governorates under the control of IRG witnessed a rapid deterioration of humanitarian conditions. The economic deterioration, namely the depreciation of the currency, compounded by weak governance and increased insecurity, is reducing the affordability of basic commodities, particularly food, and availability of basic services including electricity, water, health and education. With no solution in sight, the currency is expected to continue deteriorating, while general insecurity will further impact access to basic services. ","1. Higher and faster rate of depreciation leading to hyperinflation
2. increased prices of basic commodities
",">500,000",3,"People is likely increasing the adoption of negative coping strategies due to reduced access to basic commodities and disruption to provision of basic services. While humanitarian organisations are present in the south, increased insecurity could reduce access and organizations might also lack capacity to respond to a rapid increase in humanitarian needs.",4,High,High,Not materialised,2024-06-13
R0282,"['Ukraine', 'Russia']","['UKR', 'RUS']","The escalation of conflict in Ukraine, mainly in Donbas, leads to casualties, displacements, and an increase in humanitarian needs.",['UKR002'],National,Marked deterioration in an existing crisis,2021-11-28,2024-06-13T13:54:13.000Z,2022-02-17,https://www.acaps.org/country/ukraine/special-reports#container-1724,"Conflict escalation between Ukraine and Russia is still expected as initially raised. The low-level conflict in east Ukraine continues, while political tensions and military movements between Russia and Ukraine increased at the end of March 2021, when an estimated 100,000–150,000 Russian troops moved to the western border of Ukraine. Although Russia removed parts of the troops by mid-May, Ukraine and Russia raised mutual accusations of military preparedness activities. (Al Jazeera 19/04/2021, 21/04/2021, 22/04/2021, and 11/05/2021; EU 12/04/2021; Kyivpost 12/06/2021).
Military preparations continued from both sides in the following month, including the increased Russian forces presence ate the border with Ukraine (also from the Belarus side of the border). The number and scale of the deployed military is likely capable of a full-scale operation in Ukraine.  (BBC 15/11/2021, The Washington Post 30/10/2021) (Sky News 18/12/2021, )


The number of ceasefire violations have increased by at least 64% in Q4 of 2021 (till 19 Dec), compared to Q3. Over 34,600 violations were reported in Q4 compared with over 21,000 violations in the third quarter of 2021 including the use of heavy weapon. (OSCE accessed 23/12/2021, OSCE accessed 23/12/2021)


In the event of materialization of the risk, civilian casualties, displacement, acute humanitarian needs, damage to infrastructure, and increased access constraints. The scale and intensity of the impact depend on the scale of the conflict (NPR 07/12/2021, OCHA 30/11/2021, Crisisgroup 08/12/2021, OCHA 02/12/2021) 
","1. Increasing military movements on both sides.

2. Increasing diplomatic tensions ","100,000-250,000",3,"IDPs.
Elderly people.
People with disability. 
",4,Medium,Medium,Materialised,2024-06-13
R0283,"['Belarus', 'Poland']","['BLR', 'POL']",An increasing number of migrants on the Belarusian-Polish borders and continued access restrictions result in increased humanitarian needs for the displaced.,,Subnational,New emerging risk,2021-11-28,2024-06-13T13:54:13.000Z,,,"Migrants and asylum seekers are in critical need of shelter and NFIs, protection and legal assistance, medical care, food, and water. They urgently need adequate shelter as winter has begun. The first snow has fallen, and the temperature drops below zero during the night. The border area has harsh winters with extremely cold temperatures and heavy snowfall. • Access to the affected population is constrained on both sides of the border. In September, Polish authorities imposed a state of emergency on 183 localities within 3km of the border with Belarus, blocking humanitarian organisations from accessing the affected population. Grassroots movements and community members are leading the humanitarian response in areas outside state of emergency zones. On the Belarus side, the 3km area closest to the border is only accessible to military and security officials (HRW 24/11/2021). Humanitarian access is sporadic and controlled by authorities.",National migration policies not open to high numbers of migrants arrivals; political tensions between Belarus and the EU; harsh winter conditions; COVID-19 measures,"<20,000",3,Migrants,3,High,High,Not materialised,2024-06-13
R0295,['Malawi'],['MWI'],Social unrest in Malawi further deteriorates the food insecurity situation.,['MWI002'],National,New emerging risk,2021-12-01,2024-06-13T13:54:13.000Z,,,"Further increase in prices of basic items, more anti-government demonstrations, and security forces using violence against protesters will likely result in social unrest in Malawi and deteriorate the food insecurity situation. 

The economic situation in Malawi has been deteriorating. Prices of basic items such as cooking oil, cassava, and firewood increased, following a 20% spike in fuel prices in September. Several anti-government protests to denounce the high cost of living and high employment rates took place during November and are likely to continue through early December. Some protesters also called for the removal of the president. Security forces are deployed to disperse protests, and they fired tear-gas at participants. 

More than 1 million people (6% of the assessed population) were facing Crisis levels of food insecurity (IPC Phase 3) between July–September 2021. Projections indicate that 1.49 million people (8% of the population analysed) are likely to face Crisis levels of food insecurity (IPC Phase 3) between October 2021 and March 2022. Drivers for food insecurity in Malawi include declining livelihood opportunities following the COVID-19 pandemic. Social unrest will likely result in disruption of livelihood activities and worsen food insecurity levels to put another 2% of the population (360,000 people) into Crisis (IPC Phase 3). 

Tropical storm Ana affected 990,000 people in mid-January 2022 and caused damage to agricultural land. Prices of some food items are expected to increase, which increases the likelihood of more demonstrations. As of 6 April 2022, people are still planning to conduct a series of demonstrations against rising cost of living.
 ","Increase in prices of basic items, more demonstrations, and violence against protesters","250,000-500,000",2,"The affected population can meet their food needs by applying, temporarily, some coping strategies, such as reduce the consumption of some nutritious foods. ",3,Low,Medium,Active,2024-06-13
R0296,['Mexico'],['MEX'],"The implementation of the Migrant Protection Protocol leads to an increased number of migrants stranded at the border lacking protection, shelter, and services.",['MEX003'],National,Marked deterioration in an existing crisis,2021-12-09,2024-06-13T13:54:13.000Z,,,"The Migrant Protection Protocol (MPP) in the United States will be back in force from Monday 6 December. Through this programme, initially implemented by Trump's administration, the aim is for migrants to wait in Mexican border cities while asylum applications to the United States are processed. This policy works alongside Title 42, which means that, in addition to preventing asylum seekers from passing through, the US government will be able to return asylum seekers already in the US to Mexico's borders. 
This represents a risk for the migrant population, due to the high levels of xenophobia at the borders. In addition, the Protocol would increase the number of migrants at Mexico's borders, where most shelters are almost at capacity (as is the case in Tamaulipas and Reynosa). There is also a risk to the sectoral needs of the migrant population, as many of the border cities are heavily controlled by drug cartels. To date, 1,544 assaults against MPP asylum seekers have been recorded. Legal representation for MPP asylum seekers is limited (only 10% have access).","- Implementation and resumption of the MPP (Migrant Protection Protocols) from 06/12/2021. 
- Return of asylum seekers, who are in the US awaiting processing, to Mexico's borders. 
- Increase in the number of migrants at the border from Mexico to the US, due to the convergence of Title 42 and MPP policies: the former does not allow passage to the US; the latter returns asylum seekers from the US to Mexico. 
","<20,000","3
","Around 192,000 law enforcement encounters with migrants have been recorded at the US-Mexico border this year, according to CBP. In cities such as Tijuana, Texas and Ciudad Juarez, shelter capacity has reached up to 70% of capacity. The MPP empowers US authorities to return asylum seekers who are already on US territory, which creates a risk for the authorities' response in terms of shelter, NFI, food security and livelihoods. The northern border has a strong presence of drug cartels and mafias, which puts at risk the sectoral need for protection of the migrant population.",3,High,High,Materialised,2024-06-13
R0297,['Colombia'],['COL'],There is a risk of the resurgence of armed clashes in Catatumbo region.,['COL001'],Subnational,New emerging risk,2022-01-06,2024-06-13T13:54:13.000Z,,,"The territorial division between the armed groups ELN, Los Rastrojos and the EPL made a few years ago has become tense due to the arrival of FARC dissident fronts. The dispute over territorial control has already led to threats of explosives and harassment, and it is expected that the situation could escalate to the levels of the current armed confrontations in Arauca. Catatumbo is one of the regions with the largest area under coca cultivation (40,000 hectares), which makes it a disputed territory between armed groups. ","- FARC frontline dissidents have begun disputing territories for drug production and trafficking.
- Catatumbo is one of the regions with the highest coca leaf production in Colombia, with around 40,000 hectares. 
- Catatumbo is currently home to the ELN, EPL and the Rastrojos, who a few years ago agreed to a ceasefire and the distribution of illicit activities. 
- The arrival of FARC dissidents in the region could lead to armed confrontations with other groups in the region and cause a resurgence of the armed conflict.
","<20,000","2

","Before the Peace Agreement, Catatumbo was one of the regions where the municipalities that comprise it had a strong presence of armed confrontations, leaving 105,678 victims of forced displacement between 2000 and 2012. Due to the dynamics of the past, some mass displacements tend to be between 2,000 and 5,000 people, which means that the annual figure could be close to 20,000 people affected by forced displacement events. The dispute over this territory is based on the control of illicit crops and drug trafficking routes. Collective and selective assassinations, forced recruitment, displacement, confinement and forced disappearance were frequent in the region. The arrival of FARC-EP dissidents in the territory has led to a resurgence of threats (such as the use of explosive devices) and communiqués that generate tension with the ELN and other groups already controlling the region.",3,High,High,Materialised,2024-06-13
R0298,['Sudan'],['SDN'],Social instability in Nile River state and Northern state over electricity prices results in an increase in food needs.,['SDN001'],Subnational,New emerging risk,2022-01-18,2024-06-13T13:54:13.000Z,,,"Rationale: In case the blocking continues, it will likely have a negative impact on the agricultural and industrial sectors. Needs for food will likely increase because farmers who depend on electricity for irrigation are warning that their crops (especially wheat) are about to fail. Restricting trucks movement will likely result in an increase in prices of certain items in the markets. In case the farmers’ demands are not met, they are threatening to cut off Khartoum from electricity supply line generated by Merowe Dam, which will likely affect the industrial sector and increase the risk of insecurity in the capital (especially with the political and social instability taking place now). 

Update: In mid-February, the government and farmers reached to an agreement to freeze the increase on electricity prices until 30 April. As at 15 May, no further blockade or impact of the risk is reported.

Context: Shiryan El Shamal (The North Lifeline) highway has been blocked since 9 January by farmers in Ed Debba locality (northern Sudan), who are protesting a 100% surge in electricity prices announced a week earlier by the government. The highway connects Sudan and Egypt, and any truck traffic has been banned by the farmers. As at 12 January, more than 600 Sudanese trucks and 15 Egyptian trucks have been stuck on the highway. 
Despite the “government” announcing a freeze on electricity prices in the agricultural, industrial, and residential sectors on 12 January, the farmers have escalated the civil disobedience until all demands are met. Their demands are cancelling the increase on electricity prices, cancelling the “Northern Path” decision in the Juba agreement, granting the northern region 2% of the electricity produced by the Merowe Dam, and other demands related to development projects. 

FYI
“Northern Path” decision: dividing the income from the proceeds of natural resources, extracted wealth, tax income, other levies and taxes imposed in the region, provided that revenue is split 30%/70% between the Northern Territory government and the central government in Khartoum, valid for ten years.

Merowe Dam: Over 50,000 people were displaced when the dam was built in 2006. The unequal access to electricity from the Merowe Dam in Northern State has been a controversial issue for years and many demonstrations have taken place to demand 2% of its electricity, an investigation into the 2006 killing, compensation for damage caused by the dam’s construction, and an investigation into corruption surrounding the dam.

2006 killings: a clash between government militias and civilians protesting the construction of the Dam resulted in many killings and injuries among residents of the northern states. 

","Farmers of the north escalating demands
Clashes between protesters and security forces
Cutting off Khartoum from electricity supply line generated by Merowe Dam","100,000-250,000",3,"The affected population can meet their food needs by applying, temporarily, some coping strategies, such as reduce the consumption of some nutritious foods. Presence of NGOs in Sudan will likely reduce the impact of the crisis on people. ",3,Low,Medium,Not materialised,2024-06-13
R0299,['Ethiopia'],['ETH'],Resource-based clashes because of drought result in increased insecurity and conflict-related displacement in Oromia and Somali regions.,['ETH005'],Subnational,Future impact of a hazard which has already taken place,2022-01-18,2024-06-13T13:54:13.000Z,2022-03-24,https://www.acaps.org/sites/acaps/files/products/files/20220324_acaps_global_risk_report_march_2022.pdf  ;   https://www.acaps.org/sites/acaps/files/products/files/20221017_acaps_global_analysis_hub_risk_report_october_2022.pdf,"Drought is affecting 2.8 million in Oromia region and 2.3 million people in Somali region. More than 100,500 livestock died in Borena and Guji Zones, Oromia as of 30 November, and 120,000 livestock have died in Dawa Zone, Somali as of mid-November. By the end of 2021, more than 50% of crops have failed.  

Compared to current figures, more households will likely be affected by drought following a lean season between February and April aggravated by a fourth below-average rainy season between March and June. Food insecurity levels will likely deteriorate starting from June, resulting in more people classified in Crisis and Emergency levels (IPC Phase 3 and 4). Crop failures, loss of harvest, and massive livestock deaths are likely, leading to a depletion of food and livelihood sources.   

Shortages in food and water due to the worsening impact of drought and exhaustion of coping strategies such as using savings, selling livestock, and livestock migration for grazing will likely result in increased competition over limited resources and resource-based sporadic clashes. In Somalia and Kenya, which are impacted by the same drought, resource-based clashes have recently increased between pastoralists. Similarly in Oromia and Somali regions, depletion of resources combined with preexisting ethnic tensions will likely fuel clashes. Resource-based clashes between pastoralist communities in southern Ethiopia have been intensifying since the 1990s due to scarcity of grazing, food, and water resources.  

Hotspot for potential clashes will likely be around regional borders between Oromo ethnic groups (Borana, Guji, and Gabra) and Somali ethnic groups (Garri and Digodia). A prolonged drought between 2016-2017 aggravated pre-existing border disputes, put pressure on pasture and resources, and contributed to a flare up of clashes between Oromos and Somalis in December 2016. More than 1,1 million people were displaced because of clashes by April 2018. 

Risk Update: The risk has materialised; the severity of drought has resulted in the further unavailability of resources like water, food, and land and the aggravation of intercommunal conflicts in Oromia and Somali regions. The rainy season between March–May 2022 failed, making it the fourth consecutive failed rainy season. Below-average rains are also expected for the October–November rainy season. By the end of August, drought had affected more than 24 million people in Ethiopia, mostly in Oromia and Somali regions. This figure is a significant increase from the 6.8 million drought-affected people in December 2021, also mostly in Oromia and Somali. Between January–June 2022, intercommunal conflicts increased over resources in Oromia, mostly in Guji and West Guji zones. Drought-induced needs likely contributed to the increase. Sporadic intercommunal clashes have also been recorded across the region. Conflict, followed by drought, remains the main cause of displacement in both regions, but the link between conflict events and the effect of drought- and resource-based clashes is not always clear. Humanitarian access to the two regions has been extremely restricted because of increased insecurity, affecting drought-response operations.
","The lean season (Feb-April) 
Below-average rainy season (March-June)
Pre-existing ethnic tension and border disputes
Exhaustion of coping strategies ",">500,000",4,"People in the affected areas already face high levels of food insecurity, which limits the capacity to respond to the expected increase in needs. ",4,Medium,Medium,Materialised,2024-06-13
R0300,['Somalia'],['SOM'],"Worsening drought conditions increase humanitarian needs in Ethiopia, Kenya, and Somalia.",['REG014'],Regional,Marked deterioration in an existing crisis,2022-01-19,2024-06-13T13:54:13.000Z,,,"Drought conditions in Kenya, Somalia and Ethiopia have been steadily worsening since 2021. The 2022 March-May rainy season was the fourth consecutive below average rainy season. This has contributed to an increase in the number of people facing food insecurity, from 12 to 14 million people in first quarter of 2022 to 15 to 16 million in the second quarter. In Somalia, some areas like Baidoa district(Bay region) are facing Famine (IPC Phase 5) food security conditions, with high mortality rates.
Weather forecasts are indicating a significant likelihood that the October to December 2022 rainy season will also be below average, which would result in a five-season drought. This would further worsen food insecurity in 2023, increasing the number of people requiring humanitarian food assistance and the severity of needs.","-Somalia, Kenya and Ethiopia have experienced four consecutive below average rainy seasons
-Weather forecasts indicate possibility of a fifth consecutive below average rainy season during the Oct-Dec 2022 rainy season",">500,000",4,Drought-affected communities have experienced several shocks within the past 5 years. They have high poverty levels and have faced protracted conflict and recurrent natural hazards.,3,High,High,Active,2024-06-13
R0301,['Mali'],['MLI'],Economic sanctions lead to the loss of livelihoods and increased food insecurity.,['MLI001'],National,New emerging risk,2022-01-26,2024-06-13T13:54:13.000Z,,,"On 9 January 2022 the Economic Community of West African States (ECOWAS) decided to apply several economic sanctions against Mali, including the closure of land and air borders with member countries, the suspension of all commercial and financial transactions between ECOWAS countries and Mali, and the freezing of Malian assets in the Central Banks of ECOWAS (ECOWAS 09/01/2022). These sanctions were applied in reaction to the decision of the Transition authorities to postpone the presidential election, initially scheduled for February 2022, and following the submission of a timetable for a transition period of five years at the end of the Assises Nationales de la Refondation −consultations with the population with the objective to fix the date of the next elections and to guarantee the return of civilians to power (TV5Monde 30/12/2021). The five-year period was judged too long by ECOWAS.  These sanctions are likely to cause loss of livelihoods and increased food insecurity, aggravated by the persistent conflict and the economic consequences of COVID-19, including difficulties in the supply of food products and agricultural inputs, rising prices, and job losses (IRC 19/01/2022). Even though the authorities try to resort to other neighboring non-ECOWAS countries to circumvent the effects of the sanctions, the transport of essential goods that are exempt from the sanctions will likely be disrupted due to the increase in border controls by neighbouring countries (Le Point 14/01/2022). Border closure with neighboring countries such as Senegal and Côte d'Ivoire will primarily affect the cotton and gold sectors, which are Mali's main export products (The Guardian 28/01/2022; African Business 14/01/2022; Jeune Afrique 31/01/2022). The decrease in customs revenue due to the reduction in imports while the country can no longer borrow money from regional financial institutions could lead to a lack of cash once the state reserves are exhausted. The salaries of civil servants and the military may therefore not be paid in the coming months (Le Point 14/01/2022). As during the 2020 sanctions, remittances, on which many households depend for their survival are likely to become impossible due to the lack of cash (Le Monde 25/09/2020). Capping withdrawals and stopping the granting of new credit will greatly reduce the coping capacity of those affected (DW 24/09/2020).  

Update 17/10/2022
This risk has partially materialised. The Economic Community of West African States (ECOWAS) economic sanctions against Mali were lifted on 3 July 2022 after the junta presented a timetable for the next presidential elections, which it set for March 2024. The individual sanctions against the leaders of the junta and the suspension of Mali from the organs of ECOWAS remain until the return of civilian power in the country. This risk has partially materialised in terms of rising food prices, but the impact of sanctions on humanitarian access has been very limited. The same can be said for the impact of sanctions on livestock farming. The increase in food insecurity has materialised, but food security was expected to deteriorate nationwide regardless of the sanctions, making it difficult to attribute solely to the economic sanctions that lasted almost six months. The decline in trade flows with external markets in connection with ECOWAS sanctions has increased food prices, which continue to be high. Poor households have seen their access to food deteriorate further.

  ","ECOWAS sanctions; lack of liquidities,; inflation","250,000-500,000",3,1.2 million people are already facing a food crisis. The sanctions will further reduce their ability to access to food.,4,High,High,Materialised,2024-06-13
R0302,['Myanmar'],['MMR'],The current political crisis is evolving into a countrywide intrastate conflict that will lead to increased large-scale displacement and deterioration of the complex humanitarian crisis.,['MMR004'],National,Marked deterioration in an existing crisis,2022-02-02,2024-06-13T13:54:13.000Z,,,"The spread of clashes to more regions between the military and armed resistance is stemming from political tensions and the ongoing emergency state enforced by the junta since the military coup in Feb 2021. There are ongoing clashes between the military and the People's Defense Forces and other ethnic armed groups in the southeast and the northwest, where previously there were none. IDP numbers have been gradually increasing since the coup. Since clashes between the military and anti-coup People's Defense forces supported by some ethnic armed groups first escalated in May 2021, post coup IDP numbers peaked at around 220,000 between June-October 2021, however after October 2021, IDP numbers have more than doubled to over 500,000 IDPs by end of Feb 2022. This is a direct result of the increasingly conflict in Myanmar where disproportional and indiscriminate violence is used against civilians by the military in response to ongoing armed resistance. IDP numbers continue to rise with almost 558,000 IDP as at 28 March.

Intense fighting has been occurring throughout the months of April and May 2022, especially in the north-west regions of Chin, Magway, and Sagaing (UNHCR 06/06/2022a). As of 06 June 2022, the number of IDPs reached a figure of 704,400 and the total number of IDPs in the country crossed the 1 million figure (UNHCR 06/06/2022b).","- The trial of deposed leader Aung San Suu Kyi likely leading to Increased political tensions and clashes. 
- The Kachin Independence Army (KIA) publicly voicing its support for and alignment with the National Unity Government (NUG). 
- The KIA encouraging all ethnic armed organisations (EAOs) to cooperate in order to resist and “annihilate” the junta under the National Unity Government. 
- The junta's will to dismantle six police departments and absorb the police officers into the military against the anti-coup resistance movement.
- Myanmar junta vowed to intensify action against homegrown militia groups fighting the military-run government, saying the armed forces would “annihilate” them.
- During the military parade, Gen Min Aung Hlaing made a statement about his intent to 'annihilate' armed groups that are fighting against the junta. ",">500,000",4,"Ethnic minorities in areas of active conflict. Politicians, activists, protestors at high risk of being a target. ",4,Medium,Medium,Materialised,2024-06-13
R0303,['Philippines'],['PHL'],Political violence and attacks by armed groups in Mindanao around the May presidential elections result in displacement and protection issues.,['PHL003'],Subnational,Marked deterioration in an existing crisis,2022-02-10,2024-06-13T13:54:13.000Z,,,"Electoral violence across the Philippines is a threat for the current three-month long election season that started on 8 February. Voters will choose the next president, vice president, and 18,000 other political positions on 9 May (The Diplomat 07/02/2022). Electoral violence by privately hired armed groups include voter intimidation, attacks on polls, and assassination of political rivals (Benar News 02/02/2022 ; New Mandala 08/07/2021 ; PNA 09/02/2022 ; University of Portsmouth 30/09/2021 and  08/10/2021 ; Rappler 14/02/2022; Inquirer 01/12/2021).    

The leading candidate is Ferdinand Marcos Jr., son of Ferdinand Marcos, who held the presidency from 1965 until he was ousted in a people’s revolution in 1986 (Aljazeera 14/12/2022 ; VOA 06/01/2022). In southern Mindanao, Marcos’ policies contributed to land grabs, human rights abuses, and conflict (Inquirer 28/12/2016; Asia Society 08/03/2022). The controversial Marcos Jr.’s candidacy will likely contribute to increased political tensions and violence in Mindanao.   

Mindanao is still affected by ongoing armed group attacks and their clashes with the military. Armed groups, including the New People’s Army (NPA), Maute, Abu Sayyaf, and Bangsamoro Islamic Freedom Fighters all refuse peace talks and negotiations with the government, and seek independence from the Philippines (Global Initiative 20/02/2020).  These armed groups may conduct more attacks than usual, taking advantage of the political tensions and authorities’ focus on the elections. Security forces are already being deployed to areas of security concerns across the country, most of which are in Mindanao (Business Mirror 14/02/2022).   

Intercommunal violence in the form of clan feuds including over land disputes also affects Mindanao and causes displacement. Conflict and violence in Mindanao are exacerbated by a shadow economy that provides economic and political means for the groups involved (Global Initiative 20/02/2020; International Alert 04/2014). Mindanao is therefore at a high risk of increased violence and armed groups attacks, including electoral violence by ‘private’ armed groups hired to attack polls and political candidates by rivaling politicians (Benar News 30/06/2021; PhilStar 15/02/2022; Philippine Army 13/01/2022). Polls situated in areas with armed groups presence, particularly the NPA, are most at risk (New Mandala 08/07/2021; Manila Bulletin 13/02/2022).   

In the months preceding the election in the month of May, especially in April, there was a rise in armed conflict in the region, leading to increase in displacements (Protection Cluster accessed 13/06/2022). ","-electoral period started 
-past episodes of electoral violence in the country 
-candidacy of controversial candidate Ferdinand Marcos Jr  
-presence of armed groups refusing peace talks ","<20,000",1,IDPs in Mindanao affected by clashes between the security forces and armed groups. Politicians and voters affected by political violence,1,Medium,Medium,Materialised,2024-06-13
R0304,['DPRK'],['PRK'],"The detection of COVID-19 cases causes the Government to (re-)enact strict border controls that aggravate food insecurity, resulting in lower food consumption and nutritional diversity levels among the most vulnerable.",['PRK001'],National,Marked deterioration in an existing crisis,2022-02-10,2024-06-13T13:54:13.000Z,,,"The DPRK is chronically food insecure because its mountainous terrain and climate do not support effective agriculture. In addition, the DPRK is reliant on trade with China and humanitarian aid to cover its food shortages, even though it maintains an official ideology based on economic self-reliance. At least 10 million people were in need of humanitarian aid including food assistance in 2020. Since the beginning of the COVID-19 pandemic, the DPRK has maintained a zero COVID-19 policy, and applied strict measures to contain the potential spread of COVID-19, including border closures since Jan 2020, resulting in shortages in basic supplies including medicines. Food insecurity is exacerbated because of ongoing severe COVID-19 containment measures that have already affected the overall access, humanitarian response, and trade. The government acknowledges economic hardship and food shortages because of the pandemic but it remains reliant on border closures instead of vaccinations. The DPRK has not accepted any vaccinations.

The DPRK already has confirmed its first COVID case in May 2022 which was followed by a strict national lockdown. As of 13 June 2022, around 4.5 million (17% of its total population) suspected COVID cases were reported. The new restrictions is believed to have affected the already dire food insecurity  and nutritional deficiency levels, especially  among the most vulnerable . ","Jilin province in China bordering the DPRK is affected by a COVID-19 surge (Omicron variant). Although the DPRK has recently resumed limited trade with China, and despite long quarantine measures, disinfection, and testing, DPRK may react to the latest COVID-19 outbreak in China by re-introducing strict border closures. ",">500,000",5,"All DPRK citizens are affected by the complex crisis and COVID-19 measures. People who are already food insecure (40% of the population), particularly vulnerable children, and elderly at risk of starvation.",5,Medium,Medium,Materialised,2024-06-13
R0305,['Kenya'],['KEN'],"Electoral violence and increased intercommunal conflict throughout Kenya result in displacement, the disruption of livelihoods, and protection concerns.",,National,New emerging risk,2022-02-10,2024-06-13T13:54:13.000Z,,,"Kenya has experienced electoral violence during past elections. There is a likelihood of electoral violence before/during the August 2022 election period. There is currently high political tension, worsened by hate speech by some politicians. The tone of the media is also quite divisive and disinformation campaigns on social media are becoming more frequent. Politicians could also weaponise ongoing resource-based conflicts for their own political gains. 
There is a possibility of displacement of 150,000 people due to localised violence and intercommunal conflicts. Access constraints are also likely to increase in drought affected areas due to intercommunal conflicts.
In 2022, more than 1,060 political disorder events were reported as at 5 August-the highest since 1997. Many of these events happened during party primaries from March to April.
General elections held on 9 August had relatively low voter turnout(65.4%), allegations of voter bribery and technology failures. Even though a petition challenging the presidential election results was rejected by the Supreme Court, there was peace countrywide until William Ruto was inaugurated as President on 13 September.",Early expectations of electoral malpractice; Disputed election results after the elections happen in August; Losing candidate refuses to concede; speeches inciting violence by some politicians ,"100,000-250,000",3,"The entire Kenyan population is facing an unfavorable economic environment due to the impact of the COVID-19 pandemic, high cost of living/rising inflation and high national debt levels. Some communities in arid/semi-arid counties are using negative coping mechanisms to survive the ongoing drought.",2,Medium,Medium,Not materialised,2024-06-13
R0308,['DRC'],['COD'],The resurgence of the March 23 Movement (M23) and intensification of conflict lead to displacement and the further deterioration of the humanitarian situation in Nord-Kivu.,['COD001'],Subnational,Marked deterioration in an existing crisis,2022-02-12,2024-06-13T13:54:13.000Z,,,"The DRC update below refers to the risk initially raised in March 2022 and then updated in the Global Risk Analysis of October 2022. This risk has materialised, while the humanitarian situation continues to deteriorate. Clashes between the Congolese army and the M23 are still continuing, forcing thousands of people to flee. The M23 continues to expand its area of influence and threatens to cut off the main supply routes to Goma, the capital of North Kivu. The killing of more than a hundred people in December 2022 is also attributed to the M23. As at January 2023, more than 520,000 had been displaced since the clashes intensified in March 2022. A lack of food and the poor living conditions of the displaced people in sites in Kanyaruchinya and surrounding areas in Nyiragongo territory led to the declaration of a cholera outbreak by the provincial authorities on 14 December 2022. The confirmed cases have risen to 4,530, with 16 related deaths recorded in Nyiragongo and Karisimbi health zones as at 8 February 2023. The ceasefire agreement concluded in Luanda between the DRC and Rwanda in November 2022, which requires the withdrawal of M23 fighters from areas under their control, has not been followed. In November 2022, East African states deployed a regional force to end armed group violence in eastern DRC. That said, some civil society organisations and inhabitants of North Kivu do not perceive this force as offensive enough. Demonstrations have taken place mainly in Goma to demand the departure of this force or a more offensive attitude towards the M23. The negotiations conducted by the regional force with the M23, perceived by some as support for the armed group, have reinforced doubts on the agenda of the regional force.  The M23 continues to illegally tax people in areas under their control and to forcibly recruit civilians into their ranks.",Nairobi agreements; 2023 presidential election; general insecurity; resurgence of M23 activity. ,"250,000-500,000",3,"In Nord Kivu province where dozens of armed groups are active, the increase of M23 attacks will considerably worsen the humanitarian situation, mainly in the territory of Rutshuru where thousands of IDPs and returnees are reported",3,Medium,Medium,Active,2024-06-13
R0310,['Colombia'],['COL'],"Colombian armed groups in Venezuelan territory change the dynamics towards cross-border non-international armed conflict, leading to an increase in internally displaced Colombians and Venezuelan migrants in Colombia in need of assistance.",['COL001'],National,New emerging risk,2022-02-14,2024-06-13T13:54:13.000Z,,,"The FARC-EP's demobilisation and subsequent withdrawal from the Colombian-Venezuelan border, which followed the 2016 peace agreement, led to the strengthening ELN's control in these areas of Norte de Santander, Arauca, Cesar, La Guajira and Vichada (Colombian border), and Apure, Táchira, Zulia and Amazonas (Venezuelan Border). Moreover, this process opened the way for the formation of armed groups made up of FARC-EP dissidents such as the 10th Front and La Segunda Marquetalia. (InsightCrime 19/10/2021; InsightCrime11/01/2022). 
The armed conflict has begun to deepen since 2020, because armed groups used restrictions on population mobility, as part of COVID-19 confinement measures, to increase their activity, and FARC-EP dissidents began to strengthen and dispute territories on the Colombian-Venezuelan border (departments of Arauca, Norte de Santander and Casanare) with the ELN (InsightCrime11/01/2022). Until the beginning of 2022, the ELN and FARC-EP dissidents had a non-aggression and territorial division agreement that has been broken due to the assassination of some FARC-EP dissident leaders allegedly by ELN forces (Insight Crime 18/01/2022; Ideas Paz 24/01/2022). FARC-EP dissidents begun disputing territories held by the ELN, La Segunda Marquetalia and other armed groups, mainly in Apure, aiming to expand into Venezuela (Insightcrime 13/10/2021). The decrease in illegal rents during 2020 for non-state armed groups in Colombia, due to COVID-19 restrictions that hinder drug trafficking, began to motivate expansion towards Venezuelan territory in search of new illegal economy opportunities.   
Since 2021, clashes between FARC-EP, ELN, Colombian-Venezuelan hybrid groups, and the Venezuelan Armed Forces have begun to increase (InsightCrime11/01/2022; La Opinión 29/04/2021). The ELN's presence in Venezuela for more than 30 years was focused on alliances with the Venezuelan government, drug trafficking and the development of irregular economies (BBC News  04/01/2022; Insightcrime 13/10/2021). However, the arrival and strengthening of FARC dissidents have led to a change in the dynamics of the presence of Colombian non-state armed groups in Venezuela and their relationship with Venezuelan armed groups, giving rise to a Non-International Cross-Border Armed Conflict.  This type of conflict is characterised by the outbreak of hostilities and the sustained presence of non-state armed groups in a cross-border territory. Armed actors seek to exert territorial control on both sides of the border, so it is not limited to only one of the states involved. (Vité 2009; ICRC 2011) This new conflict dynamic is aggravated by the lack of diplomatic relations between Colombia and Venezuela, which were severed in 2019 (BBC News 13/02/2019; ICG 30/04/2021; Infobae 03/01/2022).  
","- Continuation Government disputes (Col-Ven)
- Lack of state presence at the Colombian-Venezuelan border
- Clashes between FARC-EP, ELN, Colombian-Venezuelan hybrid groups, and the Venezuelan Armed Forces increasing
- Increase territorial disputes in border towns between Colombian non-state armed groups
- Search for control of Venezuelan territory by organised armed groups, residual armed groups and organised criminal groups
- Changing dynamics between the Colombian armed groups and the Venezuelan government
 ","20,000-100,000","3
","The number of people affected corresponds to the approximation of the population located in border cities in Colombia and Venezuela. The lack of response capacity of both states, confinements and threats diminishes the response capacity of humanitarian organisations. ",3,High,High,Materialised,2024-06-13
R0311,['Brazil'],['BRA'],Reduced income from agricultural livelihoods and rising food prices result in reduced access to food for (mainly) socioeconomically vulnerable groups.,['BRA001'],National,Future impact of a hazard which has already taken place,2022-02-14,2024-06-13T13:54:13.000Z,,,"The impact of climate events in Brazil will increase the number of food insecure people. This risk is focused on the overall picture in Brazil, but mainly affects the most vulnerable populations: indigenous communities, Venezuelan migrants, people living in poverty and farmers. Within these groups, women and children represent a population most likely to suffer from food insecurity","-  Unforeseen heavy rains continue to cause flooding in northeast and southern Brazil.
- Crop loss and poor harvests
- Income reduction
- Higher food price increases
- Continued mobility limitations due to road destruction​
- Reduced government revenue​.
- Decreasing exports","100,000-250,000",3,"The number of people affected is calculated using the average population by vulnerable groups that can be calculated. There are figures for the number of people in poverty, Venezuelan migrants and indigenous people. The number of peasants is not clear. ",3,High,High,Materialised,2024-06-13
R0312,['Sudan'],['SDN'],"A reduction in subsidies and the suspension of foreign financial aid result in severe electricity and fuel shortages, leading to crop failures, loss of livelihoods, and worsening food insecurity.",['SDN001'],National,Marked deterioration in an existing crisis,2022-02-15,2024-06-13T13:54:13.000Z,2022-03-24,https://www.acaps.org/sites/acaps/files/products/files/20220324_acaps_global_risk_report_march_2022.pdf ; https://www.acaps.org/sites/acaps/files/products/files/20221017_acaps_global_analysis_hub_risk_report_october_2022.pdf,"Sudan has been following a new economic three-year reform program with the International Monetary Fund since June 2021, which requires reducing subsidies on prices of electricity and fuel (IMF accessed on 15/02/2022). In January 2022, the government announced increasing prices of electricity by more than 460%, mostly affecting the agriculture sector (Reuters 24/01/2022). In February, fuel prices increased by nearly 13% above a 400% spike in October 2020 (Reuters 05/02/2022 ; Dabanga 28/10/2020). Further cuts are likely throughout 2022, especially as global fuel prices are increasing because of the Russia-Ukraine conflict (3ayin 05/02/2022). Sudan is at risk of further cuts in foreign aid, following suspension of financial aid from several countries after the military takeover in October (Reuters 08/12/2021).  
The increase in electricity prices have already affected northern Sudan farmers, who depend on electricity to irrigate crops. The fear of the wheat crop failure led the farmers to protest and block Shiryan El-Shamal highway (linking Egypt to Sudan) between 9 January-16 February, demanding freezing the increase in electricity prices (Dabanga 10/01/2022). Despite the government exempting the agriculture sector from the increase until 30 April, similar blockade events will likely re-escalate in May (Dabanga 17/02/2022). Farmers will likely pressure the government by disrupting the electrical supply line from Meroe dam in northern Sudan (Dabanga 14/01/2022). The dam contributes to Sudan’s electricity production, and disruptions will likely result in severe shortages in electricity across the country where already power cuts occur every three to four days (Al Jazeera 05/01/2022).  
Increase of fuel and electricity prices will likely reignite the Beja tribe's blockade of Port Sudan. The Beja tribe will likely close the pipeline that carries oil from South Sudan to Khartoum and create severe shortages in fuel, like the blockade that took place in mid-September, objecting a failed military coup attempt. (Dabanga 27/09/2021). 

Risk update: The risk has partially materialised. Expected increases in fuel prices have affected agriculture, contributing to a price spike for some food items and worsening food security levels. There has, however, been no escalation of tensions between the Government and farmers in northern Sudan and no disruption to the electrical supply line from Merowe dam. Electricity did not see further cuts in subsidies, meaning no further increases in electricity prices, unlike for fuel. At the beginning of August, transportation costs increased by 40–50% following an increase in petrol and diesel prices in the country. High fuel prices have affected agricultural activities, such as land preparation, which usually starts in April. The removal of fuel and electricity subsidies in late 2021 also increased the prices of some food items like sorghum and wheat in 2022. Sorghum prices in July were more than 600% higher than in the same month in 2021.
","-Further increase in fuel and electricity prices as part of economic reforms.
-Further cut in foreign aid.
-Increase of electricity consumption because of high temperature in summer.
-Power cuts affecting the functioning of hospitals and other health facilities.
-Tribes in northern Sudan and Port Sudan disrupting fuel and electricity. 
","250,000-500,000",3,"People have been dealing with humanitarian crises for a long time, and their coping capacities are about to be exhausted. There is a good presence of humanitarian organisations that may reduce the severity of the impact. ",3,High,High,Materialised,2024-06-13
R0313,['Tonga'],['TON'],Continued COVID-19 movement restrictions and extreme weather conditions during the cyclone season will likely delay the recovery process after the tsunami and result in increased humanitarian needs.,['TON002'],National,Marked deterioration in an existing crisis,2022-02-15,2024-06-13T13:54:13.000Z,2022-03-24,https://www.acaps.org/sites/acaps/files/products/files/20220324_acaps_global_risk_report_march_2022.pdf,"Tonga was impacted on 15 January by a volcanic eruption and a tsunami, which affected 80% of the population (84,000 people) (OCHA 19/01/2022). With relief aid coming from foreign countries into the island, COVID-19 cases started to be reported on 1 February. Previously, Tonga has only recorded one COVID-19 case since the start of the pandemic and the government has been applying strict measures on international travel to avoid an outbreak (TIME 03/02/2022).  
A total of 355 cases have been confirmed between 1-26 February (WHO accessed on 27/02/2022 ; Matangy 27/02/2022).  Despite a relatively high vaccination rate (60%) in Tonga, the government fears that a COVID-19 outbreak can be a bigger threat to the country than the volcanic eruption (The Guardian 02/02/2022). This fear, in addition to the rapid increase in cases, has led the government to impose a nationwide lockdown on 2 February that will likely create delays in the recovery process and prolong people’s suffering following the volcanic eruption. Lockdowns in Tonga mean that people need to stay indoors, internal travelling between Tonga’s islands is suspended, schools and non-essential businesses are closed, and foreign nationals are not allowed into the country (Crisis24 01/02/2022 ; Al Jazeera 02/02/2022). Despite easing restrictions on 28 February, primary and high schools continue home schooling and nighttime curfew is still active between 8:00pm to 5:00am (Matangy 27/02/2022). 
The cyclone season affects Tonga between January-March (Govt. Tonga 14/10/2021). If a weather disturbance impacts the island during this season, combined with COVID-19 movement restrictions, the repairing of infrastructure, specifically roads damaged by the tsunami, will likely be further delayed. Access constraints facing humanitarian organizations will likely increase because of potential floods, movement restrictions, and the damage to infrastructure, hindering the delivery of aid (OCHA 10/02/2022 ; Crisis24 07/02/2022).   
 

","Increase in COVID-19 cases.
Lockdown measures extended.
Increase access constraint on NGOs
Delays in repairing infrastructure ","20,000-100,000",2,"Although a high number of people are expected to be affected, the presence of services and humanitarian organisations, as well as national preparedness mechanisms, lower the severity of impact.  ",3,Very Low,Low,Materialised,2024-06-13
R0314,['Zimbabwe'],['ZWE'],Social and political instability because of the deteriorating economic situation and tensions around the parliamentary elections result in increased humanitarian needs.,['ZWE001'],National,Future impact of a hazard which has already taken place,2022-03-07,2024-07-12T08:49:43.000Z,,,"The socio-economic situation in Zimbabwe is affecting access to education for 4.6 million children. Since 7 February, teachers organised a nationwide strike to demand an increase in salaries from 100-500 dollars per month. To stop the strike, the government is threatening 90% of public school students of suspension. If the government suspend teacher, the likelihood of violent demonstrations and clashes with security forces will increase. 

Meanwhile, the parliamentary elections scheduled on 26 March are finalized. Zimbabwe’s leading opposition party won the majority of the parliamentary seats (19 out of the 28) on the elections on 26 March. But the ruling party still holds the majority of overall seats, as they have won 145 seats from the 210 available seats in parliament in 2018.  Prior to the election, one person died and others were injured in clashes at an opposition party rally in between 26-27 February. The country’s main opposition leader claimed his followers were attacked by ruling party supporters armed with machetes, spears and rocks.

There are already 7 million people requiring humanitarian assistance because of climatic shocks and a deteriorating economic environment, including the impact of COVID-19 pandemic. An escalation of violence related to the teachers’ strike and the parliamentary elections will likely result in social and political instability, increasing humanitarian needs, especially education. 
","Teacher's strike leading to suspension of teachers;
Tension between the ruling and the opposition parties closer to the parliamentary elections;
Violent demonstrations and clashes with security forces. 

","20,000-100,000",3,"Rural livelihoods are under a lot of pressure due to the consecutive poor rainfall seasons and high prices of inputs, forcing households to engage in negative coping strategies that may be detrimental to their health and the environment",2,Very Low,Low,Not materialised,2024-07-12
R0317,['Pakistan'],['PAK'],"Tehreek-e-Taliban Pakistan’s strengthened presence in the newly merged tribal districts of Khyber Pakhtunkhwa increases humanitarian needs, protection concerns, and access constraints in the area.",['PAK001'],Subnational,New emerging risk,2022-03-07,2024-06-13T13:54:13.000Z,2022-03-24,https://www.acaps.org/sites/acaps/files/crisis/quaterly-risks-report/2022-04/20220324_acaps_global_risk_report_march_2022.pdf,"US-Taliban peace deal in early 2020, precipitated a resurgence of the Tehreek-e-Taliban Pakistan (TTP) activity in Pakistan which has been further boosted by Taliban’s takeover in Afghanistan, with whom the TTP has a longstanding relationship (USIP 19/01/2022, Diplomat 06/01/2022, RF/ERL 13/01/2022). Since then, TTP incidents have increased rising to 122% in 2021 compared to 2020 and reversing the decreasing trend in the last five years (ACLED accessed on 14/02/2022, PIPS 01/2022). Pakistani military personnel in the newly merged tribal districts of Khyber Pakhtunkhwa (KP) and Balochistan province received most of the attacks (PICSS 01/01/2022).  
The TTP capacity has increased, as the Taliban leadership released imprisoned senior TTP commanders and a number of fighters, granting them de facto political sanctuary and movement’s freedom in and operation from Afghanistan. The TTP has acquired modern weapons and expanded their recruitment and presence in Pakistan, inside and beyond the newly merged districts of KP, and their financial resources - from extortion, smuggling, and taxes – have grown dramatically (VOA News 09/01/2022, RF/ERL 18/05/2021).  
The TTP leadership have a natural affinity towards the Taliban, even claiming to be a branch of the Taliban in Pakistan, yet they also retain good relations with the Islamic State in the Khorasan Province (ISKP). While Pakistan’s prime minister and multiple senior politicians publicly welcomed the Taliban’s takeover, the Taliban have shown no indication that they will prevent the TTP from operating from Afghanistan. Although, TTP initially rejected offers of dialogue from the Pakistan government, the negotiations did start in Nov 2022. The ceasefire has since failed but negotiations are reported to continue (Carnegie 21/1202/2022, RF/ERL 13/01/2022, RF/ERL 18/05/2021, RF/ERL 24/01/2022). Stalled Taliban-mediated peace talks is likely to step up counter-insurgency operations which will grow TTP leverage and pressure to accept their provisions. This is likely to give greater concessions to TTP and reaffirm their legitimacy, which is highly likely to increase the humanitarian needs, protection concerns and human rights violations in the region. 
Violence against civilians and armed clashes in Balochistan and Khyber Pakhtunkhwa provinces increased by 35% in July 2022 compared to the same time last year according to ACCLED, however it is overall not exclusive to TTP.
This risk has partially materialised considering the increased TTP influence in Khyber Pakhtunkhwa (KP) province, widespread extortions, and heightened protection concerns for the local population (USIP 21/06/2022; Gandhara 17/08/2022; Gandhara 21/09/2022). 
The indefinite ceasefire between TTP and the government of Pakistan ended in September after TTP accused the government of breaching it.



","- TTP increased number of attacks;
- Taliban's government in Afghanistan; 
- Unaligned state approach 
- Ceasefire between TTP and Pakistan ended in September ","20,000-100,000",2,"1) Given TTP’s aim to implement a particularly strict interpretation of Sharia law over the region, protection needs for women, girls, and youth are likely to increase
2) KP is home to many of the most food insecure Pakistanis living in geographically remote locations with poor infrastructure, limited logistics, and significant insecurity ",3,Very Low,Low,Materialised,2024-06-13
R0318,"['Ukraine', 'Russia']","['UKR', 'RUS']","A higher presence of non-Ukrainian and non-Russian fighters in Ukraine forming paramilitary groups increases security incidents and instability, leading to increased displacement and a worsened humanitarian situation.",['UKR002'],National,New emerging risk,2022-03-09,2024-06-13T13:54:13.000Z,,,"The security situation in Ukraine have deteriorated significantly after the Russian military offensive started on 24 February 2022. Other non-Ukrainian and non-Russian have been participated in the conflict such as Chechens, Wagner, International legion and volunteers. This raise a risk of forming armed and terrorist groups because of the instability in the country. The risk is aggravated by the imported weaponry to the country. 
In the event of materializing the risk, the humanitarian situation is very likely to be severely impacted. Increasing civilian causalities and displacements is expected because of the expected increase in security incidents and instability. Humanitarian access is likely to be extremely constrained in various areas in the country.

Update: as at end of February 2023, there are no increase in paramilitary groups or terrorist attacks ","Russian - Ukrainian conflict;
Reports of increased presence of armed people from foreign countries joining sides of the conflict;
Increased number of weapons in the country; 
Armed activity can continue also beyond the current conflict.",">500,000",4, The coping capacity of those affected would be limited because of the impact of current conflict and severe humanitarian access constraints ,5,Medium,Medium,Not materialised,2024-06-13
R0319,['Mali'],['MLI'],"The withdrawal of the Barkhane force, as well as consequent increase in armed group clashes and territorial expansion, results in displacement, protection concerns, and the deterioration of humanitarian access.",['MLI001'],National,New emerging risk,2022-03-09,2024-06-13T13:54:13.000Z,,,"This risk has materialised. Since the announcement of the withdrawal of the Barkhane force from Mali in February 2022 and its actual withdrawal in August, non-state armed groups have continued to expand their presence and activity across the country. The presence of non-state armed groups had already been affecting the north and centre of Mali; the humanitarian situation has also since started deteriorating in the south. After a few rare incursions, the activity of armed groups in the south of the country is intensifying, closing several schools particularly in the regions of Sikasso and Koulikoro. Despite the junta promising to foster the effectiveness and response of the Malian army − with support from the Russian paramilitary company Wagner − after the departure of the Barkhane force, attacks targeting civilians and troops have multiplied across the country. Abuses against civilians by the Malian security forces and the paramilitary group Wagner are also reported. The attacks are getting closer to the capital Bamako. One of these attacks targeted the Kati military camp on 22 July, where the leader of the junta was living. This attack indicates a desire by the non-state armed groups to increase their activity in areas where they were previously not significantly active or present. The number of displaced people has grown in the regions of Bamako, Kayes, Koulikoro, and Sikasso as a result of the surge in attacks. The total number of displaced people across the country had risen from around 362,000 in February to over 396,000 as at 31 July.",Military coup; deterioration of relations between Mali and France;,"<20,000",3,"The food insecurity outlook, which forecasts more than 1,800,000 people in need of emergency food assistance in June-August 2022, including 1,074,000 in Segou and Mopti regions only, could worsen under the cumulative effects of clashes and Economic Community of West African States (ECOWAS) economic sanctions. Agricultural inputs due to the disruption of the supply chain, people’s access to the fields will be even more difficult in case of attacks against civilians while agriculture is one of the main sources of income for the population. ",3,Medium,Medium,Active,2024-06-13
R0320,"['Moldova', 'Russia', 'Ukraine']","['MDA', 'RUS', 'UKR']","The Russian recognition of Transnistria, the separatist region in Moldova, leads to increasing security incidents and displacements.",,Subnational,New emerging risk,2022-03-10,2024-06-13T13:54:13.000Z,,,"In 1992 pro-Russian separatists in the region of Transnistria took control and announced their independence on Moldova. The Russian peacekeeping forces are present in this region which is very close to the Ukrainian borders.
Due to the insecurity in Ukraine because of the Ukrainian-Russian conflict and the Russian military in various Ukrainian cities, there are concerns on Russian recognition of this region leading to increasing security incidents and displacements in Transnistria.

Although it remains a probability and should be monitored, this risk has not materialised despite the Russian full-scale invasion being a potential trigger.","1. Russian - Ukrainian conflict.
2. The existence of Russian peacekeeping forces in this region. ","20,000-100,000",3,,3,Low,Medium,Not materialised,2024-06-13
R0321,"['Poland', 'Ukraine']","['POL', 'UKR']",Access to quality public services and increasing prices in Poland as a result of displacements from Ukraine affect both the displaced population and hosting communities.,['POL002'],National,New emerging risk,2022-03-10,2024-06-13T13:54:13.000Z,,,"There were around 2.5 million refugees from Ukraine displaced into Poland by early April 2022. At the time, it was assumed by ACAPS analysts that the number of refugees would increase rapidly because of the ongoing hostilities in Ukraine, and that the high number of refugees would add extra pressure on the Polish infrastructure such as transportation and access to basic services, including medical facilities and schools. Prices are likely to increase, in particular, housing and rent costs, and in turn affect poorer households in the country (including both refugees and the host community).  

This risk has partially materialised. Firstly, The number of refugees did not increase, but rather decreased. As at early February 2023, there are around 1.5 million refugees from Ukraine in Poland. The high number of new refugees from Ukraine did add extra pressure on the health care and education systems in Poland, but not really on transportation. The waiting time for an average health service increased from 3.4 months to 3.6 months between Nov 2021 and Nov 2022. There is insufficient availability of places in schools and kindergartens for refugee children. The cost of housing and rent did spike because of the sudden increase in demand for housing, and the availability of apartments decreased.  For example, Average price of a studio (up to 38 sqm) rose by 33% in Warsaw, by 40% in Gdańsk, by 42% in Wrocław and by 44% in Kraków year to year (some of the largest cities). 
",Russian - Ukrainian conflict,">500,000",3,"Displaced people and host communities are very likely to be most affected. 
",2,Medium,Medium,Materialised,2024-06-13
R0323,"['Lebanon', 'Syria', 'Ukraine', 'Russia']","['LBN', 'SYR', 'UKR', 'RUS']",The disruption of the global supply chain following the Russian invasion of Ukraine disrupt food availability and increase food insecurity in Lebanon and Syria.,"['LBN004', 'SYR001']",Regional,Marked deterioration in an existing crisis,2022-03-14,2024-06-13T13:54:13.000Z,,,"Following the beginning of Russia military offensive on Ukraine, on 24 February, the international community responded with a number of sanctions, including those affecting trade to/from Russia. Ukraine industry and agriculture activities have been suspended due to the ongoing war. Russia and Ukraine together account for 29% of the world's wheat supply. Russia halted their grain exports to protect their own supply and Ukraine trade flows remains difficult and unclear because of conflict. Both Lebanon and Syria import wheat from Russia. This has increased the threat of food insecurity for the countries that depend on Russian and Ukraine for what imports- including the Middle East (and put pressure on other producers, as they need to make sure they have enough stocked to feed the population). The energy market has been impacted as well – and did not recover completely from the COVID-19 impact on the economy - and it is likely take its toll on the economies and prices, resulting in higher costs of fuel and gas. Higher costs of fuel will likely push the cost of basic goods even higher. About 52% of Lebanon wheat imports comes from Russia and 15% from Ukraine. While, 24% of Syria wheat procurement is originated from Russia. Both countries are struggling with food insecurity rates and deepened economic crisis. 
Lebanon is experiencing a socioeconomic crisis in addition to the hosting high numbers of Syrian refugees. Almost 90% of the Syrian refugee population lives at income levels below the Survival Minimum Expenditure Basket, and 80% of Lebanese were pushed to live in multidimensional poverty in 2021. In 2021, 50% the Syrian refugee population and 22% of Lebanese households were food insecure – and it might get worse. 
Syria remains in in emergency driven by more than ten years of violence, hostilities and protracted displacement. About 12.4 million Syrian are food insecure, with another 1.3 million are severely food insecure in Syria. Food prices are higher than a year ago: the cost of a WFP food basket is 86% higher in January 2021 than it was a year ago. 14.6 million people in Syria are in need of humanitarian assistance, including approximately 5 million people classified as experiencing extreme or catastrophic levels of humanitarian need. 
The situation in both, Syria and Lebanon, might deteriorate and significant number of people who are already face food insecurity might face higher levels of food insecurity, while others previously not food insecure might fall into it.  In addition, higher costs of basic goods will reduce households’ purchasing power. This is likely to increase people's adoption of negative coping mechanisms. With increased prices and disruption of the supply chain also the procurement and operations of humanitarian organisations could be affected. 
Some families in Lebanon are spending up to 50% of their monthly income on bread. The Lebanese pound has lost 90% of its value since 2019, resulting in unsustainable governmental subsidies for bread. Bread prices have increased more than fourfold since last year. The situation is compounded because of the repercussions from the Beirut port explosion; Lebanon’s import capacity has decreased by 60%, and damage caused by the port explosion reduced grain storage capacity by 100,000 metric tons. By August 2022, there are increased reports of Bread shortages and long queues for bread at bakeries are increasing violence against Syrian refugees.
In Syria, wheat production in 2022 is 75% less than pre-crisis production levels, because of a combination of dry weather conditions, conflict damages to the irrigation system, and a deteriorated economy due to the protracted crisis that has resulted in the devaluation of the Syrian pound, and in trun, increased prices of fuel and agricultural inputs. 
Despite the UN facilitated grain deal in late July allowing security guarantees by Russia for Ukraine to export wheat and stabilise global food prices, there remains a risk that Russia may still withdraw from the deal to apply political pressure in support of its invasion.

UPDATE: the risk has materialised but mainly due to compounding risks and deteriorating socio-economic trends and not exclusively because of disruptions of imports 

","- Increased prices of bread and other main food items (in both countries)
- Deeper socioeconomic crisis (in both countries)
- Increased violence and discrimination against Syrian refugees and other minorities
-Returns of refugees from Lebanon to Syria 
- Drought conditions in Syria
- reliance (of both countries) on wheat imports, amongst other staples, from Russia and Ukraine
- increased poverty levels in Lebanon",">500,000",4,"Years of conflict, political tensions, and displacement as a result of 10 years of war in Syria and the socioeconomic crisis in Lebanon since 2019 have deepened or generated humanitarian needs in both countries. In Lebanon the most economically vulnerable and the displaced population would be the most impacted by the risk",5,Medium,Medium,Materialised,2024-06-13
R0328,"['Poland', 'Ukraine', 'Slovakia', 'Romania', 'Moldova', 'Hungary', 'Austria', 'Portugal', 'Germany', 'Sweden', 'France', 'Slovenia', 'Spain', 'Czech Republic', 'Netherlands', 'Israel', 'Monaco', 'United Arab Emirates', 'Russia']","['POL', 'UKR', 'SVK', 'ROU', 'MDA', 'HUN', 'AUT', 'PRT', 'DEU', 'SWE', 'FRA', 'SVN', 'ESP', 'CZE', 'NLD', 'ISR', 'MCO', 'ARE', 'RUS']",Ukrainians fleeing the war face human trafficking and protection concerns when displacing within the country and internationally because of the presence of smuggling and human trafficking networks ,"['SVK002', 'ROU002', 'MDA002', 'HUN002', 'RUS002']",Regional,New emerging risk,2022-03-15,2024-06-13T13:54:13.000Z,,,"Conflict re-escalation in Ukraine since 24 February 2022 has forced over 6 million people to leave their homes and seek safety in neighbouring countries, including Poland, Romania, Hungary, Slovakia, Moldova, and Russia. Russia does not fully meet the minimum international requirements to end human trafficking and Ukrainians forcibly displaced into Russia are particularly vulnerable to trafficking.

Additionally, almost 6 million people were estimated to be internally displaced, with 3.6 million still displaced in early 2024. Human traffickers have in the past targeted IDPs in the Russian controlled areas in Ukraine, and subjected some to forced labor, forced conscription, and sexual exploitation including through kidnapping and torture. This likely worsened after the full-scale Russian invasion and consequent increased number of displacements.

Human trafficking and protection risks are a significant concern during the time of displacements. Women and children are the vast majority of displaced people and can be exposed to abduction, detention, lack of access to services, sexual abuse, forced labour, and torture.

Incidents of human trafficking of Ukrainian refugees and displaced people continue to be reported. Suspected human trafficking cases have been investigated or recorded in the EU, with suspected cases included trafficking in people for sexual exploitation, labour exploitation and illegal surrogacy. There were also human trafficking cases investigated in Ukraine.

The 2022 Global report on trafficking in persons estimated that the share of Ukrainian victims among all detected victims of human trafficking in the EU would rise. ILO acknowledges the risk of human trafficking and has been implementing awareness raising measures among IDPs in Ukraine, refugees in Moldova, employers and employment services. 1 in 100 female refugees from Ukraine received proposals to work in the sex industry, 1 in 50 received requests for sexual favours and 1 in 500 suffered sexual violence. 

Incidents of forced labour and forced conscriptions continue to be reported in the Russian controlled areas in Ukraine since the full-scale Russian invasion in 2022. 

","Russian - Ukrainian conflict
Presence of human trafficking networks 
",">500,000",4,"Women and children are very likely to be most affected. 
The coping capacity is supports to Poland.

Update 4 April 2023:
The particularly vulnerable groups are: Women, girls, children, people not eligible to or not able to access Temporary Protection, the elderly, LGBT, Roma, as well as survivors of domestic violence.

People who experience acute economic needs, are cut off from support networks, or reach incomplete or false information during travel are particularly exposed to forced labour and sex trafficking. 

Coping capacity of EU countries is assessed relatively positively by UNODC, whereas LaStrada & the Freedom Fund point to gaps in the anti-trafficking response, including limited governments' capacity to adopt anti-trafficking measures proportionate to the scale of the crisis, uncoordinated information, insufficient response coordination and other.",5,High,High,Materialised,2024-06-13
R0329,['Haiti'],['HTI'],"Food insecurity escalates as a result of natural disasters, territorial control by criminal gangs, rising prices, and declining imports. The most affected population is children under the age of five. Gang violence affects the health, sanitation care, and food aid of this population.",['HTI001'],National,Marked deterioration in an existing crisis,2022-03-25,2024-06-13T13:54:13.000Z,,,"The impact of continuing natural disasters, increased territorial control by gangs, rising prices and declining imports will increase the number of food insecure people in Haiti. Between March and June these conditions could increase the number of hungry people to 4.5 million, of which 1.3 million would be in IPC Phase 4. 
The war in Ukraine could be a trigger for higher prices and reduced imports. Haiti is mainly dependent on food imports, so its decline will increase the number of food insecure people to 4.6 million after June. Approximately 20 per cent of children under the age of five in Cité Soleil are suffering from severe or moderate acute malnutrition, five percentage points above the emergency threshold. If violence continues, these figures may continue to grow. ","- Natural disasters, territorial control by gangs, rising prices and declining imports could increase food insecurity in Haiti. 
- The war in Ukraine could be a trigger for higher prices and reduced imports. 
- Haiti is mainly dependent on imports, so a decrease in imports reduces food access, availability and stability. ",">500,000","3
","The food crisis already underway in Haiti has been one of the main focuses of the work of humanitarian organisations and governments in other countries. Ongoing natural disasters affect harvests and reduce food stability. The limited access to humanitarian aid and the decrease in imports makes it difficult to address this crisis, increases prices, decreases access and availability of food.",3,High,High,Materialised,2024-06-13
R0330,['South Sudan'],['SSD'],"Non-adherence to the 2018 peace agreement and clashes between the SPLM/A-IO and SSPDF forces throughout South Sudan lead to displacement, increased humanitarian needs, and increased humanitarian access constraints.",['SSD001'],National,Marked deterioration in an existing crisis,2022-03-29,2024-06-13T13:54:13.000Z,,,"There is a possibility that the 2018 peace agreement could collapse due to renewed hostilities between principal signatories. This is after the SPLM/A-IO (South Sudan People's Liberation Movement/Army-In Opposition), a principal signatory to the peace deal, declared it had pulled out from talks to form a unified national army, following repeated military attacks by SSPDF forces on the group’s military bases in parts of Upper Nile state.
Tension between the peace deal signatories escalated, with security forces also deployed to cordon off First Vice-President Riek Machar's residence in Juba from 26 to 28 March. 
Humanitarian impact: increased levels of internal/ international displacement and elevated humanitarian needs across all sectors for the 8.3 million people currently in need. 
This risk did not materialize. After mediation by various regional bodies, including IGAD and the AU, tensions were de-escalated and both parties agreed to form a unified army.
","-Attacks initiated by SSPDF on SPLM/A-IO in Unity and Upper Nile States in March 2022
-Withdrawal of SPLM/A-IO from talks to form unified security forces in accordance with the 2018 peace agreement
-Temporary deployment of security forces to First Vice President Riek Machar's residence in Juba from 26 to 28 March",">500,000",4,"The South Sudanese population has high pre-existing vulnerabilities due to the impact of years of conflict, high poverty rates, inadequate access to social services and seasonal flooding.",4,Medium,Medium,Not materialised,2024-06-13
R0332,['Sri Lanka'],['LKA'],"The depletion of foreign currency reserves and economic decline affect people's access to basic goods and services and livelihoods, leading to humanitarian needs among the most vulnerable.",,National,New emerging risk,2022-03-30,2024-06-13T13:54:16.000Z,,,"Sri Lanka foreign currency reserves are down by 70% since January 2020 at the start of the COVID-19 pandemic.  Sri Lanka’s economic crisis started even before the pandemic, and in March 2022 has already resulted in an acute shortage of essential supplies like food, medicine, milk powder, cooking gas and fuel, and a secondary impact lack of electricity. Current foreign currency reserves as at late March 2022 can cover the national demand of basic goods enough for about a month only. Sri Lanka is getting loans from with India and China to solve current crisis, and is in talks with IMF, however Sri Lanka's debt cycle is unsustainable, and requires restructuring, otherwise, Sri Lanka risks developing a humanitarian crisis.

On 1 April, protestors tried to storm the presidential residence. The president declared a state of emergency and a curfew for 36 hours. On 4 April, all the ministers submitted letters of resignation.

OCHA has pointed out that 5.7 million people are in need in June 2022.","- If the government does not restructure its debt repayment scheme, the economic crisis will continue.

- The economic crisis will continue to affect availability of basic goods.

- Shortages and increasing prices of basic goods have already resulted in reduced access to food, fuel, electricity, medicines, basic services, and livelihoods, including those that rely on tourism. 

-  Lack of access to basic goods, livelihoods, and basic services develop the needs into humanitarian needs for the most vulnerable groups.

",">500,000",3,"poverty-affected (vulnerable) groups, particularly the elderly and those living in rural areas",3,Medium,Medium,Materialised,2024-06-13
R0334,['Egypt'],['EGY'],"The impact of the war in Ukraine on global food and oil prices contributes to a worsening economy and social instability in Egypt, leading to police response to increased demonstrations.",,National,New emerging risk,2022-04-11,2024-06-13T13:54:21.000Z,,,"The impact of the war in Ukraine on Egypt’s economy will likely cause further depreciation of the Egyptian pound, reduce purchasing power, and trigger social instability and demonstrations.

The war in Ukraine and the global increase of prices of grains and fuel contributed to worsening the economic situation in Egypt and increased government spending. Meanwhile, revenues from tourism were affected because Ukrainians and Russians are among the most nationalities of tourists in Egypt. Egypt had to seek financial support from the IMF, which it had obtained in October. Following the agreement with the IMF, the Egyptian pound depreciated by 14.5% against the US dollar and interest rates were raised by 200 points on 27 October. People have called for mass protests on 11 November over worsening economic conditions. The Egyptian authorities detained dozens of people who called for demonstrations, particularly in Cairo and Giza, which will likely increase the likelihood of social instability in the country. 
As at December 2023, inflation rates are still high, despite showing a slight improvement in November and December. However, there has been no social tensions or clashes with police forces reported due to the impact of the war in Ukraine. 

Context: Russia and Ukraine are major countries producing and exporting cereals and vegetable oils. The Ukraine crisis is causing an increase of food and energy prices and putting additional people at risk of food insecurity over the next six months. Over 69% of the wheat in Egypt comes from Russia and Ukraine, the conflict led to block shipments from the Black Sea or disrupted the agriculture process. The government announced boundaries for the bread prices due to increasing its prices.
","Russian - Ukrainian conflict
Depreciation of the Egyptian pound
Reduced purchasing power
Arbitrary detention of demonstrators",">500,000","2
",People have medium coping capacity in Egypt since there is no active conflict affecting people or a severe food insecurity crisis. ,3,Low,Medium,Not materialised,2024-06-13
R0335,['Morocco'],['MAR'],"Drought across Morocco leads to water shortages, decreased agriculture production, and increased food and vegetable prices ",,National,New emerging risk,2022-04-11,2024-06-13T13:54:22.000Z,,,"In 2022, Morocco faced the most acute drought in 40 years because of climate change. The country received little rain that year, 64% less than the standard, and authorities announced reserving only 11% of what they would save in an average year. The most affected cities were Marrakesh and Oujda. The Government supported the agricultural sector with EUR 1 billion (over USD 1 billion) to address the problem. In Morocco, agriculture is the biggest employer, accounting for 17% of output in 2021.",Drought,">500,000","2
",Farmers and people under the poverty line are vulnerable to agricultural disruptions and increased commodity prices.,3,Medium,Medium,Not materialised,2024-06-13
R0336,"['Algeria', 'Spain', 'Western Sahara', 'Morocco']","['DZA', 'ESP', 'ESH', 'MAR']","As a response to Spain changing its positions towards Western Sahara, more departures to Europe departing from Algeria are possible, increasing the protection risks for migrants on the move.","['DZA003', 'REG008']",Regional,New emerging risk,2022-04-11,2024-06-13T13:54:24.000Z,,,"On March 2022, Spain had changed her policy for Western Sahara conflict to side with Morocco. Spain receives about 40 percent of its gas from Algeria that could be at risk. Although, Algeria seen as unlikely to use gas as pressure point in Spain. More departures could be allowed from Algeria without proper checks. Migrants attempting to cross to Europe by sea are often face protection related risks and lack of safety during the journey. Need for multi-sectoral assistance is also expected upon arrival. ",Spain had changed its position towards the Western Sahara conflict to side with Morocco.,"20,000-100,000",2,Protection risks for migrants crossing at sea,2,Low,Medium,Not materialised,2024-06-13
R0338,['Nigeria'],['NGA'],Electoral violence throughout Nigeria results in protection concerns,['NGA001'],National,New emerging risk,2022-04-21,2024-06-13T13:54:24.000Z,,,"Electoral violence has featured in most Nigerian elections since 1999, keeping the period between campaigns till elections highly volatile. During the September 2022 to March 2023 electoral period, some influential leaders started engaging in hate speech, leading to tensions and the possibility of violence and human rights violation, including extrajudicial killings by armed forces and groups. In the 12 months leading up to the elections held in February and March, ACLED recorded at least 200 violent incidents involving party members and supporters, resulting in nearly 100 fatalities. Unarmed civilians were the most targeted group. The risk of violence was higher in Rivers and Kano states, which had strategic electoral significance. ","- 2022–2023 election season
- Past episodes of electoral violence in the country
- Hate speech around the elections/candidates 
","<20,000",1,"The population of northern Nigeria has higher poverty rates and lower literacy levels compared to other regions in the country, leading to vulnerability.",1,Medium,Medium,Materialised,2024-06-13
R0343,['Moldova'],['MDA'],Russian interference escalating violence in Moldova results in security concerns and disrupts access to services and humanitarian aid,['MDA002'],Subnational,New emerging risk,2022-05-11,2024-06-13T13:54:24.000Z,,https://www.acaps.org/fileadmin/Data_Product/Main_media/20230323_acaps_global_risk_analysis_report_march_2023_update.pdf,"Anti-government protests attended by thousands of people began in Moldova in September 2022 and continued into early 2023. The protests were organised by the Sor (pro-Russia) political party, allegedly with funding from Russia. Russia likely aims to further the social tensions and political instability in Moldova. It is likely that attacks led by pro-Russian, including from Transnistria, will lead to flare up of clashes and increase humanitarian needs. The armed conflict in 1992 had led to the deaths of hundreds of people and the displacement of tens of thousands before reaching a ceasefire.

The protests are happening in a period of socio-economic distress for the country. This was caused by the negative economic impact of the COVID-19 pandemic, the effects of 2020 drought, and the Russian full-scale invasion in Ukraine, including the refugee influx in 2022. These have been compounded by an energy crisis, after a 30% reduction of gas supply by Russia in October 2022, which reached 50% by end of 2022. Energy costs are affecting poor households, particularly those in rural areas. The inflation rate in December 2022 reached 30%, up from 14% during the same period in 2021. Both the Moldovan and refugee populations have been affected by economic hardship and became more reliant on governmental and international support. Ukrainian refugees
continue to arrive in the country, with almost 110,000 present as at mid-March 2023, up from 90,000 in October 2022.

Update: despite Russian attempts to destabilize Moldova, this risk has not materialised in 2023, however factors such as ongoing Russian military presence in the Moldovan Transistria region, and continued Russian interference in Moldova remain relevant in the future, particularly as Moldova achieved open accession negotiations with EU in December 2023, and will be holding presidential elections in late 2024.




","- Regional tensions following the Russian invasion of Ukraine
- Increasing protests by Sor (pro-Russian) political party
- Flare up of clashes between Moldova and Transnistria
","20,000-100,000",3,Displaced people and host communities are very likely to be most affected. Owners of small business and unemployed youth will likely be affected by additional impacts on economy.,3,Medium,Medium,Not materialised,2024-06-13
R0345,"[""Côte d'Ivoire"", 'Benin', 'Togo', 'Ghana']","['CIV', 'BEN', 'TGO', 'GHA']","The expansion of armed groups from central Sahel to coastal countries (Benin, Côte d’Ivoire, Ghana, and Togo) leads to displacement and increased food insecurity.",,Regional,New emerging risk,2022-05-16,2024-06-13T13:54:24.000Z,,,"This risk is materialising at a slow pace. A progressive deterioration of the security situation in the northern regions of West African coastal countries is observed. Between October 2022 and January 2023, more than 73 violent incidents involving mostly non-state armed groups have been reported in the northern regions of Benin, Côte d’Ivoire, Ghana, and Togo. On the same period in 2022, around 30 incidents were reported. These incidents included attacks on civilians and security forces, kidnappings, the destruction of property, and the use of improvised explosive devices. Benin is the country recording the highest number of attacks by armed groups, followed by Togo. In Côte d’Ivoire and Ghana, the attacks are on a smaller scale given a still-low presence of armed groups, but these are becoming more regular. 
The violence has started to trigger internal displacement in Benin and Togo. In Benin, at least 1,200 IDPs have been reported in the department of Atakora, while in Togo, more than 2,200 IDPs are registered in the region of Savanes.  Armed group activity in the northern regions of Benin, Côte d’Ivoire, Ghana, and Togo has not seemed to affect food insecurity levels, as the number of food-insecure people remained stable between October–December 2022 compared to the same period in 2021.
","Advance of armed groups from the Sahel to the south, multiplication of attacks by armed groups in the Gulf of Guinea countries","<20,000",3,The violence would mainly affect rural populations who live mainly from herding and agriculture. Thousands of people would lose their livelihoods.,3,Low,Medium,Active,2024-06-13
R0349,['Haiti'],['HTI'],"Election delays contribute to popular unrest and violence in the capital before spilling into surrounding rural areas, causing delays in the delivery of food aid.",['HTI001'],Subnational,New emerging risk,2016-04-28,2024-06-13T13:54:24.000Z,2016-04-28,,"Early 2016 elections, marked by controversy, laid the groundwork for violent unrest in the capital's region. Once the initial deadline for elections passed in April, unrest intensified. ",Food security that 1.5 million already face will likely grow as food aid deliverance is impeded by access constriction caused by the violence in response to delayed elections. ,">500,000",3,,3,Medium,Medium,Materialised,2024-06-13
R0350,['Philippines'],['PHL'],Increased attacks on civilians by armed groups in Mindanao with alleged ties to Islamic groups result in displacements ,,Subnational,Marked deterioration in an existing crisis,2016-04-28,2024-06-13T13:54:24.000Z,2016-04-28,,"Several small Islamist armed groups have launched attacks that have displaced 66,000 people, and the Filipino Government has failed to decisively act against the groups because of the attention and further displacement a large-scale offensive would cause.","- Bomb attacks, assassinations, and abductions, which may increase if reported plans materialise, threatening to displace even more people in the region","20,000-100,000",,,,,,Materialised,2024-06-13
R0351,['Timor Leste'],['TLS'],Poor harvest yields in Timor Leste heighten food insecurity for vulnerable people facing drought impacts,,Subnational,Marked deterioration in an existing crisis,2016-04-28,2024-06-13T13:54:24.000Z,2016-04-28,,"Of the 400,000 drought-affected people in Timor Leste, over a quarter require assistance to access sanitation, water, food, health, livelihood, and education because of drought-worsened conditions. High underlying vulnerability, low government capacity, and insufficient international support are likely to aggravate an already deteriorating situation. ",- Projected impacts of failed harvests on food availability and prices ,">500,000",,,4,Medium,Medium,,2024-06-13
R0353,['Afghanistan'],['AFG'],"Taliban attacks on provincial capitals lead to civil war violence levels, resulting in humanitarian needs for the affected population.",['AFG001'],Subnational,New emerging risk,2016-04-28,2024-06-13T13:54:24.000Z,2016-04-28,,"The Afghan government claims to be in a strategic retreat in several Helmand districts, though it is disputed that this is a full scale retreat. Strategic government districts in the province are under attack by the Taliban from several sides. ","Taliban has escalated ""proxy war"" with the Afghan government by gaining control of 4 strategic points in Kunduz province capital, a district in Baghlan, and 5 districts in Helmand.

*Update From May 2022: New estimates indicate that Afghan government is only in control of 2/3 of country's territory.

PAST updates:

*Update May 6th 2016* Heavy fighting between Afghan gov and Taliban for control of road linking Kabul to Uruzgan/Helmand provinces reported. Taliban seeking to isolate and control those regions.

*Update May 12th 2016* Afghan president orders military scale-up, reducing hope for peace. Heavy fighting as the government executes Taliban prisoners and fighting grows. ","<20,000",,,,,,Not materialised,2024-06-13
R0354,['Afghanistan'],['AFG'],"There is increased violence against civilians, especially among the Hazaras in the Shiite ethnic minority.",['AFG001'],Subnational,New emerging risk,2016-06-09,2024-06-13T13:54:24.000Z,2016-06-09,,"New increases in violence on the basis of gender, sexual, and ethnic dynamics raise concerns about the safety of vulnerable groups in the face of arbitrary killings.","The end of May and beginning of June saw spikes in attacks on minorities in Kabul, Kunduz, Logar, and Sa-e Pul provinces. 30 people were killed and 17 Hazara were kidnapped. ",,,,,,,Materialised,2024-06-13
R0355,['Afghanistan'],['AFG'],The large number of unassisted returnees from Pakistan and Iran during winter do not have access to necessary support.,['AFG001'],Subnational,New emerging risk,2016-11-14,2024-06-13T13:54:24.000Z,2016-11-14,,"Despite the suspension of UNHCR-facilitated refugee returns from Pakistan and Iran, over a million Afghan refugees returned to Afghanistan in 2016 and the trend is not likely to stop despite the harsh winter months. Returnees are likely to be affected by violence involving the Taliban and ISIS. ","Returnees, which require adequate shelter to prevent overcrowding and not strain host families/communities, also are likely to struggle with food insecurity (exacerbated by ongoing violence) and access to sanitary facilities to prevent the spread of disease.",">500,000",,,,High,High,Not materialised,2024-06-13
R0357,['Syria'],['SYR'],Türkiye's military incursion into northern Syria triggered by the nearing general elections results in the displacement of people from areas of conflict.,['SYR001'],Subnational,New emerging risk,2022-05-31,2024-06-13T13:54:24.000Z,,,"In May 2022, Türkiye announced that it plans to continue its 30km military incursion into northern Syria, along the border, as part of its regional conflict against Kurdish armed groups that considers part of PKK network. Türkiye also announced plans to move 1 million Syrians back to Syria. This is a renewed rhetoric from similar statements in October 2021.

On 1 June, President Erdogan confirmed some of the areas that will be targeted sometime in the future when the military operation takes place: Tal Rifat and Manbij cities. He added that once these cities are under control, the forces will move to other areas, which means Kobani and the areas north of M4 route are likely to be targeted in the military offensive. Türkiye would seek to link the two separated areas under its control in northeast Syria.

Displacement and protection concerns are likely for the civilians living in the area. The estimated population of Tal Rifaat, Manbij (450,000), and Kobani is over 500,000.

The probability of an offensive was still low in June, with no significant military deployment at the border. The Turkish military plan has been opposed by the US, Russia and Iran., the Syrian government, and the de facto Kurdish authorities in the north, and is only backed by the Syrian armed groups that Turkey supports. 

In August, Turkiye announced that it is in the last stage of preparations for the military incursion into northern Syria. In the same month, the Turkish president hinted at readiness to contact the Syrian government. By late September, it became known that the Turkish intelligence chief held multiple meetings with the Syrian counterpart in Damascus, likely because of Russian mediation. 

In November an explosion hit the center of Istanbul, killing six and wounded 81 people. Turkish authority blamed the PKK/YPG in Northwest Syria for the explosion and is said the commands for the attack came from Kobane city, a Kurdish stronghold in Northwest Syria.

In the event of an incursion, there is also a low yet existing possibility of ISIS taking advantage of the conflict escalation to increase attacks across northern Syria, with the SDF being focused on fighting against the Turkish military.

Inflation rate has reached over 80% in October 2022, the highest in 24 years. High inflation and the economic crisis is the main challenge for the ruling party in next year's election. In early October, Erdogan renewed his pledge to send one million Syrians back to Syria at the Parliament. As the economic crisis deteriorates and opposition parties in Turkiye regularly call for Syrians to return to Syria, the issue is increasingly likely to shape the upcoming election season. 
","- On 13 November 2022 an explosion that killed six and wounded 81 people in central Istanbul took place. Turkish authority is blaming the PKK/YPG in northwest Syria for the explosion. The Turkish authority is saying the commands for the attack came from Kobani city, a Kurdish stronghold in Northwest Syria.

- Turkiye has long planned to continue its military incursion in northern Syria. In July, Turkish president said that Turkiye plans to conduct an operation in Syria as long as threat remains.

- Turkiye has long planned to continue its military incursion in northern Syria. . In July, Turkish president said that Turkiye plans to conduct an operation in Syria as long as threat remains. However, the previous plans may have been triggered by the Russian invasion in Ukraine, with Russia being a main international actor in Syria distracted by its invasion in Ukraine.

- Turkish economic hardship: the government seeks support through military operations and promising returns of 1 million Syrian refugees.

- The Turkish general elections will take place in June 2023, and the military incursion could take place in the period leading to the elections, to boost support for Erdogan, particularly as the Turkish economy continues to face hardship

- Anti-Syrian refugee sentiment has become mainstream, and popular demand for Syrians to return may shape the upcoming elections, and possibly trigger the military incursion.

- Inflation rate has reached over 80% in October 2022.",">500,000",3,"Kurds, and other minorities who are at risk of abuse by Turkish-backed armed groups. Women, children, elderly are most vulnerable in times of conflict and displacement",4,Medium,Medium,Not materialised,2024-06-13
R0358,['Madagascar'],['MDG'],Possible social unrest following elections in university students’ associations causes delays in recovery after the cyclone season and further deteriorates food insecurity levels and increase humanitarian access constraints.,['MDG001'],National,New emerging risk,2022-06-06,2024-07-12T08:46:51.000Z,,,"Rational: 
Strikes in Madagascar's universities (the University of Antananarivo and at the Ecole Normale Supérieure (ENS)) has been ongoing since at least the beginning of March. On 11 May, the teacher-researcher union announced an endless strike and the University of Antananarivo also announced an endless strike on 17 May. Demands include a timely payment of salaries for staff and grants for students. Also, they are objecting to a decision by the High Court regarding the autonomy of universities. 

Election of the members of the MAFAMI association national office are scheduled for 23 July on the campuses of the major universities where the members of the association are located. Clashes with police forces are likely, and it can lead to social unrest at a time when the country is still recovering from a severe cyclone season and a worsening drought situation in southern and eastern areas. 

Access constraints facing aid delivery and humanitarian convoys moving aid from the northern to southern areas may increase. Main roads connecting northern to southern areas are still damaged from the cyclones, and social unrest events may further delay rehabilitation of roads. In addition, many agricultural fields were damaged or flooded, and the threat of a locus invasion spreading to remaining crops is high. As at 16 May, significant invasions of locusts were affecting some regions of Madagascar, such as Boeny (northwestern) and Menabe (west). Some rice fields were attacked by the swarms.

Through March 2023, projections indicate that 380,000 more people will likely face Crisis or worse food insecurity levels (IPC Phase 3 or above)

Background:
The MAFAMI stands for: Mpianatra Ambaratonga Ambony-mpiasa-mpandraharaha avy amin'ny Faritanin' Antananarivo which is a students' association. Historically, there has always been tensions between the Mafami (from Antananarivo) and Bamami (from Ambatondrazaka). 

Between April 1971 and May 1972, major strikes by university students and teacher and farmers (referred to as Rotaka) led to the collapse of the First Republic of Madagascar under President Philibert Tsiranana.

In general, strikes and clashes at universities are common in Madagascar. In February 2021, one person died, and several others were injured after security forces reported use of live ammunition to disperse demonstrators at the University of Taomasina. Protesting students were also calling for the payment of up to four months of educational allowances.
","1. Violence after elections of university students’ association.
2. Spreading of locust invasion.
3. Increased humanitarian access constraints.
4. Delays in rehabilitation of main roads because of social unrest.","250,000-500,000",5,"Between 60–70% of households in the Grand Sud employ emergency livelihood coping strategies, such as selling houses or land, practising illegal or risky activities, migrating to urban centres, and begging. In Ambovombe and Tsihombe districts in Androy region and Amboasary Atsimo and Taolagnaro districts in Anosy region, more than 10% of households have already exhausted their emergency coping strategies. (For more info: check ACAPS report: https://reliefweb.int/report/madagascar/madagascar-food-insecurity-crisis-grand-sud-regions#:~:text=CRISIS%20OVERVIEW,16%2F01%2F2022).
",2,Low,Medium,Not materialised,2024-07-12
R0364,['Indonesia'],['IDN'],"New administrative divisions in Papua and West Papua provinces lead to more protests and violence and increase tensions among ethnic groups, resulting in displacement and aggravating the humanitarian conditions of IDPs",['IDN002'],Subnational,New emerging risk,2022-06-16,2024-06-13T13:54:24.000Z,,,"Rationale:
Indonesia’s Papua and West Papua provinces has long been suffering from armed activity, ethnic tensions, and human rights violations.

Although from a technocratic point of view, dividing the provinces into smaller, more manageable administrative zones could promote good governance and enhance development, many Papuans view this action as a move to “exploit regional political divides instead of addressing human rights abuses and the marginalisation of indigenous Papuans” and to gain control of the natural resources of the regions.

The creation of new autonomous provinces could cause indigenous Papuans to be increasingly marginalised due to massive transmigration of residents from outside the provinces; it has also been reported that such divisions of administrative areas did not address  issues such as malnutrition and poor health services.

In March 2022, protests were held in Yahukimo regency against a government move to create new provinces; security forces killed two people and wounded several more when they fired into a crowd of hundreds of protesters.

Public opinion is split along ethnic-regional fault lines in regards to the creation of new provinces . Papuans living in the central highlands—the mountainous region stretching from Nabire regency to Pegunungan Bintang—are considerably against the creation of new provinces. On the other hand, Papuans living in coastal regencies have long wanted to have their own provinces. The division is also touted not to mitigate the conflict situation in Papua and West Papua.

The establishment of new provinces would require enhancement of military presence such as setting up more military posts. This could increase the conflict with separatists in the Papua and West Papua provinces. 

Updates: 
The risk has materialised.

In December 2022, the Government of Indonesia went ahead with the division of West Papua province into West Papua and Southwest Papua provinces. 

Protests and riots in reaction to social and political issues, such as disputes and human rights violations, increased in 2023 compared to 2022 and 2021 in West Papua territory (also known as Western New Guinea) with related fatalities also significantly increasing.

The West Papua National Liberation Army (TPNPB) has continued their separatist activities and engaged in low intensity armed conflict with the Indonesian security forces since the risk was introduced in 2022 (as at 16 February). Number of battles and related fatalities doubled in 2023 compared to 2022, and the trend has continued in 2024 (as at 16 February 2024). The kidnapping of a New Zealand pilot by the TPNPB in February 2023 preceded the Indonesian military operations in West Papua territory resulting in confrontations between the two forces and deaths of Indonesian soldiers. 

Incidents relating to violence against civilians have significantly increased in 2023 compared to the previous three years, which has heightened protection concerns among the civilians in the region. Entities involved conducting such incidents comprise the Indonesian security forces, TPNPB, and unidentified armed groups. 

The Indonesian security forces intensified operations in conflict hotspots in West Papua territory, including the reported raids of villages from April–June 2023 and in February 2024, that resulted in civilian deaths and internal displacement, with some people fleeing into the forest. From late 2022 to late 2023, the reported number of IDPs increased by more than 15,000 to around 76,000 as per a human rights watchdog. The IDPs need food, adequate shelter, healthcare support, education, and WASH services. Many IDPs reside in the forest where access to basic services are very limited. The presence of the Indonesian military in public facilities in West Papua territory, such as schools, health facilities, and churches, has also limited the access of indigenous Papuans to services. 

Authorities bolstered security across some of the newly formed provinces in the West Papua territory in the prevision of the general elections on 14 February 2024. It was anticipated that it would heighten tensions in West Papua territory in the weeks leading up to and during the elections. However, no significant electoral-related security incidents were reported. ","-The proposal to divide Papua province and West Papua province into five provinces and consequent creation of these.
-Establishment of new government apparatus, 
-Enhancement of military presence","20,000-100,000",3,"The entire population of the Papua and West Papua provinces are vulnerable to conflict due to the creation of new provinces.

These two provinces are the poorest in Indonesia with chronic poverty levels of around 38% and 61% for West Papua and Papua, respectively (The Borgen Project accessed 15/06/2022; Purwono et al. 09/2021).

IDPs (estimated to be around 100,000) are the most vulnerable as further tensions and conflict would prevent their return to homes. They have fled to the forests where they are exposed to the harsh climate in the highlands without access to food, healthcare, and education facilities. Humanitarian agencies also lack access to the Papua and West Papua provinces; reports also say that humanitarian aid to displaced Papuans has been obstructed by the authorities (UN 01/03.2022). ",3,Medium,Medium,Materialised,2024-06-13
R0365,"['DRC', 'Rwanda']","['COD', 'RWA']","The expansion of the areas under the control of the March 23 Movement (M23) in Nord-Kivu causes increased violence targeting Rwandophone communities, resulting in displacement and protection needs.",['COD001'],Regional,New emerging risk,2022-06-20,2024-06-13T13:54:24.000Z,,,"Since the resurgence of the M23 in November 2021, tensions have intensified between the DRC and Rwanda, which accuse each other of supporting rival armed groups in North Kivu province. Demonstrations by civil society organisations have taken place in several provinces of the country since May 2022 to support the Congolese army, demand a more offensive attitude from the East Africa regional force towards the M23, or even express their hostility towards Rwanda. These demonstrations often turn into attacks against people and their property because of their presumed Rwandan origins or proximity to the M23. 
Since January 2022, riots or attacks by armed groups targeting people of Rwandan origin have killed at least 12 people. These attacks have intensified since June 2022 in Maniema, North Kivu, and South Kivu provinces, shortly after the M23 took over the border town of Bunagana. In February 2022, demonstrations against the regional force’s lack of action escalated into the destruction and looting of shops believed to be Tutsi-owned. Churches were also ransacked on the grounds that they were mainly frequented by the Banyamulenge community (descendants of Rwandans). Because of the inability of the regional force, MONUSCO, and the Congolese army to curb the advances of the M23, violence against Rwandophone communities is likely to increase. 
In addition, these communities are increasingly being accused of sympathy for the M23. Some of them claim to have been threatened and beaten by Congolese troops or armed groups and militias fighting the M23 in Kitshanga (Masisi territory), forcing them to flee to other localities and hide. A ceasefire expected to start on 7 March 2023 and supposed to be implemented by the M23 was announced by the President of Angola, which is currently mediating peace efforts between the DRC, Rwanda, and the M23. That said, the ceasefire seems unlikely to lead to the M23 withdrawing from the controlled areas or to a decrease in the intensity of the anti-Rwandan sentiments in the DRC. While the ceasefire is supposed to have taken effect, clashes between the Congolese army and the M23 still continue, and both sides accuse each other of launching attacks on their positions.

The expansion of the area under M23 control is likely to cause an increase in retaliatory attacks against Rwandophone communities across the country. The property of many people from these communities will likely be destroyed or looted in the demonstrations that follow M23 advances. With the context of the tension between the Governments of the DRC and Rwanda being conducive to the expression of hostile feelings against the latter, some civil society members will continue to maintain a discourse of hatred against Rwandophone communities. Incidents involving armed groups and militias fighting the M23 and conflating ethnicity and ideological support are also likely to increase. 
Although not the whole country subscribes to such stigmatisation, and certain civil society organisations continue to defend Rwan dophones, such as Association jeunes Tutsi au Nord-Kivu and the Archidiocese of Kinshasa, the security of the latter will likely be increasingly threatened, particularly in areas where armed groups fighting the M23 are active. Many protesters will consider members of Rwandophone communities as foreigners and threaten them into returning to Rwanda. The announcement of the Rwandan President to no longer host Congolese refugees, without giving more details, risks further reducing the options of those who wish to find refuge in Rwanda. As a result, new IDPs (both Rwandophone and not) within the DRC will be added to the thousands already displaced by the resurgence of the M23, with critical needs for protection, health, livelihoods, and shelter.

Update 22/06/2023
Hostilities against Tutsi communities have persisted since the DRC government accused Rwanda of supporting M23. In April 2023, in Goma, Bukavu, Nyagenzi and Uvira, in eastern Congo, groups of young people threatened and beat Banyamulenge – Congolese Tutsi from South Kivu province – and temporarily refused them access to enrolment centres because of their ethnicity. Recent sources report an escalation of misinformation, xenophobia, hate speech and incitement to discrimination and violence, targeting in particular Tutsi/Banyarwanda and other people of Rwandan origin or presumed to be Rwandan.","Attacks by M23, alleged support of Rwanda to the M23, violent protests against Rwanda, physical attacks against Rwandan citizens","<20,000",1,The violence would mainly affect Rwandans living in the DRC who would be forced to find refuge in their country.,2,Low,Medium,Active,2024-06-13
R0367,['Syria'],['SYR'],"The government offensive in Deir-ez-Zor city results in displacement and damage to critical infrastructure, generating WASH needs.",['SYR001'],Subnational,New emerging risk,2016-04-05,2024-06-13T13:54:24.000Z,,,"Up to 100,000 people likely to be displaced by strikes, as well as increases in civilian casualties and destruction of water/sanitation infrastructure. ","Government forces have made advances on Deir-ez-Zor in order to disrupt connection between IS territory in Iraq with IS de facto capital in Syria. 
Update: Russian Ambassador to UN announced that it will support offensive with airstrikes","100,000-250,000",,,,,,Not materialised,2024-06-13
R0368,['Ethiopia'],['ETH'],"2016 Risk: Escalation of violence between Oromo and government forces

2016 update: Update: number of Oromo protests and violence against civilians has significantly decreased since March",,Subnational,Marked deterioration in an existing crisis,2016-04-05,2024-06-13T13:54:24.000Z,,,"Oromo population likely to face reduced access to healthcare, aid, and education as government restrictions increase. ",Arbitrary detention and killings likely to increase as government cracks down on Oromo opposition. ,,,,,,,Not materialised,2024-06-13
R0369,['Colombia'],['COL'],An increase in paramilitary and National Liberation Army violence in areas previously held by the Revolutionary Armed Forces of Colombia lead to displacement and access constraints.,['COL001'],Subnational,New emerging risk,2016-04-05,2024-06-13T13:54:24.000Z,,,"Growing number of paramilitaries and clashes is likely to increase displacement, especially among the already marginalized and difficult to reach populations.",Paramilitary forces have occupied areas previously held by FARC since FARC peace talks with government began in 2012. These forces have led to classes with government and other paramilitaries. ,"20,000-100,000",3,,3,Medium,Medium,Materialised,2024-06-13
R0371,['Bangladesh'],['BGD'],"Heavy rains in late August 2022 cause floods that affect previously affected areas, especially in the northeast, and new areas, especially in the southeast, aggravating the humanitarian situation.","['BGD008', 'BGD002']",Subnational,Marked deterioration in an existing crisis,2022-07-20,2024-06-13T13:54:24.000Z,,,"The incessant rains and floodwater flowing downstream from India inundated a significant portion of landmass affecting 15 out of 64 districts in the two months of May and June 2022. 

Heavy rains are expected in the northeast (along with the southeast) again. Bangladesh Meteorological Department has warned of short-term to medium-term floods in the last half of August.

In July 2022, the government told that it was preparing for a flood in August.

This might lead to flooding of previously affected areas (referring to the floods that occurred in May and June 2022) as well as flooding of new areas. Rohingya camps could be affected if the floods hit the southeast.

The result of the floods would result in significant humanitarian needs in the affected areas.

UPDATE: Northeastern Bangladesh has been experiencing heavy pre-monsoon rains, followed by monsoon downpours, since late May 2022. The incessant rains and floodwater flowing downstream from India have inundated a significant portion of landmass. The floods have affected 15 out of 64 districts; the most inundated has been the northeast districts of Habiganj, Moulvibazar, Sunamganj, and Sylhet in Sylhet division and Netrokona in Mymensingh division.  The floods have affected more than seven million people and left 3.4 million in need, with at least 1.5 million facing increased vulnerabilities. 
In early September heavy rains occurred intermittently few days with limited number of flood incidents. ","-Increase in rainfall
-Existing issues such as human intervention destroying the passage of stormwater; recently built roads blocking drainage passages for floods in three Haor regions (wetland ecosystems) in Bangladesh; and poor waste management in Sylhet and Sunamganj districts blocking floodwater discharge will catalyse the floods",">500,000",3,"A significant population in northeast Bangladesh are vulnerable to the floods.

Most vulnerable would be children, women (especially pregnant and lactating mothers), persons with disabilities, farmers, and daily wage, earners,

The existing flood situation has had a significant impact on the livelihoods of people in northeast Bangladesh. ",3,Medium,Medium,Not materialised,2024-06-13
R0372,"['El Salvador', 'Honduras', 'Nicaragua']","['SLV', 'HND', 'NIC']",The number of people experiencing Crisis (IPC Phase 3) food insecurity increase in the dry corridor because of inflation and the seasonal decline of employment in rural areas.,"['SLV001', 'HND001', 'NIC001']",Regional,Marked deterioration in an existing crisis,2022-08-09,2024-06-13T13:54:24.000Z,,,"Inflation has led to a deterioration in the purchasing power of the population, which is now mainly dependent on purchases due to the annual lean season. With the seasonal decline in employment options in rural areas, access to food has been reduced, especially for the poorest households. Thus, in rural areas, stressed conditions (Phase 2, CIP) are expected until September, when the Primera harvest comes out. In the east and the Dry Corridor of Honduras, deteriorating livelihoods and reduced coping capacity from previous shocks will lead to the intensification of strategies that seek to maintain minimum food consumption. Coping strategies include reducing the number of meals per day, increasing the use of credit or food support from third parties, and selling productive assets. By September there will be a higher number of people classified as CPI 3","- Headline inflation continued to rise in all three countries in the region, with the food and non-alcoholic beverages item of the Consumer Price Index showing the most significant increases, negatively impacting access to food.
- Rises in international grain and vegetable oil prices have strongly influenced these dynamics, with an impact on wheat derivatives, animal protein sources and edible oils.
- The Primera crop cycle is fully established, with no reports of significant losses or damage. Although international prices of most fertilisers have started to stabilise, the critical moments for their application have already occurred, so there will be little impact on the amount of grain produced in Primera.
","<20,000","2
","Inflation and declining livelihoods will affect the food security of the population located mainly in the dry corridor of Nicaragua, El Salvador and Honduras. It is estimated that more than 10,000 people live in this area.",2,Medium,Medium,Materialised,2024-06-13
R0373,['Mali'],['MLI'],"Food insecurity and displacement increase as a result of movement restrictions following the expansion of armed groups towards the southern regions of the country (Bamako, Kayes, Koulikoro, Sikasso).",['MLI001'],National,Marked deterioration in an existing crisis,2022-08-11,2024-06-13T13:54:24.000Z,,,"After the north and the centre, a deterioration of the humanitarian situation is expected due to the expansion of armed groups towards the south of the country. After a few rare incursions in recent years, the activity of armed groups in the south of the country is intensifying, causing the closure of several schools, particularly in the regions of Sikasso and Koulikoro. Even though the junta promised a rise in power of the Malian army the day after the departure of the Barkhane force, with the support from the Russian paramilitary company Wagner, attacks by armed groups have multiplied in the country targeting both civilians and Malian troops. The attacks are getting closer and closer to the capital Bamako (one of the past targets has been the Kati military camp, where the leader of the ruling junta lives). They indicate a desire by armed groups to increase their activity in areas where they were not very active before. The number of displaced people has increased in the regions of Bamako, Kayes, Sikasso and Koulikoro as the attacks move towards the south of the country. Besides the already displaced people, who mostly come from the central regions of the country (mainly Mopti), more people will likely displace from the southern regions due to the increase in attacks, further aggravating the humanitarian situation.",Increase of armed groups attacks across the country; attacks near the capital Bamako; Increase in the number of IDPs in southern regions; schools' closures due to insecurity ,"20,000-100,000",3,The violence would mainly affect livelihoods and food security in a context where access to food is already deteriorating in the south of the country.,3,Medium,Medium,Active,2024-06-13
R0382,"['Somalia', 'Ethiopia']","['SOM', 'ETH']",The expansion of Al-Shabaab attacks to Somali region in Ethiopia results in heightened protection concerns and humanitarian access constraints.,"['SOM001', 'ETH001']",Subnational,New emerging risk,2022-08-12,2024-07-12T08:45:58.000Z,,,"In July 2022, some Al Shabaab militants crossed into Ethiopia's Somali region and launched some attacks there. Even though there are widespread reports of their defeat by Ethiopian security forces, there is concern that between 50 to 100 militants may have reached their target (a mountainous area near El Kari town). El Kari has some strategic advantages as a possible base for Al Shabaab in Ethiopia.
With Ethiopia facing an increasingly complex conflict situation, Ethiopian security forces may be unable to withstand persistent attacks by Al Shabaab.

Attacks by Al Shabaab could increase protection concerns in the Somali region. These attacks, as well as the resulting Ethiopian security forces offensive, may also constrain humanitarian access to the region's IDPs, who exceed 870,000. ","-Ethiopia is vulnerable due to the ongoing conflict in different parts of the country. Ethiopian security forces are stretched thin due to conflict in other parts of the country. 
-Al Shabaab's power/capacity has grown during 18 months of political turmoil in Somalia over postponed elections.
-Al Shabaab has successfully recruited some members from the Somali and Oromo regions in Ethiopia.
-Some communities in Ethiopia(such as in El Kari town) have unaddressed grievances, which could make them more open/susceptible to Al Shabaab.",">500,000",3,"The population of the Somali region has faced multiple shocks, such as drought and conflict. This has lowered their capacity to cope with future shocks which may arise from Al Shabaab attacks.",3,Low,Medium,Not materialised,2024-07-12
R0383,['Myanmar'],['MMR'],"The escalation of conflict in Rakhine state results in the severe deterioration of humanitarian conditions, with the economic deterioration aggravating shortages in basic goods.",['MMR002'],Subnational,Marked deterioration in an existing crisis,2022-08-14,2024-06-13T13:54:24.000Z,,,"After a relative calm between the Arakan Army (AA)and the military junta, tensions have risen between the two in 2022. The AA is reported to control around 60 percent of Rakhine state.  The military junta’s forces clashed with AA in Maungdaw Township, Rakhine State on 18 July, after the SAC forces entered areas of United League of Arakan (ULA)/AA control. This has reportedly been the most intense and extended clash, with the longest sustained active fighting between these two main groups in Rakhine State in 2022. The AA reportedly killed and detained some members of the SAC forces. AA also seized some military supplies from SAC, including large weapons, such as RPGs, one mortar, and automatic rifles.

More than 1.5 million people are in need of humanitarian assistance in Rakhine, and they are facing severe humanitarian conditions. An escalation in conflict would exacerbate Rakhine population’s humanitarian conditions, especially the among the stateless ethnic Rohingya population of around 600,000. The Rohingya are already leaving Rakhine State because of socio-economic factors such as lack of work opportunities, and associated movement restrictions against them. Some are taking treacherous sea journeys to neighbouring countries. A war between the AA and the military junta is expected to trigger high number of displacements, both internal and to neighbouring countries. 

The military junta’s restrictions on travel and transport in Rakhine has exerted further strain on local communities, as essential supplies such as medication, rice, and other foodstuffs are not allowed into the state without the permission of the military. Compounding this with the recent reports of farmers not being able to plant their farmlands due to higher costs of cultivation in Myanmar’s current economic crisis, food insecurity in Rakhine state is set to rise.
------------------------------------------------------------
UPDATE: The military junta's resources (personnel and equipment) have been spread thin by engagement in other conflicts, especially the anti-coup forces. Yet, since July 2022, the number of security incidents have significantly increased. Intense fighting between the AA and the Myanmar security forces from August to November 2022 resulted in more than 320 fatalities. As at 28 November 2022, the conflict resulted in around 20,000 new internal displacements. There also has been a halt in humanitarian operations due to the conflict. 
-----------------------------------------------------------------
UPDATE: As at early April 2023, the risk has materialised. Although, there is a temporary truce between the AA and the military junta, tensions between the two remain and there are areas that still lack humanitarian access.","- Escalation of conflict between the Arakan Army and the military junta

- Economic deterioration causing rising prices of basic goods

- Continuation of the restrictions on transport and travel on Rakhine state 

- Farmers not being able to plant in their farmlands, exacerbating the food insecurity situation",">500,000",5,"- People who are already in need of urgent humanitarian assistance

- Stateless Rohingya people

- IDPs in Rakhine state

- People who are already food insecure

- Women, children, and the elderly",5,High,High,Materialised,2024-06-13
R0387,['Nepal'],['NPL'],Political violence during the November 2022 general elections led to protection and displacement issues.,,National,New emerging risk,2022-08-16,2024-06-13T13:54:24.000Z,,,"Inter-party and intra-party political violence relative to overall political violence has been on the rise in Nepal in the period of 2018-2021 as parties engage in competition for power. The 2022 general elections are set to be an event where it is likely that political violence will see an increase. 

The situation is made more volatile due to a history of alleged discrimination by successive governments, dominated by traditional social elites from Nepal’s hilly regions, against marginalised groups in the Terai region (lowland region and southern Nepal), especially the Madhesis and Tharus.  Previously, these groups objected and protested various aspects of the constitution which they claim revoke previous commitments made to their communities and create “second-class” citizens. Greater autonomy of the province of Madhes has been sought. 

All these factors make the 2022 elections to be potentially violent.

Sporadic violence with one recorded death due to election-related violence and a few injuries marked the 2022 Nepal elections.","- November 2022 general elections

- political competition leading to  inter-party and intra-party political violence

- Issues regarding greater autonomy for Madhesh province

- Existing discrimination against marginalised groups","<20,000",1,"- Members of political parties participating in the 2022 general elections

- Marginalised groups, especially the Madhesi and Tharus people",1,Medium,Medium,Not materialised,2024-06-13
R0390,"['Syria', 'Lebanon']","['SYR', 'LBN']",The involuntary return of Syrian refugees amid a socioeconomic crisis since 2019 lead to protection risks.,"['SYR001', 'LBN002', 'LBN004']",Regional,New emerging risk,2022-08-18,2024-06-13T13:54:24.000Z,,,"- In April 2023, there has been an increase in actions by Lebanese security forces to detain and deport Syrian refugees, including those with documentation. There were reports of raids on homes and arrests at checkpoints targeting Syrian refugees, with an increase in such coercive activity, including in Beirut governorate. Around 450 Syrian refugees were arrested and at least 200 people deported that month. 

While deportations have previously occurred, the current political deadlock and regional rapprochement efforts with Syria are contributing to the increase in pressure on the refugee population.

Previously, in July 2022, the Lebanese government announced that it is planning to send 15,000 Syrian refugees a month, back to Syria without specifying when, and only indicating that it will do so in the coming months. 

In mid August 2022, Lebanese officials met with Syrian government officials to discuss the returns, and released a joint statement of their planned coordination. 

HRW has warned again that involuntary returns are unlawful and unsafe. Between 2017 - 2021, Syrians who returned to Syria from Lebanon and Jordan faced arrest, arbitrary detention, torture, kidnappings, extrajudicial killings, enforced disappearances, and sexual violence according to HRW. 

The UNHCR does not facilitate mass involuntary returns, only individual voluntary returns. On 8 September, the caretaker Prime Minister Najib Mikati sent a letter to UN Secretary-General Antonio Guterres requesting for a new modality to assist Lebanon in sending Syrian refugees to Syria with the help of the international community. On 17 September, the Lebanese government announced that it started implementing its plan to return 15,000 Syrians per month, with the first convoy to leave end of September. Lebanon plans to reach a total of 200,000 returns of Syrians within a year.

As at December 2023, many Syrian refugees have been forcibly returned to Syria. Some of them reported that the Lebanese authorities drove them to Syrian borders, where they were handed to the Syrian authorities. Some refugees were arrested or disappeared immediately, indicating an increased need for protection services. ","- Deteriorating socio-economic crisis
- Anti Syrian refugee sentiment
- Lebanese presidential elections 

","20,000-100,000",2,Syrians perceived by the Syrian government to have sentiments against the Syrian government.,3,High,High,Materialised,2024-06-13
R0393,['Ukraine'],['UKR'],"Extreme winter conditions and power supply disruptions lead to the loss of life, increase acute humanitarian needs, and result in protection concerns in Russian-controlled areas and areas of active ground conflict in the southeast.",['UKR002'],Subnational,Marked deterioration in an existing crisis,2022-08-29,2024-06-13T13:54:24.000Z,2022-10-17,https://reliefweb.int/report/world/global-risk-analysis-october-2022,"Rationale:
Since the onset of the Russian invasion of Ukraine in February 2022, the Russian military has damaged or destroyed health, water, and power infrastructures, disrupting critical gas and power supplies in Ukraine’s central, eastern, and southern regions. Damage to water supply systems disrupts running water supply, preventing the use of water heating systems. Access to heating is a pressing concern because the cold season starts mid-October and continues into April. Freezing temperatures can reach − 20° C. The risk of active conflict and extreme constraints in accessing heating services in the oblast triggered the Government of Ukraine to start the mandatory evacuation of at least 200,000 people from Donetsk to safer areas across the country in August. The Government announced further mandatory evacuations in September in parts of Kharkiv, Mykolaiv, and Zaporizhzhia oblasts.
In late August, Russian forces controlled parts of Donetsk, Kharkiv, Kherson, Luhansk, Mykolaiv, and Zaporizhzhia oblasts. Ukraine’s counteroffensive advancements in Kharkiv oblast in September where met with Russia targeting the Kharkiv power grid in retaliation. As there are active hostilities along the eastern and southern frontlines, any changes in areas of control are highly likely to result in the disruption or complete shutdown of more power supplies, including because of direct targeting by the Russian military. Russia also controls the Zaporizhzhia nuclear plant, which produces 20% of Ukraine’s power supply. Humanitarian access to and within Russian-controlled areas is extremely constrained, most likely preventing people living in damaged housing with no heating from getting critical winterisation assistance. The damage to infrastructure seen in newly accessible areas indicates that heating will be an issue as the weather gets colder.

Impact
Many people across Ukraine lack income-generating activities and have depleted their savings because of the conflict, affecting their ability to afford heating sources. The situation is likely to push them to choose between heating their homes and meeting other critical needs. Reduced access to heating is likely to drive more evacuations from areas where power damage cannot be repaired, likely resulting in the increased use of educational facilities for the displaced.
The severity and level of needs are likely to increase in winter in areas of active hostilities, particularly in the Russian-controlled areas with a high level of damage to infrastructure and disruption of access to critical services, including water, health, electricity, and gas. People remaining in those areas and in need of winterisation assistance would likely have to resort to crisis-coping mechanisms, such as selling income-generating assets, or face physical risks and forced displacement by attempting to leave areas under Russian control. People living in damaged housing units or makeshift shelters in Russian-controlled or active conflict areas lack financial resources, heating sources, and shelter insulation materials. This lack significantly exposes them to illness and death, the worsening of health issues, frostbite, and hypothermia. 
This risk would affect everyone who would be exposed to extreme winter conditions. In particular, elderly people, as well as people with chronic illnesses or physical or mental disabilities, are likely to face additional access challenges because of their health, psychological, and mobility needs.

Update: Most recently, Ukraine’s counteroffensive advancements in Kharkiv oblast in September were met with Russia targeting the Kharkiv power grid in retaliation. In October, Russia escalated attacks against the energy infrastructure in Ukraine. Russia also controls the Zaporizhzhia nuclear plant, which produces 20% of Ukraine’s power supply. Humanitarian access to and within Russian-controlled areas is extremely constrained, most likely preventing people living in damaged housing with no heating from getting critical winterisation assistance. The damage to infrastructure seen in newly accessible areas indicates that heating will be an issue as the weather gets colder. The severity and level of needs are likely to increase in winter in areas of active hostilities, particularly in the Russian-controlled areas with a high level of damage to infrastructure and disruption of access to critical services, including water, health, electricity, and gas. 

Risk update: 
This risk has materialised. The Russian military has continued targeting critical civilian infrastructure, with a targeted campaign
on the energy infrastructure since 10 October 2022 (PAX 22/12/2022; GPF 05/12/2022). In newly accessible areas, such as western Kherson oblast, the Russian forces have continued to heavily target civilian infrastructure both before and after their withdrawal in November 2022. This has resulted in displacements or evacuations of the population to safer areas outside Kherson
oblast. The damage to or destruction of civilian infrastructure has also resulted in the deterioration of people’s living conditions, also pushing people to leave Kherson (Politico 27/11/2022). Active ground conflict elsewhere has continued to result in civilian fatalities, displacements and evacuations, and a lack of access to power, heating, water, and basic services. The risk has especially materialised in active fighting hot spots, including frontline areas
near Bakhmut city, in Donetsk oblast, and in Russia-controlled areas, such as Mariupol city in Donetsk oblast (Radio Svoboda 15/12/2022; DW 25/01/2023; WHO 08/02/2023). Humanitarian access to areas outside the Ukraine Government’s control remain extremely constrained, while access to information in and from
areas controlled by the Russian military is blocked (Radio Svoboda 17/02/2023). This prevents humanitarian responders from reaching people in need and limits the possibility of conducting assessments to evaluate the actual scale of needs. The severity of needs is the highest in all areas close to the front line and in areas controlled by the Russian military. OCHA categorises the severity of needs to be ‘catastrophic’ (in Donetsk, Kherson, Luhansk, and
Zaporizhzhia oblasts, the severity corresponds to level five* as per the ACAPS INFORM Global Crisis Severity Index methodology).

","- Conflict dynamics and changes in areas of control.
-Severe winter conditions 
-tendency of targeted attacks on power plants ",">500,000",3,"Elderly, people with chronic diseases and disabilities",5,High,High,Materialised,2024-06-13
R0442,['Libya'],['LBY'],Increased clashes between political rivals lead to a return to civil war and high numbers of displacement.,['LBY001'],National,New emerging risk,2022-09-05,2024-06-13T13:54:24.000Z,,,"In case of further clashes and tensions between political rivals, Libya will likely witness a return to civil war. Following two years of relative peace, clashes erupted in central Tripoli on 26-27 August between armed groups supporting Abdul Hamid Dbeibah (prime minister of the UN-recognised government) and armed groups supporting rival prime minister Fathi Bashagha.
Other factors that can contribute to an increase in clashes and a return to war is the absence of mediation from countries like the US or Europe (whose attention has drifted to other global crises such as tensions with Russia, China, and/or Iran), as well as the increase in global energy prices. It has become an interest for the rival politicians to control Libya and resume a full scale oil export operations, aiming to benefit and accumulate wealth. Lastly, further pressure on prime minister Fathi Bashagha from parties that support him (such as Khalifa Haftar, leader of the LNA) to fight armed groups supporting Dbeibah will likely result in more clashes, with the aim of taking over Tripoli.

Another civil war will likely lead to high displacement levels -especially if clashes happen in densely populated areas- and increase people’s need across all humanitarian sectors (mostly shelter, food, and healthcare). It will affect people who were already displaced before. Infrastructure (roads, hospitals, schools) that were damaged since 2011 are still not repaired fully; a civil war or large scale conflict will further damage infrastructure and stop any repair operations. 

As at December 2023, there are no major clashes reported in Libya that has led to displacement or a return to a civil war.  

Background on clashes in August: An estimated 450 people (65 families) were evacuated from residential areas affected by fighting, and at least 32 people were killed and 159 others injured. Evacuated families are staying with relatives or in camps, and their needs are unknown. Hospitals and medical centres were attacked and damaged in the fighting. Patients ran away from Al-Zawiya Street Hospital into neighbouring houses because of shelling that affected the hospital. Migrants and refugees in two detention centres located in the area suffered from shortages of food and water as the insecurity prevented aid delivery. An unknown number of migrants escaped from the detention centres, and are likely staying outdoors and in unsafe areas.
","- Increased clashes between political rivals.
- Absence of mediation from foreign countries.
-Global increase in oil prices.","250,000-500,000",4,"Having suffered from war and instability since 2011, people’s coping capacities have diminished. A high number of people will likely be affected, especially refugees, migrants, and asylum seekers. The presence of humanitarian organizations will lower the impact but not greatly, as insecurity will affect humanitarian access. ",4,Medium,Medium,Not materialised,2024-06-13
R0443,['Iraq'],['IRQ'],"Inter-Shia conflict in Iraq leads to displacement and increased needs for shelter, food, and healthcare.",['IRQ002'],National,New emerging risk,2022-09-11,2024-06-13T13:54:24.000Z,,,"Iraq has been unable to form a government for almost 11 months now because of a lack of agreement between the Sadrist (political movement led by Muqtada Al Sadr) and the Coalition Framework (led by former PM Nouri Al Maliki), with the first representing himself as a nationalist and the second as an ally of Iran. 

Tensions have reached a peak when Muqtada Al Sadr announced that he was retiring from politics on 29 August. Upon the announcement, his followers and militias protested in the Green Zone, stormed the parliament building, and clashed with militias linked to the Coalition Framework. At least 30 people were killed and 300 injured.

Following a religious Shia pilgrimage on 17 September, it is likely that the two groups will aim to resolve this conflict either by reaching a political deal or engaging in an inter-Shia conflict, with the latter being slightly more likely to happen. Due to the global energy crisis and Iraq being one of the richest countries in oil, the pressure to form a government and appoint a prime minister is becoming more significant to improve the country’s economy. 

In case of a conflict, clashes between militias will likely increase, and it will likely be outside the Green Zone. Civilians, some of whom are either IDPs or returnees, will be displaced again. They will likely need shelters, food, and healthcare services for injured people.
","-A 10-month deadlock in forming a government.
-Schism and lack of agreement between two main Shia groups.
-Global energy crisis and increased pressure to export oil.
","20,000-100,000",2,"People’s coping capacities have been exhausted following years of conflict, drought, the COVID-19 pandemic, and the impact of the war in Ukraine on grains availability. ",3,Low,Medium,Not materialised,2024-06-13
R0445,['Tunisia'],['TUN'],"Further economic distress and social unrest lead to more needs for livelihoods, healthcare, and education and an increase in migration in the Central Mediterranean route.",['TUN002'],National,Marked deterioration in an existing crisis,2022-10-03,2024-06-13T13:54:29.000Z,,,"Inflation, rising prices, and political and social instability will likely increase unemployment needs, further challenge access to healthcare and education and drive more Tunisians to migrate to Europe. 

More than four million Tunisians are already living in poverty or are at risk of poverty in 2022, while unemployment rates reached 15% in June. Tunisians reportedly have faced difficulties accessing healthcare, education, and transport services, which will likely deteriorate in case of a socio-economic crisis. The number of Tunisians arriving in Italy from the Central Mediterranean migration route over January-August was 23% higher than in January-August 2021. Tunisians are currently the most represented nationality among migrants who arrive to Italy from the Central Mediterranean migration route, making up about 22% of the arrivals between January – August 2022. The majority of Tunisian migrants are young unemployed men (ages 18-35), and they seek job opportunities in Europe. Unemployment rates in June were 15%; however, it is an improvement from January 2022 and June 2021, both at 18%. Travelling through sea exposes them to safety and protection concerns. 

Tunisia has been experiencing a political crisis since President Kais Saied announced dismissing the government and freezing the parliament on 25 July 2021. As this decision was considered “undemocratic” and a “self-coup” by human rights groups, the country’s foreign reserves were affected. Tunisia has been trying to get a loan from the IMF and other international money lenders to avoid an economic crisis. However, because of the political situation, the deals have been delayed, resulting in lack of foreign exchange currency and the government’s inability to import goods. The impact of the war in Ukraine and the increase in global prices of grains and energy have also aggravated the economic distress facing the country. 

Shortages in commodities such as sugar, milk, butter, cooking oil, and rice were reported since at least the beginning of September. The inflation rate reached 9% in September, up from 7% in February and 6% in September 2021. Hundreds of people protested on 25 September in Tunisia city because of inflation and rising prices of food.

Despite an improvement in Tourism revenues (growing by 80% as at August 2022 compared to August 2021) and closing some deals with international lenders such as Japan (with a 100 million dollars grant), inflation rates and lack of foreign currency will likely persist, leading to more demonstrations and riots across the country and driving more young people to migrate. The parliamentary elections are scheduled for 17 December 2022, and will likely cause more social unrest if opposition groups consider it corrupt elections.

Update:  Tunisia’s government had two rounds of the parliamentary elections (in December 2022 and January 2023) that had a very low turnout (less than 11%), increasing political instability. By the end of 2022, the number of Tunisian migrants who reached Italy was nearly 20,000 migrants, up from 15,000 in 2021","-Political crisis
-Inflation 
-Lack of foreign currency
-high unemployment rates
-Lack of commodities in markets
-Parliamentary elections on 17 December 2022
-The disruption of the supply chain following war in Ukraine ",">500,000",3,"People in general have medium to good coping capacities as the country does not have high vulnerabilities such as an active conflict or natural disasters. However, the group of people who tend to migrate are usually economically marginalized families, often with limited education and few job prospects.",4,Low,Medium,Materialised,2024-06-13
R0450,['Afghanistan'],['AFG'],A drastic decrease in purchasing power reduce people's purchasing power and push them to adopt negative coping mechanisms.,['AFG001'],National,Marked deterioration in an existing crisis,2022-10-16,2024-06-13T13:54:27.000Z,2022-12-30,https://www.acaps.org/sites/acaps/files/products/files/20230102_acaps_afghanistan_analysis_hub_risk_update_december_2022.pdf,"UPDATED RISK 
Imports and exports remain stable, with no increases in domestic prices since September. While sanctions remain, efforts to mitigate the effect on the general population continue. Prices have continued to rise, and the seasonal decline in casual labour has started to reduce purchasing power for many, causing more people to adopt negative coping mechanisms. While a drastic decrease in purchasing power has not yet occurred, the risk remains high and is expected to materialise (at least temporarily) over winter in areas subject to high snowfall, where road closures will cause a further increase in domestic prices.","-Increased international prices of food and fuel.
-Border closures.
-Fear of shortages in supplier countries.
-Drop in Taliban government revenues.
-Tightening of sanctions in Afghanistan caused by terrorist incidents originating in Afghanistan.",,The urban poor depending on daily wage jobs and spending most of their meagre earnings on essential items are more vulnerable to inflation than other groups. A  decrease in purchasing power would further increase debt and the use of extreme coping mechanisms.,"The winter season, during which casual labour opportunities decrease and heating costs and health issues increase, always presents a challenge for
poorer households. ",4,High,High,Active,2024-06-13
R0451,['Afghanistan'],['AFG'],Ineffective emergency response to sudden-onset disasters leave people without or with limited assistance.,['AFG001'],National,New emerging risk,2022-10-16,2024-06-13T13:54:30.000Z,2022-12-30,https://www.acaps.org/sites/acaps/files/products/files/20230102_acaps_afghanistan_analysis_hub_risk_update_december_2022.pdf,"UPDATED RISK 
Probability: increasing 
The Taliban national response capacity is not expected to decrease further, but recent attacks on foreign businesses in Kabul have caused international humanitarian organisations to increase security measures, which reduces emergency response capacity. An attack on a humanitarian organisation would reduce response capacity further. The recent ban on women
working in NGOs has led to several international organisations suspending operations. If this ban remains in place, effective emergency response will be extremely challenging. ","Replacement of government staff by the Taliban. 
Drop in Taliban Revenue.
Increased bureaucratic delays to programming.
Increased needs.",,"The recurrence of natural disasters and the authorities’ inability to provide timely and adequate response over time erode the coping abilities of communities and individuals. A rise in unmet humanitarian needs will lead people to adopt negative coping mechanisms. At the same time, those unable to support themselves and their families are likely to displace to urban centres in search of work.","People living in disaster-prone areas – in the mountainous areas of the central and northeast regions, in non-standard houses made of mud, or near rivers or mountains – are more vulnerable to natural disasters. A lack of adequate shelter is also likely to increase protection needs, as people find themselves in overcrowded emergency locations.",4,High,High,Active,2024-06-13
R0452,['Afghanistan'],['AFG'],The failure of government bureaucracy leads to a collapse of service provision and public salary payments.,['AFG001'],National,Marked deterioration in an existing crisis,2022-10-16,2024-06-13T13:54:31.000Z,2022-12-30,https://www.acaps.org/sites/acaps/files/products/files/20230102_acaps_afghanistan_analysis_hub_risk_update_december_2022.pdf,"UDATED RISK 
Probability: decreasing 

The replacement of key technical staff in the government seems to have slowed, with most recent Taliban appointees shadowing rather than replacing existing staff. The government and its administration have proven more resilient than anticipated. Existing constraints remain, and while the Taliban understand the need for technical capacities in many areas, policymaking is increasingly driven by their interpretation of Shari’a law. The probability of a complete collapse has reduced as the Taliban are prioritising many areas of governance, including security, paying government officials, and revenue collection. The priority remains on security, justice, and policing public morality – as the hardliners strengthen their position within the movement – rather than service delivery.","-Replacement of bureaucratic staff by the Taliban.
-Drop in Taliban revenues",,"Increased government mismanagement will provide an environment for low-level corruption and nepotism to prosper and result in the failure of state institutions to provide key services, possibly including paying salaries. 
The inability to issue travel-related documents and tazkera would likely create
difficulties for people seeking services in the country.",The existing system is already corrupt.,2,Medium,Medium,Active,2024-06-13
R0454,['Afghanistan'],['AFG'],There is increased Taliban interference in humanitarian programming or attempts to divert aid.,['AFG001'],Subnational,New emerging risk,2022-10-16,2024-06-13T13:54:31.000Z,2022-12-30,https://www.acaps.org/sites/acaps/files/products/files/20230102_acaps_afghanistan_analysis_hub_risk_update_december_2022.pdf,"UPDATED RISK 
This risk has materialised with the Taliban’s decision on 24 December to ban women from working for NGOs, which severely restricts the delivery of humanitarian assistance across the country. Prior to this, Taliban authorities had been introducing regulations to increase oversight of humanitarian organisations’ operations and ensure financial compliance, increasing the bureaucratic burden on NGOs. Until the latest announcement, coordination
with Taliban authorities had been viewed positively, although with significant regional variations. Even if a compromise on the employment of women at NGOs is reached, enabling organisations to resume operations, the disruption to aid provision will have been significant.","-Replacement of bureaucratic staff by the Taliban.
-Increased lack of coordination between govts department.
-Increased bureaucratic processes.
-Deterioration in international relations with the Taliban.",,"Taliban interference with aid operations and the consequent inability of aid organisations to deliver on their commitments could directly lead to a reduction in aid delivery, donor disengagement, or the prioritisation of Taliban-preferred programming, such as food distribution, healthcare services, and WASH services. This reprioritisation of aid would result in millions of people receiving reduced assistance or the halting of programming facing the
most Taliban interference (most likely protection- or education-related). ",24 million people in Afghanistan are in need of humanitarian assistance.,5,Medium,Medium,Materialised,2024-06-13
R0456,['Afghanistan'],['AFG'],International or regional conflict causes displacement and reduced access to humanitarian services.,['AFG001'],Subnational,New emerging risk,2022-10-16,2024-06-13T13:54:31.000Z,2022-12-30,https://www.acaps.org/sites/acaps/files/products/files/20230102_acaps_afghanistan_analysis_hub_risk_update_december_2022.pdf,"UPDATED RISK 
Probability: decreasing

While internal conflict has continued and border conflict increased, the probability of a regional or international conflict has reduced slightly as the Taliban have re-engaged with the international community in Doha (Qatar). Tensions with the international community remain and are likely to intensify as the Taliban enforce increasingly restrictive measures, such as
the recent decision to ban women from attending university. Domestic protests and harsh Taliban reactions can be expected to increase, further fuelling tensions with the international community, but will likely not result in violent international conflict. That said, increased Tehrik-e Taliban Pakistan activities may create tension with Pakistan.","-Deterioration in bilateral relations.
-Increased activity of foreign groups based in Afghanistan.
-Armed attacks in Europe or US linked to groups based/linked to Afghanistan 
- Increased activity of Al Qaeda or its leaders.
-Breakdown in relationships with the Taliban.",,"A breakdown in relations with neighbouring countries would lead to reduced engagement on political and practical levels. The reduced engagement
would interrupt electricity from Uzbekistan and disrupt exports to and transit trade via neighbouring countries. The net effect would be the reduced availability and higher prices of essential goods and services. Tougher border restrictions would aggravate challenges that Afghans travelling for business and those seeking to flee the country face.","While domestic conflict usually decreases during winter, external factors pose a threat to Afghanistan’s stability. At the regional level, relations between Afghanistan and its neighbours have been uncertain and problematic at times. Border conflict incidents have been reported with Iran, Pakistan, Tajikistan, and Uzbekistan. Militant groups active in these countries are also believed to be present in Afghanistan.",2,Low,Medium,Active,2024-06-13
R0458,['Afghanistan'],['AFG'],A severe loss of livestock during winter results in the loss of income for pastoralist households and reduced food availability.,['AFG001'],Subnational,New emerging risk,2022-10-16,2024-06-13T13:54:31.000Z,2023-01-30,https://www.acaps.org/fileadmin/Data_Product/Main_media/20230102_acaps_afghanistan_analysis_hub_risk_update_december_2022.pdf,"is expected to materialise (at least temporarily) over winter in areas subject to high snowfall,","-Poor quality of vaccines or lack of vaccines for livestock.
-Shortage of vaccinators.
-Lack of staffing.
-Low purchasing capacity of livestock owners.
-Current drought.",,3 ,"The excess loss of livestock is more likely to affect the Kuchi nomads and other seminomadic pastoralists in the provinces of Ghazni, Kabul, Kandahar, and Zabul, as animals are their only source of income. 
As women are a very important part of livestock production, should the risk materialise, women’s incomes would significantly decrease, affecting their and their families’ access to food, water, health services, and other basic goods and services. ",3,Low,Medium,Active,2024-06-13
R0459,['Sudan'],['SDN'],"Increased intercommunal clashes in Blue Nile state lead to displacement and more needs for shelter, healthcare, and legal documentation.",['SDN001'],Subnational,New emerging risk,2022-10-18,2024-06-13T13:54:31.000Z,2022-10-17,https://www.acaps.org/sites/acaps/files/products/files/20221017_acaps_global_analysis_hub_risk_report_october_2022.pdf,"Tensions have been increasing between the Hausa tribe and other tribes (such as the Fung, Berti, and Hamaj) in Blue Nile state since January, when Hausa celebrated creating their own emirate in the state and started requesting to be part of the Blue Nile Native Administration to achieve governmental recognition. The administration already includes representatives of other Blue Nile tribes. Other factors contributing to the increase in tensions are related to origins: Hausa migrated hundreds of years ago from West Africa but are still perceived by other groups as ‘guests’ and not natives of Blue Nile state. For such reasons, the native administration has not welcomed Hausa’s request to be included. Tensions peaked in mid-July when a land dispute between members of Hausa and Fung tribes escalated into armed clashes, displacing over 37,000 people mostly from Hausa tribe.

Increased ethnic tensions and Hausa returns in some areas would likely drive further intercommunal clashes in Blue Nile. Hausa households would likely face forced evacuation out of Blue Nile. Since mid-July, there has been an increase in hate speech on social media by other tribes’ community leaders intending to mobilise people against Hausa. A dispute over access to markets between an IDP returnee Hausa and Aj Jabalaween tribe member on 14 August resulted in one death and six injuries, indicating the continuation of tribal tensions. On 1 September, clashes erupted between Hausa and Hamaj tribes after recently displaced Hausa attempted to return to their homes in Blue Nile, displacing 66,000 people mostly into Sennar state.

Based on previous events of intercommunal violence, increased clashes in Blue Nile would likely displace up to 100,000 people in the next six months. However, some would likely be temporary displacements. As observed during July clashes, shelter needs for the displaced and healthcare needs for the injured are expected to be high for the affected population. Displaced families would likely stay in public buildings, such as schools; the start of the school year on 2 October would result in limited shelter options and increased shelter needs for displaced Hausa families. Evacuated and displaced Hausa people would likely seek shelter in Sennar and Aj Jazira states – as during previous displacement events – and unite with other Hausa tribes residing in those two states. This movement has the potential to increase tensions in Sennar and Aj Jazira between Hausa and other tribes, representing an extension of the tribal tensions and clashes in Blue Nile.

The response capacity of healthcare facilities, such as the Ed Damazine hospital, is limited owing to a lack of medical supplies and staff. This limitation increases needs for healthcare services to treat injured people in case of armed clashes.  Assistance to obtain legal documentation, such as identification cards, for the displaced could be needed. Media reporting indicated that there were calls by other tribes to strip away the identification cards of displaced people in July to indicate that they were not Blue Nile citizens.

Update: The risk has largely materialised in terms of increased clashes, displacement, and needs as intercommunal clashes continued to target the Hausa tribe. Between July 2022 – January 2023, Blue Nile state has recorded the highest number of displacements across Sudan because of intercommunal conflict. Nearly 120,000 people have been displaced, including 97,000 who are displaced within Blue Nile and 17,600 fled to White Nile state. The displaced need food, health, nutrition, protection, shelter, education, and WASH support. The risk suggested more than 100,000 people would likely be displaced from Blue Nile.  

Clashes kept taking place since July between armed Hausa tribe members and armed men from other tribes (including from the Hamaj, Berta, Masalit, Funj, and Gumuz tribes) in many areas of Blue Nile state, especially in Ar Rusayris and Wad Al Mahi localities. Reasons for many of the clashes include disputes following Hausa trying to access  markets or their land, and escalations of sporadic attacks targeting Hausa tribe members while travelling between localities in Blue Nile. Some of the people displaced outside of Blue Nile are reportedly experiencing severe food insecurity, driving them to return to Blue Nile despite lack of security.","- Increased tensions between Hausa and other tribes over governmental representation. 
- Evacuations of Hausa out of Blue Nile.
- Preventing Hausa IDPs from returning to Blue Nile. ","100,000-250,000",3,"Displaced people have the capacity to move to neighbouring states, such as Sennar, to stay with relatives. Disruption to their livelihoods increases their vulnerability. ",2,High,High,Materialised,2024-06-13
R0460,['Mauritania'],['MRT'],"Rising food and fuel prices worsen socioeconomic instability and ethnic tensions, leading to social unrest and food and livelihood needs.",,National,New emerging risk,2022-10-18,2024-06-13T13:54:31.000Z,2022-10-17,https://www.acaps.org/sites/acaps/files/products/files/20221017_acaps_global_analysis_hub_risk_report_october_2022.pdf,"Three main ethnic groups make up Mauritania’s population: the Black Africans, the Black Moors (the Haratin), and the White Moors (the Bidhan). At times, differences in the social and political roles that these groups occupy have resulted in socioeconomic divisions, triggering protests. Since at least the 1960s, tensions have existed between the three groups, mainly because the Bidhan hold the most political positions among them. A rise in the cost of living, a decline in hard currency, the possible devaluation of the Mauritanian ouguiya (the local currency), and a prolonged period of drought since 2019 would likely further worsen social (including ethnic) tensions, leading to social unrest.  The prices of basic commodities, such as sorghum, maize, and wheat, have been increasing since at least July 2021. Year-on-year food inflation and overall inflation rates driven by debt distress and the global inflation of energy and food prices are at their highest compared to a ten-year rate, reaching 16% and 6.9%, respectively, in June. The increase in commodity prices is expected to continue in an upward trend until at least January 2023. Media reports indicate that parts of the population are frustrated with how the (mostly Bidhan) Government is managing the country’s economy, as well as the increased corruption of officials. In July, the Government increased fuel prices by 30% following the global increase in oil prices, triggering demonstrations led by opposition groups. The police used force to stop the demonstrations.

About 17% (770,000) of Mauritania’s population live below the extreme poverty line. They would likely be the most affected by the increasing cost of living, social and ethnic tensions, and socioeconomic instability, possibly leading to violent demonstrations and riots. Their needs for food, malnutrition response, and livelihood assistance would likely increase. More than half of the people in Mauritania work in agriculture-related activities, such as farming and herding. Three years of drought and increased fertiliser and feed prices have already been affecting them since 2019. Social instability and potential riots across the country would likely further challenge agricultural activities, disrupt livelihoods, and increase livelihood needs. Food needs would likely increase with the current rise in commodity prices. Social instability and its impact on livelihoods would also aggravate food needs. Already, an additional 310,000 people are expected to be food-insecure by December 2022, making about 23% of the country’s total population food-insecure compared to 15% between March–May.

Update: The risk has not materialised as inflation rates reached a peak in October (12.7%) and started to improve since then. Inflation rates in January dropped to 10.3%. There has been no major change in the food security levels as it remained in Stressed (IPC Phase 2). Because of high inflation and the rising prices of some food items, some people resorted to markets to meet their food needs. The harvest season between October – December was generally good. There is no indication that the local currency of Mauritania (ouguiya) has seen any further depreciation. There is also no indication of a social unrest as well. Prices of some food items continue to rise as at February 2023, as the risk suggested. These food items include fruits and vegetable (tomatoes, potatoes and onions), milk, cheese, eggs, fish, seafood, and cooking oils. As for food inflation rates, they have reached a peak in July 2022 (17.4%). Between August 2022 – January 2023, food inflation rates have been increasing from 11.8% - 15.9%.","- Tension between the three main ethnic groups.
- Increase cost of living
- Discontent towards the government's mismanagement of economy
- Debt distress",">500,000",2,"About 17% of the population already live below extreme poverty line. People have also been dealing with three years of drought, so their access to food and livelihood is already impacted.",2,Medium,Medium,Not materialised,2024-06-13
R0461,"['Mexico', 'Honduras', 'Haiti']","['MEX', 'HND', 'HTI']",An increase in the number of Haitian and Salvadoran migrants and asylum seekers in Mexico seeking to reach the US causes a deterioration of needs at the southern border.,"['MEX001', 'HND001', 'HTI001']",Regional,Marked deterioration in an existing crisis,2022-10-18,2024-06-13T13:54:31.000Z,2022-10-17,https://www.acaps.org/country/world/special-reports#container-1822,"The increase in the number of migrants and asylum seekers in need of assistance in Tapachula overwhelms the administrative capacity of Mexican authorities to provide permits allowing them to move and access goods and services (food, health, education, work programmes). These mobility restrictions also mean they are unable to access humanitarian aid in other cities in Mexico. This will likely result in a high number of migrants and asylum seekers stranded in Tapachula in need of humanitarian assistance. Owing to increased migration flows into Tapachula, the demand for jobs and lack of work opportunities — already decreased by business closures and inflation due to COVID-19 – will deteriorate access to income for the host community and migrants. The worsening of this crisis in Mexico, and particularly in Tapachula, will boost the number of ‘caravans’ of people seeking to reach the United States or other Mexican cities. Protection needs are likely to rise, as people transiting Mexico have experienced xenophobia, excessive use of force by authorities, and enforced disappearance, killings and robberies by armed gangs.","-In El Salvador, a deterioration is expected in the coming months related to a state of emergency — established in mid-May as a way to limit criminal gangs’ activity and extended for the fifth time on 16 August — and economic instability
-In Haiti, gang control has spread since last year’s assassination of Prime Minister Jovenel Möise, leading to increased protection threats for the population and severe humanitarian access challenges
-In the next six months, if the situation in El Salvador and Haiti further deteriorates, it will likely increase mixed migration to Mexico through the southern border, mainly through Tapachula city.  
","20,000-100,000","3
","The increase in the number of migrants and asylum seekers in need of assistance in Tapachula overwhelms the administrative capacity of Mexican authorities to provide permits allowing them to move and access goods and services (food, health, education, work programmes). These mobility restrictions also mean they are unable to access humanitarian aid in other cities in Mexico ",3,Medium,Medium,Materialised,2024-06-13
R0462,['DRC'],['COD'],The intensification of anti-MONUSCO demonstrations leads to recurrent suspensions of humanitarian activities and the inability to meet humanitarian needs for the affected population.,['COD001'],Subnational,New emerging risk,2022-11-03,2024-06-13T13:54:31.000Z,,,"It is likely that calls for the withdrawal of MONUSCO from politics and civil society actors will increase since the security situation continues to deteriorate, particularly in North Kivu. As the withdrawal of MONUSCO from Butembo town is seen as a victory for many actors hostile to the presence of MONUSCO, more demonstrations in other cities are expected in the coming months. MONUSCO staff is likely to be evacuated from several towns and the activities of the UN force severely disrupted. The hostility of the demonstrators will make the security situation volatile and prevent the activities of many humanitarian organisations. An increase in insecurity is expected in areas where MONUSCO will no longer be present. Food assistance, WASH and protection will be among the most urgent needs for the populations affected by the temporary interruptions of activities.",The M23 expanding its area of influence; increase in population displacementa; withdrawal of MONUSCO from some towns in eastern DRC ,"20,000-100,000",2,Thousands of people are affected by insecurity in eastern DRC. The needs of these people who depend on humanitarian assistance are likely to worsen due to the recurrent interruptions in humanitarian operations.,2,Low,Medium,Active,2024-06-13
R0463,['DRC'],['COD'],The deployment of the regional military force leads to more displacement and increased humanitarian needs in eastern Democratic Republic of Congo.,['COD001'],Subnational,New emerging risk,2022-11-03,2024-06-13T13:54:31.000Z,,,"To fight armed groups, including M23, the DRC has decided to deploy a regional military force bringing together the East Africa states (DRC, Burundi, Kenya, South Sudan, Uganda, and Tanzania). When the new force will be deployed across the east of the country, thousands of people are expected to be displaced because of clashes between the military and armed groups. An increase in protection incidents from both armed groups and the military is expected. The volatility of the security situation is likely to force many organisations to temporarily suspend their activities. Most urgent needs for the displaced will likely include shelter, food, WASH, protection and healthcare.",M23 resurgence and increased armed groups activity; ineffective state of siege; set up and deployment of a regional force ,"20,000-100,000",2,Thousands of people are affected by insecurity in eastern DRC. The needs of these people who depend on humanitarian assistance are likely to worsen due to the recurrent interruptions in humanitarian operations multiple displacement.,2,Medium,Medium,Active,2024-06-13
R0464,"['Uganda', 'DRC', 'Burundi', 'Kenya', 'Rwanda', 'South Sudan', 'Tanzania']","['UGA', 'COD', 'BDI', 'KEN', 'RWA', 'SSD', 'TZA']",The spread of the Ebola outbreak from Uganda to neighbouring countries overwhelms health centres and increases health needs.,,Regional,New emerging risk,2022-11-22,2024-06-13T13:54:31.000Z,,,"Uganda declared an Ebola outbreak on 20 September 2022. Since then, the virus has spread from Mubende district, which was the epicentre, to seven other districts: Bunyangabu, Kagadi, Kampala, Kassanda, Kyegegwa, Masaka and Wakiso. As at 20 November, there were 141 confirmed cases and 55 associated deaths. The outbreak has lasted more than 2 months, due to challenges in coordination of the response and tracing contacts of confirmed cases. Projections by the Ugandan government and WHO indicate that the outbreak could continue in Uganda until 2023, with an estimated 1200 cases by and 500 fatalities May 2023. 
There is a possibility that the outbreak could spread from Uganda to neighbouring countries in Eastern Africa. Kenya and South Sudan had suspected cases, which tested negative for Ebola. Some countries in the region are facing other disease outbreaks/public health concerns such as the ongoing COVID 19 pandemic. Spread of Ebola to these countries could divert attention and resources away from other outbreaks, which would worsen those outbreaks. Kenya is currently facing COVID 19, cholera, chikungunya, yellow fever, measles and visceral leishmaniasis outbreaks. South Sudan is currently facing COVID 19, Hepatitis E, cholera, anthrax, meningitis and measles outbreaks.

The WHO and the GoU declared the end of the outbreak on 11 January 2023. The outbreak affected 9 districts of Uganda. It was the worst recorded outbreak in the country with 142 confirmed cases, 55 related deaths, and 22 linked deaths. 

The risk did not materialise as raised. ","-Lack of licensed vaccines to prevent transmission and limited treatment options for the Sudan strain of Ebola
-Challenges in the response in Uganda 
-Spread of the outbreak to the capital Kampala, which has a high population and high rates of population movements
-International border points between Uganda and neighboring countries remain open for cross-border movements
-Inadequate screening at international border points in South Sudan            
-Insufficient resources in countries like South Sudan, to facilitate Ebola readiness activities
-Expected increase in population movements during the Christmas period in December ","20,000-100,000",2,Every country in Eastern Africa faces unique health-related challenges. South Sudan has a weak health system which may be unable to cope with an Ebola outbreak. ,2,Medium,Medium,Not materialised,2024-06-13
R0465,['Somalia'],['SOM'],"Sociopolitical unrest because of delayed elections in Somaliland results in the increased infiltration of Al-Shabaab, protection risks, and heightened access constraints.",,Subnational,New emerging risk,2022-11-23,2024-06-13T13:54:31.000Z,,,"Somaliland is an autonomous region, but it has not received international recognition as an independent country. For the purposes of this risk list, it is considered part of Somalia. 

Somaliland is facing a political and constitutional crisis. The presidential election, scheduled for 13 November, did not happen. The National Election Commission announced that it needed more time to organise the elections in 2023. Members of the opposition have vowed not to recognise President Bihi, even though the Guurti (House of Elders) extended his term by two years, until November 2024. It is also likely that the vote to license the three political parties, scheduled for 26 December, may not happen. 
In August, after the opposition failed to reach a consensus with the government about the schedule of elections, they called for protests in several towns. Security forces responded to the protests in a heavy-handed manner, resulting in casualties. The current political stalemate could result in renewed protests by opposition supporters, resulting in protection risks for the population in the region. If these protests happen regularly, they could also disrupt people's livelihoods and lead to suspension of humanitarian programmes.
Any political or social unrest in Somaliland could create an ideal environment for more Al Shabaab members to enter the region undetected. Following the heightened government offensive against them in central Somalia, some Al Shabaab members could seek refuge elsewhere. Al Shabaab has gradually built a presence in eastern Sanaag (Somaliland) over the past few years. ","-Little desire amongst political leaders in the government and opposition to reach a consensus. They failed to reach an agreement before 13 November 
-Higher stakes for government control due to increased foreign investment into Somaliland
-Increased sub-clan rivalries. Political parties are formed on the basis of sub-clan affiliation. There is a perception among opposition leaders that certain sub-clans have been in power for too long. Power sharing amongst the sub-clans has been a pillar of democratic processes in Somaliland. Of the three major Issaq sub-clans, the expectation was for the Habar Younis sub-clan to take power in 2022.","20,000-100,000",2,"Absolute poverty rate of 38% among the rural population (2014 statistic). Literacy rates in Somaliland are low, particularly amongst women.",2,Medium,Medium,Active,2024-06-13
R0466,['Myanmar'],['MMR'],"The closure of IDP camps across Myanmar results in the deprivation of humanitarian assistance for IDPs, pushing them to return to their places of origin or into multiple displacement, further aggravating their living conditions","['MMR001', 'MMR002', 'MMR003', 'MMR004']",National,New emerging risk,2022-11-27,2024-07-14T14:34:30.000Z,,,"Rationale:
The military junta, the SAC, has been reported to have ordered IDP camps in Rakhine, Shan, Kachin, and Chin states to close by the end of 2022, some earlier. A lot of these camps have been operating before the coup in February 2021, with some IDPs living in these camps for a decade or so. Reports also suggest that the recent camps closures' attempts are a part of a nationwide policy and could encompass all the displacement sites in the country. The military junta is trying to show the international community that the country is maintaining stability. Closure of IDP camps is likely a part of their attempt to show the country's stability as returns of IDPs would likely indicate that the country's political and armed conflict situation is under control. It is highly likely that such attempts are being carried out by the junta to fast-track Chinese investment and hold elections. The closure of camps at a wider scale would significantly deteriorate the humanitarian situation in Myanmar.

Impact:
Returnees and IDPs relocating to other places than their places of origin would face a range of issues such as lack of shelter, food and water, livelihood opportunities, basic services, and humanitarian assistance; increased insecurity and armed conflict, and mine contamination. In some cases, some IDPs have reported that it would be difficult to return to places of origin due to poor infrastructure, especially during the monsoon season. Also, some villages have also been taken over by plants and wildlife during the decade of isolation.

As per reports, some IDPs in Rakhine state have left their camps and took refuge in places such as a monastery camp and a school, which have been reported to be very crowded, raising protection concerns especially for women and children. Some others in the state have reported that they will not be able to return to their places of origin due to insecurity, ongoing fighting, and significant explosive ordnance contamination, and lack of livelihood opportunities, although being concerned about facing arrests by the military junta if they do not leave. Similar reports to that of Rakhine were made by IDPs in Shan, Kachin, and Chin states. 

The closure of camps at a wider scale would significantly deteriorate the humanitarian situation in Myanmar.

Update:

The risk is materialising. 

According to military junta run media, in the first five months of 2024, nearly 70 temporary IDP camps were closed and around 18,500 people were relocated.

Up until 2 October 2023, nearly 100 out of 500 displaced families living in IDP camps marked by the military junta for closure in Kyauktaw township in Rakhine had to return to their places of origin. The Kyauk Ta Lone camp in Kyaukpyu township of Rakhine state was closed on 31 May 2023. As part of the return package, the military junta committed to build a road, provide electricity or the required infrastructure work in the relocation site where IDPs had to relocate. However, such commitments are yet to be realised. 

By August 2023, the military junta instructed around 175 formal IDP camps, comprising more than 320 000 people, to shut down. Closures of several camps in Rakhine, and northern and southern Shan have been already reported and IDPs were being relocated in 2023.  

Most IDPs who have faced the camp closures have not returned to their areas of origin because of a lack of livelihood opportunities and insecurity, including the risk of landmines and remnants of war explosions. The military junta is likely to close more formal IDP camps in 2024, inducing premature returns of IDPs or repeated displacement to places with lack of livelihood opportunities, adequate shelter, access to basic services, and security. ",The military junta trying to show the international community that they are maintaining political stability in the country. The reasons to attempt to such stability in the country include to fast-track Chinese investment and hold elections.,"20,000-100,000",5,"The most vulnerable groups to the closure of IDP camps are:
- Already vulnerable groups such as women, children, elderly, and people with disability

- Women and children are more at risk of heightened protection concerns 

- People who are leaving camps to remote areas such as forests where they would lack access to basic services and aid",3,High,High,Active,2024-07-14
R0469,['Myanmar'],['MMR'],"Increased airstrikes in Myanmar by the military junta lead to displacement, civilian casualties, and destruction of civilian facilities and properties, increasing protection concerns and needs across sectors","['MMR001', 'MMR004', 'MMR003']",National,Marked deterioration in an existing crisis,2022-12-01,2024-06-13T13:54:31.000Z,,,"Rationale:
The Myanmar military junta is trying to consolidate areas not under their control. The junta is likely to intensify airstrikes in areas, especially cities, which are under the control of armed groups who are against the junta. The military junta's probable objective is to establish their control in key areas to conduct elections which could take place in 2025. 

Kachin, Mon, and Karen states where the military has increased airstrikes since September 2022 are likely to be among the hardest hit by the renewed violence. Although the human toll is not yet clear, several people were killed or injured as a result of recent airstrikes, particularly in Kachin state. Sagaing state is also likely to see increased use of airstrikes by the military as the state comprise many anti-military resistance strongholds.

Armed groups are likely to carry out more retaliatory attacks (including the increase use of drones for conducting strikes) against Myanmar's military.  

Impact:
An intensification of clashes and airstrikes is likely to result in increased insecurity for civilians, causing more population displacements, with many people fleeing towards more secure yet remote places such as forests.

Insecurity will further restrict humanitarian access in addition to the already  numerous administrative and movement constraints imposed by the authorities, that limit the ability of humanitarian organisations to operate in areas affected by the conflict. An increase in protection, education, WASH and healthcare needs is expected in the coming months.

Update:
The risk has materialised. As at 1 December 2023, the number of air and drone strikes has nearly doubled (more than 1.9 times) compared to 2022, resulting in nearly 150% more fatalities compared to 2022. 

The air and drone strikes have resulted in civilian displacement and damage and destruction of civilian properties affecting their shelters and livelihoods. The airstrikes also destroyed facilities such as health and education facilities and reduced access to services for people in need. Some of the strikes reportedly struck displacement sites and resulted in many civilian casualties. Sagaing, Magway, and Karen experienced the most airstrikes in the aforementioned time period. Sagaing, Karen, and Mandalay experienced the most fatalities due to the airstrikes in the aforementioned period.

It is difficult to estimate how many people were displaced specifically due to airstrikes. Since the escalation of conflict in late October, the military junta has significantly increased its airstrikes and shelling, and together with other modes of attacks, the escalation of conflict resulted in more than 500,000 displacements. 

The newly displaced, along with the people affected by the escalation of conflict, are in need of immediate humanitarian assistance including food, potable water, shelter, protection, and WASH and medical assistance. ","- The junta’s aim to take over certain areas controlled by rebel groups

- The improvement of the weather due to the end of the monsoon

- Increased airstrikes ","<20,000",4,"- Already vulnerable groups such as women, children, elderly, and people with disability

- Women and children are more at risk of heightened protection concerns 

- People living close to armed groups' bases

- A lot of the displaced people tend to stay in temporary shelters and some even have to flee to remote places such as forests. Such people lack access to basic services and aid. ",3,High,High,Materialised,2024-06-13
R0471,['Pakistan'],['PAK'],The end of the ceasefire between Tehreek-e-Taliban Pakistan and the Pakistan Government and the armed group calling for attacks across the country raise protection concerns and hinder humanitarian access in Balochistan and Khyber Pakhtunkhwa.,['PAK001'],Subnational,New emerging risk,2022-12-11,2024-06-13T13:54:31.000Z,,,"Tehrik-i-Taliban (TTP), also known as the Pakistani Taliban, is an umbrella organisation comprising various Islamist armed groups operating in Balochistan and Khyber Pakhtunkhwa provinces, along the Afghan–Pakistani border. It is regarded as the largest and deadliest militant umbrella organisation in Pakistan, with an estimated size of 3,000-5,000 fighters.

The Pakistan government and the TTP had agreed to an indefinite ceasefire in June 2022. However, the TTP announced on 28 November 2022 that they are ending the five month ceasefire after the Pakistan army ramped up operations against them in former northwestern tribal areas and elsewhere in Khyber Pakhtunkhwa province. The armed group has issued orders to its fighters to carry out nationwide attacks.

The TTP, since ending the ceasefire, has carried out multiple attacks resulting in several fatalities including a suicide bomb attack on 30 November 2022 near a truck carrying police officers in Baleli area in Quetta city (Quetta, Balochistan). Five persons, including a police personnel, were killed and 26 injured (23 police personnel, one woman, and two children). The police personnel were on their way to provide security to polio workers.

Attacks are expected to rise in the provinces of TTP's operations, Balochistan and Khyber Pakhtunkhwa, especially along the Afghanistan-Pakistan border. Attacks could hinder humanitarian operations that are targeting people affected by the 2022 floods. Furthermore, the security forces' response would also heighten the violence leading to protection concerns.

Update:
This risk has been materialised. Since the end of the ceasefire between the Tehreek-e-Taliban Pakistan (TTP) and the Pakistani government in late November 2022, there has been a notable increase in attacks across the country, particularly in Khyber Pakhtunkhwa and Balochistan. The TTP's intensified attacks have targeted security personnel, leading to casualties and injuries. In 2023, there was a 70% rise in attacks, with an 81% increase in fatalities and a 62% increase in injuries compared to 2022. In 2023, the major incident occurred with the Peshawar mosque bombing on January 30th, claiming the lives of 84 individuals and injuring over 225 others where TTP claimed responsibility. Later in September, 2023, twin bomb attacks on mosques resulted in the deaths of at least 59 people. One attack involved a suicide bomber killing at least 54 individuals during a parade near a mosque commemorating the prophet's birthday, while another targeted a mosque within a police station compound in Khyber Pakhtunkhwa province, resulting in five fatalities and a building collapse. While TTP denied involvement, speculation remains.These coordinated attacks highlighted the deteriorating security landscape in Pakistan and raised concern about the escalating threat posed by militant groups targeting both security forces and civilians. The aftermath of these events raised concern among communities. 
","- End of ceasefire between the armed group, Tehreek-i-Taliban, and the Pakistan government 

- Declarations by the TTP to conduct attacks across Pakistan","<20,000",3,"- Women and children in Pakistan are vulnerable to many forms of protection issues such as physical, psychological, and sexual violence and exploitation, including economic exploitation and trafficking. There is a lack of infrastructural and institutional support for women and children in the country. Any disaster or conflict tend to raise their protection concerns significantly.

- Humanitarian responders could be in the line of the armed group's attacks as TTP has previously attacked security personnel protecting healthcare workers 

- Already flood-affected people who need humanitarian assistance will be affected significantly, as the general rise in insecurity might result in constraints for humanitarian responders",2,Very High,High,Materialised,2024-06-13
R0472,"['Myanmar', 'Bangladesh']","['MMR', 'BGD']","Poor socioeconomic conditions, access restrictions, and increased insecurity faced by the Rohingya in Myanmar and Bangladesh push them to undertake more sea journeys, increasing their needs for food, protection, and health assistance","['MMR002', 'BGD002', 'REG011']",Regional,New emerging risk,2022-12-11,2024-07-14T18:47:50.000Z,,,"Rationale:
From February to December 2022, more than 3,700 Rohingya were reported to attempt the journey through the sea in Asia and the Pacific, with nearly 350 reported dead or missing. The number of displaced undertaking the journey in 2022 was higher than the previous record of around 2,400 in 2020. Most of Rohingya undertaking these risky maritime journeys were travelling from Myanmar or Bangladesh, fleeing bad socioeconomic conditions, insecurity, and protection concerns. Their intention is to head to other countries in the region where they hope to find better living conditions

The end of the monsoon season and winter time in the South and Southeast facilitates sea journeys, especially as there is an absence of storms.

Due to increased vulnerabilities of the Rohingya in Myanmar and Bangladesh, human traffickers induce Rohingya to take the path of illegal migration. This and end of monsoon season facilitating sea journeys, could increase the number of Rohingya undertaking sea journeys to leave the two countries. 

Impact:
During the journeys and at the destinations, the Rohingya, especially women and children, are very vulnerable to protection issues, especially sexual and gender based violence. Such journeys also tend to result in food and nutrition insecurity issues for the Rohingya as they have to travel for weeks with limited amount of food. Sometimes boats with Rohingya get stranded for weeks in the seas. The sea journeys usually comprise of severely overcrowded boats. This heightens the risk of spread of diseases and also raises hygiene concerns, especially for women and children.

Update:

The risk is materialising. Up until 14 July 2024, around 675 Rohingya have undertaken/attempted to undertake dangerous sea journeys in 2024. Around 4,500 Rohingya undertook/attempted to undertake dangerous sea journeys in 2023 (with around 570 reported dead or missing), mostly from Bangladesh and Myanmar to reach countries such as Malaysia and Indonesia in search of livelihood opportunities and better living conditions. The figure is 10% higher than that of 2022.

It is to be noted that, due to funding shortages, food rations for the Rohingya refugees in Bangladesh have been cut. Cut in food rations combined with violence, insecurity, and forced recruitment of Rohingya refugees in Cox's Bazar camps by armed groups for taking part in the conflict in Rakhine are likely to induce more Rohingya to undertake dangerous maritime journeys in the future. However, the current monsoon season is expected to reduce the number of journeys until September 2024.

The Rohingya have been denied citizenship in Myanmar since 1982 which rendered them stateless. Around 600,000 Rohingya are in Myanmar of whom more than 150,000 are confined to IDP camps. The resumption of conflict in Rakhine state could result in more Rohingya undertaking risky sea journeys from Rakhine state. Up until 15 June 2024, Rakhine has experienced a marked rise in conflict since the informal ceasefire between the Arakan Army (AA) and the military junta broke down in November 2023. Since the breakdown of the ceasefire, the conflict in the state internally displaced more than 200,000 people. The political dynamics of the conflict in Rakhine state has also stoked intercommunal violence. The overall situation in in Rakhine state has deteriorated significantly since the end of 2023 and may induce more Rohingya to undertake risky maritime journeys.","- Poor socioeconomic conditions, access restrictions, and increased insecurity faced by the Rohingya in Myanmar and Bangladesh

- Human traffickers being able to induce more Rohingyas to take the path of illegal migration due to the latter's increased vulnerabilities

- End of monsoon season facilitating sea journeys","<20,000",5,"- The poorest, the ones without a source of livelihood, and the ones who are unemployed among the Rohingya in Myanmar are most likely to undertake the journeys 

- Women and children are very vulnerable to sexual and gender based violence during journeys and also at their destinations. 

- The Rohingya travelling on boats are also very vulnerable to food and nutrition insecurity, due to limited amount of food during their travels. 

- Overcrowded boats result in health and hygiene issues for the Rohingya, especially for the women and children",4,High,High,Active,2024-07-14
R0475,"['Kosovo', 'Serbia']","['RKS', 'SRB']",The escalation of tensions between Serbia and Kosovo leads to clashes that result in displacement and needs for shelter and healthcare services.,,Regional,New emerging risk,2023-01-08,2024-06-13T13:54:31.000Z,,,"Following the start of the Russian invasion of Ukraine on 24 February 2022, tensions increased in the Balkan region, mainly between Serbia and Kosovo. In August 2022, Kosovo issued new rules to force the minority Serbs (100,000 people) to switch to car plates and personal documents issued by the Kosovar rather than the Serbian government, causing anger and protests among Serbs.

Tensions continue to increase with the presence of more military forces and sporadic attacks against Serbs. On 6 January 2023, two Serbs were shot in Kosovo by an extremist, leading to more tensions between the two nations. Protests have also increased in May in north Kosovo, Zvecan city after ethnic Albanian mayors were installed in Serbian-dominated areas, and there has been clashes between protestors and  NATO peacekeeping troops.

The EU has been mediating to resolve the dispute between Serbia and Kosovo since 1999. The sense of nationalism has been increasing and will likely result in more sporadic attacks and trigger a wide-spread conflict. 

Deriving from the outcome of previous clashes between the two countries in 1999, in case of escalation of tensions many people will likely be displaced or killed in clashes. People will likely need emergency shelter assistance, especially during the winter season (November – March). Healthcare needs will likely be high to treat people injured during clashes. 

The escalation of conflict between Serbia and Kosovo will also likely drive more tensions and possibly clashes in Bosnia and Herzegovina.

As at December 2023, tensions are still being reported between the two countries; however, it did not evolve into clashes that lead to displacement and humanitarian needs. 
","- Failure of EU mediation to solve the dispute between Serbia and Kosovo.
- Increased nationalism.","100,000-250,000",3,"People would have the capacity to cope with the crisis at the beginning, as there are no previous major clashes that took place in the past 20 years. They will likely face movement restrictions due to insecurity.",4,Medium,Medium,Not materialised,2024-06-13
R0476,['Italy'],['ITA'],New restrictions on humanitarian rescue operations in Italian waters of the Mediterranean Sea will likely increase the numbers of dead and missing migrants.,['ITA002'],Regional,Marked deterioration in an existing crisis,2023-01-11,2024-06-13T13:54:31.000Z,,,"Potential new restrictions imposed by the Italian government on NGO rescue ships will likely be affecting operations and increase cases of dead and missing migrants at the Mediterranean Sea (already considered the most dangerous migration route). 

In December 2022, the Italian government stated that rescue organizations will only be able to carry out a single rescue each time they are at sea. In addition, it recently designated Ancona port for NGO rescue ships to dock, which is far away from Sicily where NGO boats normally disembarked rescued migrants. As at early January 2023, the government has rejected a NGO's  request to dock in closer safe port after rescue operations.

In addition, the increasingly deteriorating economic situation in the migrants’ countries of origin such as Egypt, Tunisia, and Bangladesh will likely drive more people to take the Mediterranean Sea journey while NGOs are facing more restrictions on their rescue operations. 

The number of migrants arriving in Italy has increased by nearly 55% between 2021 – 2022 (from 67,477 in 2021 to 104,484 in 2022) while the number of dead and missing migrants has been on the rise since 2019, increasing by more than 100% between 2019 – 2021. 

As at December, the increased restrictions have led to delays in rescue operations. In June, The Italian Coast Guard has apprehended two vessels from non-governmental organisations operating in the Mediterranean Sea for 20 days, after they breached laws preventing ships deployed to rescue migrants from carrying out multiple operations in a row. 
","- New restrictions imposed by the Italian government on humanitarian rescue ships.
- Increased migration flows from countries of origin such as Tunisia and Egypt because of a deteriorating economic crisis.
- Severe weather during winter (December - February)","20,000-100,000",4,"People stranded at sea have no coping strategies and they are extremely vulnerable. They face a risk of dehydration and malnutrition. Mainly, they are at great danger of downing since migration boats are weak and unsafe. Women and children are the most vulnerable, especially unaccompanied children.",4,Medium,Medium,Materialised,2024-06-13
R0477,['Ukraine'],['UKR'],"The prolonged strain on local responders leads to burnout and reduced response capacity, severely affecting the provision of humanitarian assistance in frontline and remote areas",['UKR002'],National,New emerging risk,2023-01-19,2024-06-13T13:54:31.000Z,2023-01-19,https://www.acaps.org/sites/acaps/files/slides/files/20220118_acaps_ukraine_analysis_hub_outlook_and_risk_analysis_2023_1.pdf,"Rationale:
Ukrainian NGOs and volunteers have continued as the main providers of direct humanitarian assistance since the escalation of conflict on 24 February, especially in remote and frontline areas. Local volunteers also help communities to remain resilient during periods of Russian-imposed control, when access to aid and public services is typically cut off. Because of limited bureaucracy, a higher risk tolerance, and access to social networks and local knowledge, regional responders have been able to identify and react swiftly to intensifying needs in each locality, while international bodies have often struggled to establish or scale up their in-country presence. Nevertheless, the UN and INGOs are the recipients of the vast majority of funding. As the crisis has continued to demand a high intensity and large-scale response, the sustainability of the local humanitarian effort has been of increasing concern. Aside from facing constant safety and security risks, responders face burnout, stress, the displacement of staff, and burdensome bureaucratic procedures for obtaining and managing funds from international bodies.
While access remains severely constrained across all oblasts along the frontlines because of insecurity, Ukrainian military advances have re-established control over large areas in October–November, granting access to high numbers of people in need of assistance who were previously beyond the reach of humanitarians. The escalation of attacks on the energy infrastructure and the onset of winter will further increase humanitarian needs throughout the country as well as procurement challenges, particularly for construction and insulation materials for repairing damaged homes. At the same time, Ukrainians will have less disposable income to donate in support of the local response as they grapple with high unemployment, rising inflation, and declining incomes, and donations from abroad are expected to decrease as well because of conflict fatigue and the negative economic effects of the Ukraine crisis on Western economies. Without adequate resources to counter these worsening strains on local responders, their capacity to provide assistance will be reduced, affecting the people who depend on humanitarian assistance in frontline and remote areas. As more areas become accessible, the need for an effective humanitarian response will continue to increase and depend on local responders.

Impact:
Local responders are critical in getting humanitarian aid to remote and frontline areas where many people stay despite the damage and destruction. If burnout and a lack of resources incapacitate them, people in these areas would have severely reduced access to critical and emergency food, WASH, health, NFI, and shelter assistance. Public health would suffer, as a lack of aid combined with harsh winter weather would create conditions that leave people more vulnerable to the spread of disease. Over time, they may feel abandoned, and their resilience will deteriorate, leading to poor mental health outcomes and the use of negative coping mechanisms. All these factors will reduce trust in both humanitarians and public authorities in the most conflict-affected communities, creating social stress and making it more difficult to implement relief, recovery, and reconstruction projects in the future. International responders will not effectively fill the gaps left by Ukrainian NGOs and volunteers because social networks, local knowledge and resources, and language skills cannot be easily replicated or transferred. Local responders have also developed significant trust within affected populations and are key to a sustainable response and reconstruction in the longer term. If local responders and volunteers are incapacitated, outside organisations will not be able to coordinate humanitarian action as effectively. Without adequate access or information, they risk distributing aid unevenly or delivering the wrong kind of assistance entirely, leading to widening gaps in the response and increased suffering among affected people – particularly those in more remote areas or with low mobility who cannot access humanitarian distribution points on their own.

Update 1: 
It is extremely difficult to assess to which extent this risk has materialised so far, including because of sensitivity and limitations of information in frontline areas, however it remains a relevant risk in the context of protracted hostilities and continuous shelling of frontline areas by the Russian military, therefore, this risk is likely increasing as the full-scale Russian invasion enters its second year. 

The demography of the population who lives in remote frontline areas remains elderly people with mobility issues, many of whom have no support systems, making them highly vulnerable to the risk (Suspilne 29/05/2023). Children are another highly vulnerable population group, particularly at risk of being forcefully taken into Russia and separated from parents. These vulnerable population groups continue to depend on governmental and humanitarian assistance and evacuations, largely comprised of Ukrainian workers and volunteers, many of whom risk their own safety to aid the people in need in insecure front line areas (Suspilne 31/05/2023). 

Update 2  (12/2023):

Humanitarian response to frontline areas is challenging however it is ongoing. This risk has not materialised.
","- Increasing burnout and fatigue among local responders
- Active conflict, energy disruptions, and winter
- Rising humanitarian needs
- Reduced donations
- Insecurity
- Bureaucracy",">500,000",3,Many people stay despite the damage and destruction. Lack of aid combined with harsh winter weather would create conditions that leave people more vulnerable to the spread of disease.,3,Medium,Medium,Not materialised,2024-06-13
R0478,['Ukraine'],['UKR'],"Changes to mechanisms for social service payments lead to increased socioeconomic stress, undermining social cohesion and community resilience",['UKR002'],National,New emerging risk,2023-01-19,2024-06-13T13:54:31.000Z,2023-01-19,https://www.acaps.org/sites/acaps/files/slides/files/20220118_acaps_ukraine_analysis_hub_outlook_and_risk_analysis_2023_1.pdf,"Rationale:
The 2023 GoU budget has a deficit of USD 38 billion, in comparison to USD 6.7 billion in 2021. The 2023 budget adopted on 3 November by the GoU includes a quadruple increase in the country’s defense expenditure (over 40% of the budget). At the same time, the budget for social services will be USD 21.7 billion (over 30% of the budget). Considering the budget deficit, the GoU plans most of the social expenditure to be covered by external donors, foreign grants, and loans, which are subject to the availability of funding. 

Because of economic austerity, neither the minimum wage nor the average living wage will increase in 2023. There are also no plans for the revision of pensions and other social benefits during the year. Inflation was expected to reach 30% by the end of 2022, and real wages dropped by 27%, diminishing the purchasing power of Ukrainian households. 

In October 2022, the GoU was planning to merge its social benefits fund with the state pension fund, as part of an overall restructuring of the economy, owing to the war. This plan intended to come into effect in January 2023. Ukraine’s social benefits fund provided payments for citizens unable to work temporarily because of illnesses, maternity leaves, disabilities, or workplace accidents. The fund also provided medical and social services to those who have contributed before. The COVID-19 pandemic and the current conflict have left the fund with a significant fund deficit. By October 2022, over 1.75 million citizens have applied for assistance from the fund, resulting in over three months of administrative delays in payments. The GoU argues that the merger of the social benefits fund with the state pension fund will cut administrative costs and streamline payments, addressing the deficit, but many within Ukrainian civil society suggest that it is untimely while the war is taking place. Critics fear that the plan, which was implemented prior to the February 2022 country's invasion, could delay social assistance mechanisms put in place in response to it. They also highlight that displacement has led to a reduced number of staff, limiting administrative capacity in implementing the plan. Because the pension fund itself already had a deficit, there is concern that it cannot fulfil its new role especially during a time of war. If efforts to make social expenditures dependent on external sources and to restructure the economy disrupt social payments to affected populations, the resulting household economic stress will drastically affect poverty levels and increase the risks of adoption of negative coping mechanisms and undermine social cohesion.

Impact:
Disruptions to social assistance benefits, combined with high unemployment and rising inflation, will further worsen poverty in Ukraine. By early 2023, 25% of the population in the country will be living in poverty (less than the global line of USD 6.85 a day), which is more than a fourfold increase from 5.5% of the population in 2021. 60% of the population in the country will also have an income below the national poverty line. This issue means that the number of people applying for assistance will increase even as payments are delayed or insufficient. Large families, elderly people, people with disabilities, female-headed households, people with financial burdens, and people without productive assets nor family and social support networks will be the most affected. As the system of social service provision deteriorates because of the war and its impact on Ukraine’s budget, vulnerable people will find themselves further marginalised and experience increased suffering from psychological distress, illness, violence, and a poor quality of life. Without adequate protection, people may find themselves at increased risk of forced labour and human trafficking or turn to negative and crisis coping mechanisms, such as the selling of critical assets or engaging in transactional sex for survival. Without the mitigating effects of timely and sufficient social payments, rising poverty, in combination with large-scale displacement, will aggravate social tensions and GBV resulting from financial stress. In particular, social cohesion between host communities and IDPs is already fraying in some areas. Tensions between host communities and IDPs have appeared in places like Zaporizhzhia, Mykolaiv, and other areas hosting large numbers of displaced people while also suffering frequent attacks. Host communities blame IDPs for a perceived rise in crime and for competing with them for scarce job opportunities. Zaporizhzhia residents also complain about aid distribution practices. In other oblasts, such as Kharkiv, residents complained about people abusing the system and trying to obtain multiple aid packages.

Updates: 
The Government of Ukraine decided to raise pensions by 20% in March 2023, despite it not being required in the State Budget for 2023 and despite the budget deficit, likely covered by bilateral international aid. The pension raises are for several groups, including disabled and elderly. 

Despite concerns of significant disruptions to social protection payments and the state budget deficit, the government has been paying out pensions, housing subsidies, and social benefits in the first half of 2023 (Gov’t of Ukraine 31/05/2023). Increasing international commitment for direct financial aid to Ukraine (Pravda 13/05/2023) has largely mitigated this risk from materialising so far. 

Because of other changes to the social protection mechanism required by the International Monetary Fund (IMF), some aspects of this risk remain relevant in the foreseeable future. The sustainability of the latest $15.6bn IMF loan to Ukraine requires changes to pension and social payments, limiting the number of people who get government benefits (SE 05/05/2023), however, overall, this risk has not materialised. The government continues to provide social payments with the support of international financial assistance.

","- Decreased social service capacities.
- Delays in social services.",">500,000",4,"By early 2023, 25% of the population in the country will be living in poverty (less than the global line of USD 6.85 a day), which is more than a fourfold increase from 5.5% of the population in 2021. 60% of the population in the country will also have an income below the national poverty line.",4,Low,Medium,Not materialised,2024-06-13
R0479,['Ukraine'],['UKR'],Criticism of the Russian leadership for military withdrawals leads to increased retaliatory attacks against civilians in Ukraine and the use of unconventional weapons,['UKR002'],National,Future impact of a hazard which has already taken place,2023-01-19,2024-06-13T13:54:31.000Z,2023-01-19,https://www.acaps.org/sites/acaps/files/slides/files/20220118_acaps_ukraine_analysis_hub_outlook_and_risk_analysis_2023_1.pdf,"Rationale:
The withdrawal of Russian forces from Kharkiv and Kherson oblasts in September and November 2022, respectively, generated significant criticism within Russia. Influential hardliners in the country, including the head of the Wagner armed group, Yevgeny Prigozhin, have criticised the regime and advocated for an escalation of attacks against Ukraine. This escalation would involve continuing to target civilian infrastructure and potentially use unconventional weapons, both in retaliation for Ukrainian advances and as an overall strategy for furthering the invasion’s objectives. Prior to the invasion, observers predicted that Putin would remain in power until 2036. That said, his power largely stems from his image as a strong leader and support from his inner circle. Criticisms among elites because of continued military losses in Ukraine, combined with domestic discontent arising from the impact of the war within Russia, could call this image into question. Putin will be increasingly concerned with shoring up the status of his own power and hitting back against opponents who want to gain power for themselves. One indicator of his increasing wariness of dissent is the expansion of the infamous ‘foreign agents’ law in December 2022 to include almost any person or organisation expressing opinions about Russian authorities. Military losses in Ukraine have affected perceptions of Russian military power inside Russia. Increasing criticism of the Russian leadership for military withdrawals from Ukrainian territories, particularly from strategic and symbolic areas such as Crimea, will lead to increased retaliatory attacks against civilians in Ukraine. Russia could launch a renewed barrage of attacks that result in the widespread destruction of critical infrastructure, including electrical grids, communication facilities, and decision-making centres. Attacks with chemical or even nuclear weapons cannot be excluded as a means of trying to force Ukraine into making territorial concessions.

Impact
According to the UN, as at early December 2022, the Russian invasion had resulted in over 17,000 Ukrainian civilian fatalities since 24 February 2022, although the actual figure is likely much higher. The impact of the use of unconventional weapons, such as chemical or nuclear weapons, would greatly depend on the location targeted, but it is highly likely to result in a rapid increase in civilian deaths and injuries and mass displacement. These weapons can also have long-term environmental and health consequences, contaminating large areas of land or water and causing severe access disruptions as well as long-term health problems for those who are exposed to them. If Russian troops already experiencing low morale perceive increasing instability or infighting inside the Kremlin, this will further reduce discipline and increase the lack of accountability. This, in turn, could result in even greater numbers of atrocity crimes and incidences of looting of homes and businesses – especially if irregular armed groups like Wagner continue to consolidate their influence. The use of unconventional weapons will also result in more damage to civilian and critical infrastructure and lead to a further loss of livelihoods from contaminated areas, both within Ukraine and abroad, causing long-term consequences and protracted crisis. The use of unconventional weapons will embolden Russian soldiers and armed groups to use more violence. Atrocities against civilians will intensify psychological trauma, compounding the current stresses of displacement; the lack of access to aid or services; the deaths and injuries of civilians; the destruction of homes, jobs, and social networks; and persistent fear. Children, youth, and older persons are particularly vulnerable to these effects. Despite devastating effects on mental health and the high prevalence of trauma-related disorders among Ukrainians, challenges such as stigma, lack of awareness, and lack of resources will make it harder for people to recover.

Updates 2023: 

This risk has not materialised within the anticipated timeframe of the first half of 2023. In fact, the Ukrainian counter offensive did not start till June 2023, and by late June, only 130 square kilometers were liberated. 

While significant Russian withdrawals did not materialise, criticism of the Russian ministry of defense by Prigozhin, the leader of Wagner PMC culminated in a mutiny on 23 June 2023 during which Wagner took control of some areas inside Russia. While the mutiny ended, the aftermath of the reported deal between Wagner's leadership and the Kremlin is still developing inside Russia. Another known public critic of Putin, Girkin was arrested in July.

This risk remains probable in case of significant Russian withdrawals that would heighten criticism of the Kremlin inside Russia. On average, 75% of Russians are reported to support the war on Ukraine, and the majority are against the return of illegally annexed territories. This risk remains relevant in the lead up to the Russian Presidential elections in March 2024, as the incentive to stop any potential Russian army withdrawals increases to avoid public criticism inside Russia.

Update 2024:

As at late February 2024, this risk has not materialised. There has been no major withdrawals by the Russian forces, and the Russian leadership has effectively been able to jail or silence those who openly criticize it.



","- Russian military withdrawals
- Criticism of the Russian leadership inside Russia
- Russian military threatened by being perceived as weak",">500,000",4,"Attacks and violence against civilians will intensify psychological trauma, compounding the current stresses of displacement, lack of access to aid or services, the deaths and injuries of civilians, the destruction of homes, jobs, and social networks, and persistent fear. Children, youth, and older persons are particularly vulnerable to these effects",5,Low,Medium,Not materialised,2024-06-13
R0480,['Ukraine'],['UKR'],"The targeting of structures supporting Ukrainian nuclear power plants’ safety causes more extensive power outages and potential nuclear incidents, leading to immediate and long-term radioactive-related health issues and environmental contamination",['UKR002'],National,Future impact of a hazard which has already taken place,2023-01-19,2024-09-16T10:43:10.000Z,2023-01-19,https://www.acaps.org/sites/acaps/files/slides/files/20220118_acaps_ukraine_analysis_hub_outlook_and_risk_analysis_2023_1.pdf,"Rationale: 
Russian forces have continuously targeted Ukraine’s energy infrastructure since the February 2022 invasion, with a particular focus on weaponising critical nuclear power plants (NPPs) that drive Ukrainian energy production. Temporary power outages have affected all Ukrainian nuclear power plants since 10 October and put several of them at least temporarily out of use. As more than half of Ukraine’s electricity in 2021 was produced with nuclear power, the further disconnection of those plants, either because of power shortages or direct attacks, would lead to a severe disruption of electricity across the country. Russian forces temporarily controlled the nuclear site in Chernobyl, Kyiv oblast, at the beginning of the invasion. They have been in control of the Zaporizhzhia nuclear power plant (ZNPP) – the largest in Europe, with six reactors – since March 2022. There was also an attack on the power lines of the South Ukraine NPP in Mykolaiv oblast in response to Russian hardliners who called for such a retaliation following the Ukrainian counteroffensive in Kharkiv oblast. Most recently, in November 2022, all NPPs were temporarily shut down because of a successive wave of Russian attacks on Ukraine’s power grid, causing countrywide power outages. The ZNPP is particularly vulnerable to a retaliatory attack should Ukrainian forces continue to regain significant territory back, particularly towards Crimea that has been occupied by Russia since 2014. Occupying the ZNPP is strategic for Russia partly because it can continue to intimidate Ukraine and its western allies with the threat of a nuclear accident should Ukrainian forces try to recapture it by force. The ZNPP’s main power lines have been routinely targeted, compromising the safety of the site and forcing the facility to rely solely on backup diesel generators to continue cooling the reactor. The disaster at the Fukushima Daiichi nuclear power plant in 2011 provides a worrying lesson, as a nuclear meltdown resulted from the failure of backup diesel generators after they were flooded. While the ZNPP’s generators would not face this kind of environmental catastrophe, problems with the availability of fuel or military damage and the impossibility of a quick repair because of insecurity would have similarly catastrophic consequences. The ZNPP is located on the Kakhovka Reservoir on the Dnipro River, which supplies the water that cools its spent fuel rods to prevent a nuclear meltdown. Russian forces could attack the Kakhovka dam to cause a major flooding event, which would prevent or delay Ukraine from advancing into eastern Kherson. Any attacks on the dam would lead to an irreversible reduction in the water level in the Kakhovka Reservoir, which would in turn risk a nuclear reactor accident. If Russia starts regularly targeting other NPP power lines or conducting strikes in proximity, it may force Ukraine to shut down reactors in other NPPs and in turn reduce power production, requiring Ukraine to import more electricity instead of exporting it. Because of Russian attacks, Ukraine has already halted electricity exports, which is a much needed economic source at a time when the 2023 state budget has a deficit of 20% of the projected GDP. The current weaponisation of nuclear plants by Russian forces will continue to undermine the safety of NPPs and, in the worst-case scenario, result in a nuclear incident with severe health and environmental consequences.

Impact:
Russian attacks against Ukraine’s power grid will result in more frequent emergency shutdowns of NPPs, creating nuclear safety concerns and significantly disrupting the population’s access to power. This issue, in turn, will limit access to electricity, running water, heating, communications, and public services. Frequent power outages will affect small businesses, which will either close down, reduce their services and in turn diminish employees’ incomes, or increase expenses because of their reliance on diesel generators. Safety concerns will lead to the displacement of people living near NPPs and in turn increase the number of people requiring urgent humanitarian assistance, including emergency shelter. People living in surrounding areas will experience severe psychological stress as they face evacuations and protracted displacement. Should a nuclear meltdown occur, people in Ukraine and further afield would suffer devastating health effects in both the short and long term. NPP site staff and residents of nearby areas would be at immediate risk of acute radiation syndrome, which causes nausea, vomiting, skin burns, immune deficiency, loss of consciousness, and, potentially, death. Children and younger people are more at risk of the negative effects of radiation because they have more time to develop as they grow, putting them at heightened risk of cancer or cardiovascular and musculoskeletal diseases in the future. Healthcare system and emergency services will be further strained with the public health crisis, especially as these systems are already affected by the infrastructure damage and power cuts. Depending on wind conditions, there is a low threat that the detrimental health effects of radioactive material could spread to people throughout Ukraine, as well as Russia, Europe, and potentially the Middle East and Northern Africa. The public health crisis will further strain healthcare systems and emergency services. In the event of shelling and damage to nuclear fuel and waste storage containers, the ZNPP’s proximity to the Dnipro River could result in the release of radioactive material into the Black Sea. This would cause both environmental and economic disasters, as the Black Sea’s semiclosed ‘cul-de-sac’ shape would trap the material, killing off marine life and demolishing the fishing industries of surrounding countries. Contaminated water in both the Dnipro River and the Kakhovka Reservoir would also severely damage local agriculture and the livelihoods that depend on it in the area, as these are important sources for agricultural irrigation.

Updates:
In February 2023, Russian media called for the Russian military to carry out airstrikes that would systematically target electrical infrastructure supporting Ukrainian nuclear power plants (NPPs) to force Ukraine to conduct emergency shutdowns, making the restart of NPPs difficult. While these calls did not advocate for Russian forces to cause radiological events, the Russian news Readovka called for greater damage to Ukraine's energy production capabilities (ISW 18/02/2023).

Also in February 2023, Russia blocked the rotation of the International Atomic Energy Agency (IAEA) to the Zaporizhzhia Nuclear Power Plant. (Euro Maidan Press 19/02/2023; IAEA 28/02/2023). After weeks of delay, IAEA rotation took place on 2 March (IAEA 02/03/2023).

Although a nuclear incident has not materialised within the anticipatory timeframe of the first half of 2023, the protracted safety issues continue to make it an active risk. The militarisation of the Zaporizhzhia nuclear plant (ZNPP) by Russia remains a risk to nuclear safety (IAEA 30/05/2023; James Town 01/06/2023; IAEA 28/11/2023).

There are also reports that Russian authorities are pressuring the Ukrainian workers who refused to sign contracts with the Russian atomic agency to lose licenses, and that recently 30 licensed staff left, which increases the already high safety risks at ZNPP (Kyiv Independent 21/07/2023).

On 18 February, the Russian deputy chairman of Russia's Security Council, and former president of Russia threatened to use nuclear weapons against Ukraine and some of its allies if Ukraine retakes the territory occupied by Russia. 

On 22 March, during one of the largest large-scale attacks on Ukraine, connection to external power was disconnected again. 

In April 2024, the ZNPP was hit by drones, including reactor building number 6. The incident again undermined nuclear safety of the facility.

In August 2024, a large smoke could be observed at ZNPP. IAEA determined it was caused by burnt plastic having found traces at the bottom of the site. The Russian authorities claimed it was caused by a drone, however, did not provide access to IAEA to access the top of the site where the smoke was observed. This is likely a provocation by the Russian authorities as part of ongoing nuclear threats since 2022, this time in reaction to the ground incursion of the armed forced of Ukraine into Kursk oblast earlier the same month. In the largest mass attack on energy infrastructure since 2022, on 26 August, the Russian forces targeted electrical substations that are crucial for nuclear safety. If destroyed, they would result in a power outage that could result in release of radiation, because NPP reactor cores could overheat without access to power. In reaction to this risk, IAEA started monitoring the electrical substations.","- Russian withdrawal 
- Ukrainian military advancement
- Mining/setting up explosives in the site infrastructure increases the risk of radioactive impact",">500,000",5,"People already have limited access to electricity, running water, heating, communications, and public services. Frequent power outages will affect small businesses, which will either close down, reduce their services and in turn diminish employees’ incomes, or increase expenses because of their reliance on diesel generators. ",5,Low,Medium,Active,2024-09-16
R0483,['Ukraine'],['UKR'],"Russian territorial advancements in Donetsk oblast lead to displacement, protection risks, and impeded access to basic goods, services, and humanitarian aid",['UKR002'],Subnational,Marked deterioration in an existing crisis,2023-01-19,2024-09-16T10:43:31.000Z,2023-01-19,https://www.acaps.org/sites/acaps/files/slides/files/20220118_acaps_ukraine_analysis_hub_outlook_and_risk_analysis_2023_1.pdf,"Rationale: 
Russian forces are conducting offensive military operations on the frontline close to Avdiivka, Bakhmut, and Vuhledar cities in Donetsk oblast, aiming to encircle Bakhmut city. They made territorial gains in the area as at late November and early December. Although it would be of limited strategic value, the capture of Bakhmut would potentially allow Russian forces to advance towards Kramatorsk and Sloviansk cities. It would also be a face-saving measure given Russia’s failure to make significant territorial gains since July 2022 and its retreat from Kharkiv and Kherson oblasts in September and November 2022. The mercenary Wagner Group is leading the Russian offensive in Donetsk oblast, relying on rank-and-file soldiers redeployed from Kherson in a high-casualty slow-gains strategy. Success in Bakhmut would help Prigozhin, head of the Wagner Group, expand his growing political influence in Russia. Although Russian forces have been widely implicated in violence against civilians in Ukraine, the Wagner Group is especially notorious for its brutality and lack of accountability in the other countries where it operates, including Mali and the Central African Republic. Over 70,00 people lived in Bakhmut city prior to February 2022, but as at January 2023, only an estimated 7,000 people remained. Constant shelling by Russian forces has resulted in widespread damage, civilian casualties, and consistent insecurity. Access to electricity, running water, heating, gas, shelter repair materials, medicine, health services, and communications is severely constrained. People no longer able to cope with these conditions are forced to rely on local responders with limited resources to evacuate. If Russian forces ultimately take control of Bakhmut, civilians will suffer increased casualties, forced displacement, and extremely harsh living conditions with limited access to humanitarian aid.

Impact:
Based on experiences in newly accessible areas, Russian advances will put civilians at risk of injuries, death, and further abuses, including sexual violence. Local responders will also face higher casualties as they work to evacuate people whom international bodies cannot reach. The civilians who choose to stay behind or are unable to leave will experience ‘filtration’ and forced transfers to Russia, where they may be detained, disappeared, or unable to voluntarily return to Ukraine. Although Russian territorial advances cause displacement among all population groups, older people are often the last to leave, and many choose not to leave their homes at all. If Russia takes control of Bakhmut city, there is a high probability that civilians will lack access to heating, food, and critical medicine when humanitarian aid and supplies are cut off. This outcome will leave older people in particular at high risk of death in areas under Russian control. The situation will continue to worsen as Russian forces divert medical resources in Donetsk oblast from civilians to their own wounded soldiers. As civilian surgeries and medical procedures are postponed, patients face increased health complications and death. If the frontline shifts as Russia continues its offensive in Donetsk, new areas will come within range of targeted Russian shelling. This situation will expose new groups of people to damage, destruction, and, in turn, more insecurity, reduced access to public services and humanitarian aid, and displacement.

Updates:
By late May 2023, the Russian forces and the Russian armed groups offensive and attrition tactics in Donetsk oblast, culminated in Russia taking control of Bakhmut city (Aljazeera 20/05/2023), advancing at least 300 km2 in Donetsk oblast overall in the first half of 2023 (ISWN 31/05/2023). Bakhmut city itself had a population of 70,000 prior to the full-scale Russian invasion in 2022 (Aljazeera 21/05/2023), is now almost entirely depopulated by displacement away from the hostilities. Evacuations from insecure areas of Donetsk to safer oblasts are ongoing (Gov’t of Ukraine 18/04/2023; Suspilne 31/05/2023). The population in the surrounding towns, such as Soledar, that fell under Russian control has also been mostly displaced, and people who remained in the areas under Russian control can no longer be reached by humanitarians.

The Russian military continued to conduct an offensive in Donetsk oblast, with reportedly advancing near Avdiivka, Marinka, and Bakhmut cities in November 2023.

In February 2024, the Russian forces took control of Avdiivka. Delays in military assistance to Ukraine likely impacted the defense of Avdiivka. Most of the 30,000 people who lived in Avdiivka 30,000 people had already been displaced prior to the Russian military advances, as the city had already been almost completely destroyed. As at April 2024, the Russian military continues to focus on offensives in Donetska oblast, particularly on Chasiv Yar town. In early July, the Russian forces took control of Kanal district in Chasiv Yar city where clashes are ongoing.

In August 2024, the government of Ukraine issued mandatory evacuations from Pokrovsk city as the Russian forces advanced towards it. Considering Pokrovsk is a frontline humanitarian hub the implication on humanitarian response is significant. As of 12 September, 28,000 people in Pokrovska hromada were left without essential services. 

On 12 September, an ICRC aid truck was destroyed in shelling near the frontline and there were five casualties among staff.


","- Russian offensive in Donetsk oblast led by the Wagner Group
- Russian forces into territories near Bakhmut city in Donetsk oblast
- Delays in ammunition and military support to Ukraine from major partners in EU and US
",">500,000",5,"Although Russian territorial advances cause displacement among all population groups, older people are often the last to leave, and many choose not to leave their homes at all. People already lack access to electricity and heating. ",5,High,High,Active,2024-09-16
R0484,['Ukraine'],['UKR'],"Fighting intensifies in eastern Kherson oblast during the winter months, deteriorating security levels and the population",['UKR002'],Subnational,Marked deterioration in an existing crisis,2023-01-19,2024-06-13T13:54:31.000Z,2023-01-19,https://www.acaps.org/sites/acaps/files/slides/files/20220118_acaps_ukraine_analysis_hub_outlook_and_risk_analysis_2023_1.pdf,"Rationale: 
Ukraine announced a southern counteroffensive in late August 2022. By mid-November, the Ukrainian army had pushed Russian forces out of parts of southeastern Mykolaiv and western Kherson oblasts. Since pushing Russian forces out of parts of southeastern Mykolaiv and western Kherson oblasts. Ukraine has focused its counteroffensive on southern Kherson oblast and the Crimean Peninsula. Crimea, which Russia has occupied since 2014, is highly strategic for Russia given its navy base, access to the Black Sea, and symbolic value. Russian forces began fortifying their positions in eastern Kherson oblast in early October. As they withdrew, they continued heavily shelling the area, which prompted voluntary evacuations. Weather conditions during the cold season, which will endure until April, will influence the pace of the conflict for Ukrainian and Russian forces. While spring rains make the ground muddy, slowing the movement of tanks and army vehicles, frozen ground with the onset of winter will allow for faster troop movements. Winter also leads to decreased forest coverage, making it easier to spot and target enemy forces. Given these conditions, it not expected that either Russia or Ukraine intends to reduce military activities during the winter. To prevent or delay Ukrainian advances, Russian forces could instigate mass flooding by attacking the Kakhovka dam on the Dnipro River in Kherson oblast. A major attack would flood over 80 settlements in the vicinity and affect thousands of people. Russian forces already partially damaged the Khakovka dam when they withdrew from western Kherson on 11 November 2022. This attack is part of a pattern of Russian attacks on dams, including a missile assault on a dam in Dnipropetrovsk in September which would have affected 150,000 people had the damage been more substantial. Because control over the Kherson oblast is key to the highly strategic Crimean Peninsula, there is a significant risk of intensified hostilities, the use of unconventional weapons, and major protection concerns for civilians in the area.

Impact: 
A lack of access to running water, electricity, gas, heating, medicine, and other critical needs in the Russian-controlled part of Kherson oblast during winter will make living conditions harsh and worsen vulnerabilities to illnesses and declined health conditions, particularly for elderly people who have a higher incidence of chronic diseases and disabilities and are less willing to evacuate. The looting of private homes, businesses, and public infrastructure by the Russian soldiers will have long-term impacts on the affected population, as it leads to the loss of income and livelihoods and to depleted savings and national resources, making people more vulnerable to poverty because of eroded resilience. It also makes increases their dependence on humanitarian aid when the area becomes accessible. Russian forces will continue to engage in heavy shelling, which will prompt evacuations. Russian forces will likely forcibly transfer people, including unaccompanied children, from Kherson oblast to Russia. Forced displacement uproots communities from their places of origin, important social support systems, and livelihoods, putting families at risk of separation and men, women, and children at high risk of abuse and detention by the Russian forces. Men, including members of Tatar ethnic minorities in Crimea, are particularly at risk of forced recruitment by the Russian military.

Updates 2023: 
 The risk of intensified fighting in the eastern Kherson oblast has not materialised in the last 6 months, because Ukraine has not continued its counter offensive in the Kherson oblast, although remains probable in the foreseeable future. There is no definite information on why a counter offensive has not taken place in the last 6 months, particularly during winter months. The Ukrainian counteroffensive officially started in June and is progressing at a regular pace, and is not rapid as the Kharkiv and western Kherson counteroffensives. 

Some other aspects of this risk (in relation to both the hazard and impact) have materialised in the last 6 months, particularly the envisaged forced conscription of Ukrainian men in the occupied parts of Kherson and Crimea (Zmina 15/05/2023), the forced displacement of unaccompanied children, and looting of private resources. Another aspect related to the hazard materialised, which is the destruction of the Kakhovka hydroelectric power plant on 6 June 2023 (Kyiv Independent 06/06/2023; NYT 16/06/2023). 

As the winter season of 2023/2024 started, this risk continues to be active. Active fighting along the frontline in Kherson oblast is ongoing, and the Russian military continues to shell the frontline areas, including Kherson city.

Update 2024:

As at February 2024, the frontline in Kherson oblast remains similar to the previous year. While there may be more developments in the future, for now this risk can be considered not materialised.","- Frozen ground facilitates military movement
- Ukrainian counteroffensive
- Russia fortifying its positions in eastern Kherson ",">500,000",4,"A lack of access to running water, electricity, gas, heating, medicine, and other critical needs in the Russian-controlled part of Kherson oblast during winter will make living conditions harsh and worsen vulnerabilities to illnesses and declined health conditions, particularly for elderly people who have a higher incidence of chronic diseases and disabilities and are less willing to evacuate",4,Low,Medium,Not materialised,2024-06-13
R0486,['Mongolia'],['MNG'],"The Dzud natural phenomenon is set to significantly affect 13 provinces of Mongolia, resulting in significant loss of livestock and affecting herder households' livelihoods.",,Subnational,New emerging risk,2023-01-30,2024-06-13T13:54:31.000Z,,,"The “dzud” is a multiple natural disaster comprising summer drought resulting in inadequate pasture and production of hay, followed by severe winter conditions consisting heavy snow cover, winds, and lower-than-normal temperatures. The scenario prevents livestock from accessing pasture or from receiving adequate hay and fodder, resulting in livestock mortality, especially in steppe (dry and grassy plain), vast grassland, devoid of trees and with little diversity in vegetation.

According to the National Agency for Meteorology and Environmental Monitoring, around 15% of the Mongolian territory is at the highest level of risk (extreme risk) and around 45% is at high level of dzud risk in 2023. Herders make up 80% of households in rural Mongolia and are at high risk of losing their livelihoods in the coming winter season. The usual peak period for livestock mortality is February to April. A quarter to a third of the national herd population were lost in the past two dzud events. 100,000 herder households own 36 million livestock (which is around half of the total livestock population in the country) in the 13 extreme and high risk provinces. The livestock sector produces more than 80% of gross agricultural product and is the only source of income for nearly 35% of all households in Mongolia.

Assessments identified the period January to April 2023 to be the critical period to act early and protect herder livelihoods.

The risk has materialised. 213,000 people are estimated to be in need of humanitarian assistance.",- Dzud phenomenon arising from summer drought followed by severe winter conditions marked by heavy snowfalls and extreme cold resulting in inadequate grazing pastures and livestock mortality,"20,000-100,000",2,"- The herder households living in the 13 provinces that are assessed to be in extreme or high dzud risk are the most vulnerable.
- Probable coping strategies include the use of reserve food and fodder, livelihood diversification, informal mutual assistance, and relief aid
- There is national and international response to mitigate the impact of the dzud to some extent.",2,Very High,High,Materialised,2024-06-13
R0488,['Somalia'],['SOM'],Al-Shabaab infiltration and increased attacks in Sool region result in heightened humanitarian needs and humanitarian access constraints.,['SOM001'],Subnational,Marked deterioration in an existing crisis,2023-02-20,2024-06-13T13:54:31.000Z,,,"In early February, conflict broke out in Las Anod city between Somaliland forces and local armed groups affiliated with the SSC (Sool, Sanaag, Cayn regions) movement. In the past, Somaliland authorities and security forces have successfully prevented Al Shabaab infiltration in Somaliland. By September 2022, most of Somaliland (including Sool region) was not among areas mapped under control, influence or targeted by Al Shabaab attacks. ACLED data also indicates that in 2022, none of Al Shabaab attacks were in Sool region. 
There is concern that Al Shabaab may be mobilising resources to take advantage of the ongoing conflict and infiltrate Sool region. Somaliland authorities have raised the alarm about presence of suspected Al Shabaab members in Las Anod city. 
Since it may take time for Al Shabaab to establish a significant presence in Sool region and begin carrying out sophisticated attacks, the probability of this risk materialising is low. Al Shabaab attacks in Sool region would increase current humanitarian needs for affected people, particularly if the attacks constrain humanitarian access.","-Conflict between Somaliland forces and local armed groups affiliated with the SSC (Sool, Sanaag, Cayn regions) movement. Somaliland authorities have been instrumental in limiting Al Shabaab’s presence and influence in the area. While Somaliland forces are focused on the ongoing hostilities, Al Shabaab could attempt to infiltrate the area.","100,000-250,000",3,"People in Sool region continue to suffer the impact of worsening drought. Also, the recent conflict has  caused widespread displacement and increased humanitarian needs.",3,Low,Medium,Active,2024-06-13
R0490,['Afghanistan'],['AFG'],"A severe economic crisis, a harsh winter, and the disruption of aid and winterisation support increase food insecurity until July–August.",['AFG001'],National,Marked deterioration in an existing crisis,2023-02-27,2024-06-13T13:54:31.000Z,,https://www.acaps.org/fileadmin/Data_Product/Main_media/20230102_acaps_afghanistan_analysis_hub_risk_update_december_2022.pdf,where road closures will cause a further increase in domestic prices.,Increased economic crisis; severe winter; disrupted aid during winter months.,,4,"Approximately 20 million people in Afghanistan are currently food insecure, with 6 million facing Emergency food insecurity levels. Over 3.2 million children under five are acutely malnourished, with two provinces in Phase 4 of acute malnutrition. The harsh winter has led to deaths and increased respiratory diseases, mainly among children. The food security situation is especially dire in Ghor province, where all humanitarian activities remain suspended due to disagreements between local authorities and humanitarian organizations.",4,High,High,Active,2024-06-13
R0492,['Peru'],['PER'],"Continued protests and restrictions on mobility affect the economic security, living conditions, and humanitarian needs of the economically vulnerable population groups, particularly Venezuelan migrants with an irregular status and asylum seekers.",['PER002'],National,Marked deterioration in an existing crisis,2023-02-27,2024-06-13T13:54:31.000Z,,,"The new wave of instability could affect the livelihoods of Venezuelans and Peruvians in need, decreasing their income and access to essential goods and services. The spread of socio-political instability may also affect Venezuelans in an irregular status, who may face further delays in regularisation processes. Mobility may also be affected because of the state of emergency imposed nationwide for 30 days from 15 December 2022 and extended on 4 February 2023 for further 60 days. The suspension of rights such as freedom of movement, personal liberty and security is likely to affect mainly informal workers and street traders, deteriorating their livelihoods and increasing protection risks during their working day","- Socio-political instability in Peru has been on the rise since 7 December 2022 because of the impeachment of the president elected on 20 July 2021, Pedro Castillo. This is the sixth Peruvian president impeached during the last four years
- The subsequent appointment of Diana Boluarte as president, a former vice-president in Castillo's government, sparked nationwide protests with the highest concentration in Lima, Arequipa, Cuzco, and Puno cities
-The protests are likely to continue if the demands are not met. Amongst the demands: the dismissal of Boluarte, holding of general elections to renew Congress, and a new constitution
- In Peru around 1,700,000 people are in need of humanitarian assistance, of which around 1 million are Venezuelan migrants/asylum seekers/refugees, 66,200 are Venezuelans in transit, and 618,000 are Peruvians, especially indigenous and Afro-Peruvians
","20,000-100,000","3
","Mobility constraints affect the labour force, of which Venezuelans are most vulnerable to the effects. At least 80% of Venezuelan migrants in an irregular situation and asylum seekers do not have permanent employment contracts and are at higher risk of dismissal. 
The economic impact caused by socio-political instability has also decreased the availability of fuel and food, which may affect food security owing to high food prices and reduced purchasing power.
The economic slowdown could be more pronounced because of inflation rate of 8.46% during 2022, the highest recorded in 26 years, which has meant a higher cost of living and lower spending capacity. 
Humanitarian access is hampered by poor road infrastructure and lack of connectivity between regions, especially in rural areas where the most affected populations live. Furthermore, Peru has different types of geographical areas, including deserts and mountainous areas, where access is more difficult (Nature Serve 2022). Road blockades, fuel shortages, and violence during protests may further hamper humanitarian operations to reach people in need.  ",3,Medium,Medium,Active,2024-06-13
R0496,['Palestine'],['PSE'],"New proposed legislation and evictions planned by Israel cause an uprising and violence in the West Bank, with the potential of spillover in Gaza, affecting Palestinians’ livelihoods and humanitarian conditions and generating heightened protection concerns.",['PSE002'],National,New emerging risk,2023-03-30,2024-06-13T13:54:31.000Z,,,"Benjamin Netanyahu, the longest-serving Israeli leader, returned to
power on 29 December 2022 under a fragile coalition, with Likud
and ultra-nationalist parties holding the majority of parliamen-
tary seats. Since then, the coalition has agreed on a number of
measures, which vow to annex the occupied territories of the West
Bank, legalise 70 settlements, and overhaul the judicial system to
limit its power (NPR 29/12/2022; JP 28/12/2022; TOI 28/12/2022;
Xinhua 30/12/2022). The draft legislation for reforming the judicial
system would allow the Israeli Parliament to overrule by simple
majority the Supreme Court of Israel’s decisions. This includes
turning down parliamentary laws intended to legalise settlements
and outposts on private Palestinian land and pave the way for
the annexation of the West Bank (The Guardian 04/01/2023; Al
Jazeera 03/02/2023; Reuters 07/03/2023; Adalah 15/06/2020;
MEMO 28/07/2022). It would also give the executive branch more
power in appointing judges and government legal advisers (AP
16/01/2023; Xinhua 13/01/2023).
In its first two months, the new Government has already called
for the eviction of 1,000 Palestinians from their homes in Msafer
Yatta locality and of 200 residents of Khan Al-Ahmar (Roya News
24/01/2023; MSF 19/01/2023). It has also already authorised nine
settlements in the West Bank (Al Jazeera 13/02/2023). In 2022
alone, Israeli authorities demolished and confiscated more than 950
structures in the West Bank, including homes and agricultural and
livelihood-related structures. These included shops, warehouses,
and public infrastructure, such as water pipes. More than 28,400
people were affected, and over 1,000 were forcibly displaced. In the
first three months of 2023, over 250 structures were demolished,
affecting more than 11,000 people and displacing almost 400
(OCHA accessed 16/02/2023 a; OCHA accessed 16/02/2023 b).
The announcement of the new legislation and the increased number
of demolitions and evictions will likely cause an uprising in the
West Bank, mainly in cities and refugee camps, resulting in violence
and clashes between Israeli security forces and Palestinians, both
civilians and armed individuals and groups. In May 2021, forced
evictions and demolitions in East Jerusalem sparked protests
and the escalation of hostilities in both the West Bank and Gaza.
In the West Bank, 26 people were killed, and about 6,900 were
injured. In Gaza, 256 were killed, and 2,000 were injured (OCHA
04/06/2021; ACAPS 08/06/2021).","- New emerging Political situation, such as new ultra nationalistic right-wing government in Israel and the loss of legitimacy for the Palestinian Authority among Palestinians 

- Deteriorating socioeconomic for Palestinians due to occupation and siege
- Escalation in violence

-Developments on the regional geopolitics

",">500,000",4,"A new uprising will significantly affect livelihoods and humanitar-
ian conditions for Palestinians already suffering a humanitarian
crisis. Currently, an estimated 2.1million Palestinians (of the total
population of 5.3 million) are in need of humanitarian assistance,
including 800,000 people residing in the West Bank and 1.3 million
in Gaza

Palestinians already face serious protection challenges, including
threats to life, liberty, security, property, and freedom of movement
compounded by a lack of accountability and effective remedy

In the West Bank, OCHA categorises the humanitarian
situation for one quarter of households as ‘catastrophic’, ‘extreme’,
or ‘severe’, and 31% reported challenges in meeting basic needs,
such as food and health. In Gaza Strip, OCHA categorises the
humanitarian situation for 29% of households as ‘catastrophic’ or
‘extreme’, and 81% reported challenges in meeting basic needs,
such as food and health. ",4,High,High,Materialised,2024-06-13
R0498,"['Türkiye', 'Syria']","['TUR', 'SYR']","The involuntary mass return of Syrian refugees from Türkiye results in displacement, increased protection needs, and a deterioration in the humanitarian situation in Northwest Syria.","['TUR002', 'SYR001']",Regional,New emerging risk,2023-03-30,2024-06-13T13:54:31.000Z,,,"The current President of Türkiye, Recep Tayyip Erdoğan, has vowed
to return one million out of the 3.5 million Syrian refugees in the
country to 13 areas held by Turkish-backed Syrian opposition
factions, mainly in Northwest Syria, with no set date yet (PMM
accessed 14/03/2023; NPA Syria 19/01/2023; MEMO 03/10/2022).
With the approaching general Turkish elections scheduled in May
2023, some leaders from the main opposition parties are also
vowing to return at least two million Syrian refugees within two
years if they were to win the elections (MEMO 03/10/2022 and
03/09/2021; NPA Syria 30/01/2023; Arab News 29/06/2022; GT
20/02/2023). Early opinion polls have pointed to a tight contested
election in May, with some early polls showing opposition coalition
parties leading (Al Jazeera 30/01/2023; France 24 22/01/2023;
OSW 24/01/2023; PolitPro 31/01/2023). The anti-refugee public
sentiment in Türkiye has been increasing in the past years accord-
ing to opinion polls, in combination with the decline of the economic
situation generating competition over jobs and services (Arab News
06/02/2022; NPA Syria 19/01/2023; Al Jazeera 30/01/2023; The
New Arab 24/06/2022; SWP 21/02/2020; Al Jazeera 27/07/2022).
The Turkish Government had already announced in 2022 the
construction of more than 68,000 prefabricated briquette houses
in areas of Northwest Syria for the return of Syrian refugees (VOA
26/09/2022; Global Voices 08/05/2022). The construction of
these houses is part of the bigger project to establish residential
compounds in 13 areas of northern Syria, which would eventually
absorb one million Syrian refugees from Türkiye (Al-Monitor
08/05/2022; Sabah 05/05/2022). Around a half million Syrians have
already voluntary returned to Syria, some because of economic
hardship, discrimination, and a general feeling of being unsafe in
Türkiye (MEMO 03/10/2022; SCF 27/9/2022).
The earthquakes that hit southeastern Türkiye and northwestern
Syria in February 2023 could increase the resentment towards
refugees, as competition over public services and housing would
likely increase. The deterioration of humanitarian conditions in
Northwest Syria as a result of the earthquakes will pose challenges
and delay the Turkish Government’s plans to return Syrian refugees
to the region.","- Escalation in the anti-migrant sentiment and rhetoric

- New emerging geopolitical situation regarding with Russia, US, Government of Syria, and opposition factions

- Kurdish conflict escalation, especially near the boarders with Syria","250,000-500,000",4,"The influx of returnees will put a strain on
infrastructure and limited resources, worsening humanitarian
needs in the area

 The February earthquakes highly
affected northwestern Syria, killing more than 51,000 people,
injuring more than 120,000, and damaging more than 220,000
buildings, including hospitals

Prior to the earthquake, Northwest Syria was
already hosting 2.9 million IDPs, with 1.8 million living in camps.
Four million people relied on humanitarian assistance, with 3.3
million being food insecure

Northwest Syria faces very high humanitarian access constrains in
an area where politics and humanitarian issues overlap. Cross-bor-
der and crossline operations have been highly constrained and
since 2014 regularly re-negotiated at the UNSC level. Aid for
Northwest Syria is highly politicised and has been limited by
authorities in charge of different areas. Damaged infrastructure
from the conflict and earthquakes further complicates humani-
tarian access in the region, potentially hampering the provision
of assistance to returnees

Many returnees to Syria are facing grave human rights violations,
torture, and blackmail by the Government of Syria and the different
opposition militias. Future returnees from Türkiye are likely to face
similar protection concerns

On the longer term, if the areas of return would
come under the control of the Syrian army – whether to prevent
Turkish advancement or in coordination with Türkiye – there
would be heightened concerns for the safety of those perceived
by the Government of Syria as opposition figures and activists",4,Low,Medium,Active,2024-06-13
R0499,['Myanmar'],['MMR'],"Heightened military response following increased territorial control of and collaboration among anti-military resistance forces results in intensified conflict across most of the country, leading to a deterioration of the humanitarian situation","['MMR001', 'MMR003', 'MMR004']",Subnational,New emerging risk,2023-04-02,2024-06-13T13:54:31.000Z,,,"Myanmar’s military is currently facing a conflict of scale and intensity they had never faced before. It is estimated that the junta and its militias have full control only of nearly 30% of the 330 townships of Myanmar. Around 60% of the townships are either contested or under the control of anti-military resistance groups.

The February 2021 coup by the Myanmar military was followed by the formation of a government in exile called the National Unity Government (NUG) and its armed wing, the People’s Defense Forces (PDFs), with the NUG acting as a parallel government in the areas under its control. Since the coup, the PDFs have been in intense conflict with the military. Through time, the PDFs have been enhancing their capacities, including by adopting innovative technologies (such as weaponised drones). Since 2022, there has been increased collaboration between the PDFs and ethnic armed organisations on military training, the supply of arms, and common defensive and offensive strategies. On the other hand, the junta’s military has been losing personnel because of injuries, defections, and desertions, leading it to tap into other forces, such as the police and militias, for support. It has also issued a ‘right to arms’ policy allowing civilians to access weapons, with the aim of facilitating the creation of new or the expansion of existing pro-military junta militias.

Because of the increased territorial control of and collaboration among anti-military resistance forces, the military and its affiliated militias are expected to increase operations in the coming months to gain back lost territories and reduce the strength of resistance forces. As a result, conflict will escalate across most of the country. The military is likely to increase air strikes, especially as a result of congenial non-monsoon weather conditions, to conduct air operations. It is also likely to attack civilians and infrastructure, heightening constraints on humanitarian access. The junta has already employed this tactic to force anti-military resistance groups to use up their resources for meeting the needs of conflict-affected populations and to cut off such groups from their access to food, finances, intelligence, and recruits. 

Impact:
- An escalation of fighting across the vast majority of the country will likely increase the number of IDPs to 2.4 million in the third quarter of 2023, as per OCHA 2023 projections. 

- Many people will likely flee conflict-affected areas to remote locations, such as jungles, which are cut off from any services and beyond the reach of humanitarian responders. 

- Displacement will increase protection threats, such as family separation, psychological distress, gender-based violence, and human trafficking. 

- Intensification of conflict will likely result in agriculture inputs and infrastructure to be damaged and looted, and landmines and explosive remnants of war will contaminate croplands. Many farmers will be forced to leave their lands, losing their source of livelihood. The food production gap will further increase, heightening food insecurity and malnutrition. Increased movement restrictions, the rapid depreciation of currency and inflation, high fertiliser and fuel costs, and a lack of government support for farmers will also heighten the loss of livelihood and food insecurity situation.

Update:
This risk has materialised. Armed conflict has intensified in most parts of the country, especially in the months of June, July, and August 2023. The military junta extended the state of emergency in July 2023 for an additional six months and ramped up efforts to gain lost territories in many parts of the country. 

Conflict has continued to damage and destroy vital civilian infrastructure, such as healthcare facilities and schools, and resulted in civilian casualties. 

As at 28 August, the number of post-coup IDPs was around 1.65 million, taking the total IDPs in the country to around 1.96 million. A lot of the displaced live in makeshift shelters or in remote places, such as forests and jungles, which are cut off from any services and difficult to reach by humanitarian responders. 

Reduced agricultural production in 2022 resulted in income losses and increased food prices. The devastating impact of Cyclone Mocha also worsened the food insecurity and malnutrition situations in the country.","- Increased territorial control of and collaboration among anti-military resistance forces

- Enhanced capacities of anti-military forces, including by adopting innovative technologies (such as weaponised drones)

- Growing political instability with no sign of cooperation to de-escalate the conflict between the military junta and anti-military forces",">500,000",4,"- People fleeing the conflict-affected areas to remote locations, such as jungles, are cut off from any services and beyond the reach of humanitarian responders. 

- Displaced people will be exposed to increased protection risks, such as family separation, psychological distress, gender-based violence, and human trafficking. Women and girls are especially vulnerable to protection risks.

- Intensified conflict will further increase food production gap , heightening food insecurity and malnutrition. 

- Farmers are likely to lose their livelihoods due to the growing conflict",4,Very High,High,Materialised,2024-06-13
R0503,['Sudan'],['SDN'],Increased food needs following the conflict between SAF and RSF,['SDN001'],National,New emerging risk,2023-05-21,2024-06-13T13:54:31.000Z,,,"As at 11 May, conflict between the Sudanese Armed Forces (SAF) and the Rapid Support Forces (RSF) had resulted in over 600 fatalities and 5,500 injuries. Over 700,000 have become internally displaced.
Levels of food insecurity will likely deteriorate, affecting between two and 2.5 million more people. Food needs will likely increase, and the biggest spikes in food insecurity will likely be in West Darfur, West Kordofan, Blue Nile, Red Sea, and North Darfur states. 
The price of basic food items will likely increase by 25% in the next three to six months because of disruptions to the agricultural season (June - August) and to supply chains due to fighting and insecurity. People's access to food aid will likely be restricted because of challenges facing humanitarians to operate in conflict-affected areas and looting of their assets. 
If the rainy season (June - October) caused severe floods similar to the rainy season in 2022, it will likely affect crops, reducing the availability of food. Humanitarian access will likely be further restricted. 
","- Continuation of armed clashes between SAF and RSF.
- Restricted humanitarian access.
- Disruption to supply chains. 
- Disruption to the planting and harvest seasons. 
- Severe flood season in 2023. ",">500,000",4,"People are already highly vulnerable because of pre-existing humanitarian issues in Sudan, including intercommunal clashes and socio-economic challenges. Lack of security and restrict ired humanitarian access to the people in need will increase their vulnerability. ",5,High,High,Materialised,2024-06-13
R0505,"['Sudan', 'Chad']","['SDN', 'TCD']",Increasing insecurity and tensions in eastern Chad following an influx of refugees from Darfur,"['SDN008', 'TCD005']",Regional,Marked deterioration in an existing crisis,2023-06-04,2024-06-13T13:54:35.000Z,,,"Some 100,000 Sudanese have crossed into Chad between 15 April and 1 June, and it is likely that another 200,000 people will cross in the following three months. The majority of them are from West Darfur state, where intercommunal clashes escalated following the clashes between the SAF and RSF. It is likely that the influx of Sudanese refugees into eastern border areas of Chad will destabilise security because it increases competition over limited sources such as water. This will likely also trigger tribal tensions between the host community and refugees, as the region has witnessed tensions between Arabs and non-Arabs for decades. Insecurity in Chad will likely increase because Darfur, which shares long borders with Chad, is likely to become the epicentre of foreign fighters, with an increase in arming and presence of weapons. In case of increased insecurity and clashes in eastern Sudan, many people will likely be displaced, including from refugee camps. Humanitarian access will likely be affected too, restricting the delivery of aid to people in need. 

As at December 2023, there are some reports indicating that tensions has increased following the influx of refugees from Sudan, but no clashes are reported. This is mainly because of lack of food resources, driven by increased demand and reduced harvest. Chad experienced one of the worst lean seasons that negatively affected the harvest. More members of the host community are demanding food for themselves at distribution centres. Others are moving internally to other areas because of lack of resources, where the majority of refugee are being hosted. ","- influx of more refugees from Darfur to Chad
- increase in competition over sources
- increase tribal tensions
- increased arming in Darfur","20,000-100,000",4,"Both the Sudanese refugees and the host community are already highly vulnerable and have limited sources. The camps are overcrowded, and water sources are limited. Humanitarian response is challenging because of funding shortfalls. ",3,High,High,Materialised,2024-06-13
R0511,['Ukraine'],['UKR'],"The upcoming Russian presidential elections increase administrative coercion and violence in occupied areas of Ukraine, heightening access constraints to critical services and protection concerns ",['UKR002'],Subnational,Marked deterioration in an existing crisis,2023-07-14,2024-07-18T11:55:40.000Z,2023-10-12,https://www.acaps.org/fileadmin/Data_Product/Main_media/20231018_ACAPS_Global_Risk_Analysis.pdf,"Rationale
The Russian presidential elections are due in March 2024 and the current president Vladimir Putin is likely to run for a fifth term. Putin is likely to use the elections to legitimise the Russian presence in Ukraine internationally, through pro Russia media and organisations, and by seeking recognition statements from ally countries, like Syria and DPRK.  
Russian authorities and Russian forces have previously coerced and intimidated people in the occupied areas to vote in the yearly Russian regional elections held in September 2023. The same happened during the the Russian-staged referend to annex Luhansk, and parts of Donetsk, Kherson and Zaporizhzhia oblasts on 30 September 2022, similarly to Crimea in 2014.
Russian authorities are likely to increase threats and violence to pressure participation in the elections heightening the risks to personal safety and protection for people residing in the occupied areas, notably through detention of civilians.
A Russian decree of April 2023 stipulates that people without a Russian passport in the occupied areas are retroactively considered ‘’foreigners’’ or ‘’stateless’’ as of 30 September 2022, and must apply for a residence permit or risk forcible displacement by July 2024. Forcible displacement, however, has been ongoing since the 2022 full-scale invasion.
The Russian campaign to fast-track citizenship started in 2014 in Crimea. In 2019, it spread to Russian controlled parts of Donetsk and Luhansk oblasts, and it has been accelerating since 2022. The imposition of Russian passports or coercing civilians into voting through threats and violence will likely increase significantly in the lead up to the Russian presidential elections.  Widespread and systematic violence is already used against civilians to consolidate control. 

Impact 
At least 5 million people are estimated to live in areas occupied by Russia, with some 1.5 million Russian passports issued since 2022.  Those who refuse Russian passports are increasingly vulnerable to violence, forced displacement, detention, filtration on the Russian borders, and loss of documentation and property. Detained civilians are at a high risk of torture, sexual abuse, and ill-treatment, with at least 25,000 people considered missing in detention as at September 2023.
Men will be at heightened risk of forced conscription by the Russian military, and might cope by hiding, putting further financial burden on families, particularly women, while more children will be sent to military youth camps.
Since 2022, at least 19,500 children were illegally transferred from Ukraine into Russia by Russian authorities. Unaccompanied children become at risk of inadequate living conditions, family separation, psychological trauma, physical abuse including SGBV, hunger, and potentially forced conscription after turning 18.
People who do not accept Russian passports will further have reduced access to essential services and livelihoods, such as healthcare, education, employment, and social protection. Protracted lack of access to healthcare, medicines, and specialised care, puts the older people at higher risk of death that is otherwise preventable. 
Social cohesion will decrease due to tensions between those who accept Russian passports and those who do not, in addition to crime, looting and violence resulting from the increased presence of Russian armed forces.

Updates: 

As at end of November 2023, Russia is reportedly planning an intensification campaign in the occupied territories aiming to increase the number of local population with Russian passports to 85%. This intensification is likely linked to the Russian presidential elections in 2024.

Russian authorities continue to use basic service access to pressure the population into getting Russian passports, through restricting access to Russian passport holders only; withholding high school diplomas, preventing new school year registration, threats of forcible displacement into Russia, threats to take away children from parents, private property confiscation, and access denial to healthcare and essential medication.

In February 2024, an 80-year-old woman who relies on a wheel chair was rescued from an occupied village in Donetsk oblast because she was unwilling to take Russian citizenship and the Russian authorities refused to pay her pension.

The election took place on 15-17 March in Russia, however the Russian authorities conducted early so-called voting in the occupied areas in Ukraine in February 2024. Despite not holding Russian passports, some Ukrainian citizens were still expected to participate in the so-called elections, likely in an attempt to increase the number of so-called votes. In some areas, Russian authorities, were accompanied by military personnel, and went door to door with voting boxes and ballots.

This risk has materialised, and the pressure to accept Russian passports continues through restrictions on movement and various services, including any administrative services such as car registration, medical care and education as well as fear of being conscripted into the Russian army is forcing people to leave their homes though the only crossing between Russian and Ukraine in Sumska oblast; a km unpaved road which people have to cross on foot, however it is more affordable than traveling through the EU. In late April 2024, an 88 year old man was forced to leave his home in the occupied areas, and walk by foot to Ukraine controlled territory after the Russian authorities confiscated his Ukrainian ID in order to force him into accepting the Russian citizenship which he refused.  

There are cases of farmers being interrogated with the use of physical violence about not obtaining a Russian passport and re-registering their business. 

As of 1 July, people who have not accepted a Russian passport can be forcefully deported if they do not register as a so-called ''stateless person or a foreigner'' and undergo a medical examination, and mandatory fingerprinting and photographic documentation by the Russian authorities and they cannot stay in the occupied territories more than 90 days out of every 180 days of the year. If a person wants to work, they must obtain a paid approval from the Russian authorities. 

","- Additional constraints put by Russian authorities on the local population without a Russian passport when accessing specific services in the occupied areas (during the period of the March 2024 Russian presidential election season)


",">500,000",4,Any civilians who refuse Russian passports. Men with Russian passports are at risk of forced conscription.,5,Very High,High,Materialised,2024-07-18
R0512,['Zimbabwe'],['ZWE'],"El Niño in Zimbabwe increases the needs of those already affected by drought, cyclones, disease outbreaks, and protracted economic instability
",['ZWE001'],National,New emerging risk,2023-07-18,2024-07-12T08:44:05.000Z,,,"The World Meteorological Organization has announced the beginning of El Niño, which has a 90% probability of continuing through the second half of 2023. During the November 2023 to March 2024 period, El Niño is expected to drive drier conditions than average in Zimbabwe. This period coincides with the agricultural season, which might significantly affect crop planting, growth, and harvest.

In 2023, an estimated three million people, including two million children, will need humanitarian assistance as a result of the effects of drought, Cyclone Freddy, floods, disease outbreaks, and the protracted economic crisis in the country. Priority needs include nutrition, health, protection, education, and WASH services.

The effects of El Niño could heighten the needs of the people in Zimbabwe who have not fully recovered from the impact of currently below-average rainfall, cyclones, disease outbreaks, and economic instability. The reduction in yield and scarcity of water resulting from El Niño would respectively lead to increased food insecurity and heighten WASH needs. Water scarcity is likely to lead to the spread of endemic diseases, such as cholera and typhoid, which can result from poor sanitation and water contamination.
","- Already existing below-average rainfall
- Economic instability and the Government's inability to respond fast
- The upcoming elections as an aggravating factor
",">500,000",3,"In 2023, UNICEF estimates that three million people, including two million children, will need humanitarian assistance in Zimbabwe. A further worsening of the situation might lead those affected to adopt negative coping mechanisms, such as reducing the number of meals, early marriages, and transactional sex. ",4,High,High,Materialised,2024-07-12
R0514,['Ukraine'],['UKR'],Increased Russian attacks on grain infrastructure and ports in Ukraine after withdrawal from the Grain Deal results in more casualties and economic deterioration,['UKR002'],National,Marked deterioration in an existing crisis,2023-07-21,2024-06-13T13:54:35.000Z,2023-10-12,https://www.acaps.org/fileadmin/Data_Product/Main_media/20231018_ACAPS_Global_Risk_Analysis.pdf,"Russia’s withdrawal from the Black Sea Grain Initiative, also known as the Grain Deal, was followed by an intensification of attacks targeting Ukraine’s grain storage infrastructure, ports and southern cities. The withdrawal in July 2023 came at the beginning of the harvest season in Ukraine. In a period of one month since withdrawal, at least 270,000 tonnes of grain were damaged by the attacks. Russia carried out 14 attacks –between 11 July and 23 August– hitting grain terminals, warehouses, port infrastructure, industrial equipment, and administrative buildings, as well as grain storage facilities in ports on the Black Sea and Danube River. Zatoka bridge, a key transport route for grain to Izmail, was also hit.
Targeted attacks on grain export routes will result in more casualties and potential displacement. Agriculture is already heavily impacted by the conflict. A drop in grain export will lead to increased stockpiling of grain and could force farmers to reduce sowing in the next harvesting season. Increasing cost of transportation and storage of grain, compounded with increasing insecurity at grain facilities will impact the safety and socioeconomics of Ukrainian farmers, households, and businesses that depend on agricultural livelihoods and exports.

Updates:

By October 2023, Russia destroyed 300,000 metric tonnes of grain in its attacks on Ukraine. 

On 9 November 2023, a Russian missile strike damaged a civilian ship under the flag of Liberia as it was entering Odesa port. Between August and November, Odesa port was attacked 21 times by the Russian military. 

Despite the end of the grain deal, Ukraine managed to export 4.3 million metric tons of grain in October 2023. 

In November 2023, an investigation concluded that Russia planned a systemic takeover of agricultural resources, including seizing grain, agricultural machinery and facilities from farmers and agricultural businesses in Ukraine prior to the full-scale invasion in 2022. Since then, Russia made 1 billion from selling the grain it seized, and findings show that Russia has used the illegally made profit to fund the war.

The estimated agricultural losses doubled from USD 40 billion in May 2023, to USD 80 billion by February 2024.




","- The harvest season start in July
- Russia pulled out of the grain deal in July
- Russian long-term plans to block Ukraine's access to the Black Sea as part of the full-scale invasion 
","20,000-100,000",4,"Farmers, families and businesses relying on agricultural livelihoods are particularly the most vulnerable.",4,Very High,High,Materialised,2024-06-13
R0518,['Somalia'],['SOM'],"ATMIS withdrawal from Somalia leads to the expansion and increased activity of Al-Shabaab, increasing needs in recaptured and conflict-affected areas",['SOM001'],Subnational,Marked deterioration in an existing crisis,2023-07-24,2024-06-13T13:54:35.000Z,,,"There is increased risk of the ATMIS withdrawal leading to a security vacuum in Somalia. With an arms embargo is still in place, the ATMIS has been providing military equipment and other logistical support to the Somali Security Forces (SSF), besides being key to holding and guaranteeing security in recaptured areas previously taken by Al-Shabaab (such as areas in Banadir, Galgaduud, Hiran, Lower Shabelle, and even Middle Shabelle). The SSF do not receive funding and international backing, and the ATMIS withdrawal may signal a downward trend in the country's security and compromise the military capabilities of the SSF against Al-Shabaab, especially since increased Al-Shabaab attacks have coincided with the ATMIS drawdown of troops since January 2023.

The increase in areas liberated from Al-Shabaab does not automatically mean improved security or increased humanitarian presence. Previously recaptured areas by the SSF remain inaccessible to humanitarians because of the use of explosive devices along main supply routes by Al-Shabaab.

Increased Al-Shabaab attacks will deteriorate the humanitarian situation of communities in recaptured areas and areas with planned counterinsurgency operations in the south. Besides the ATMIS withdrawal, the current political infighting in the south that has stalled the start of the second face of the counterinsurgency would also give Al-Shabaab room to plan and regroup. The continued support to the SSF of clan militias also remains uncertain because of political infighting in some states.
","- Al Shabaab intensifies attacks including the use of rockets with the start of the second round of the Government's counter-insurgency operations in southern Somalia in August 2023, causing high impact damage to infrastructure as well as risking civilian lives
- The 90-day postponement of the withdrawal of 3,000 ATMIS troops (that was to take place end of September 2023) contributes in holding recaptured territory from Al-Shabaab, particularly in Galmudug and Hirshabelle
-Al Shabaab intensifies attacks against local officials to discourage/ weaken support for the Government's counter-insurgency campaign in central and southern Somalia. This limits movement by local officials to administer newly liberated areas increasing Al-Shabaab's chances or regaining these territories
-Al Shabaab renegotiates with clan elders to recover lost territories and regain local support, which affects military operations against them
-Increased clan competition in Jubaland, southern Somalia, creates a power imbalance thus reducing clan support for the counter-insurgency campaign
",">500,000",3,"Population estimates for areas where the counterinsurgency operations have been conducted is over five million. These areas include Banadir, Galgaduud, Hiran, Lower Shabelle, Middle Shabelle, and Mudug. Affected populations will likely flee to rural/inaccessible areas away from humanitarian assistance, increasing their reliance on negative coping mechanisms for basic needs, including food. Drought is also continuing in conflict-affected areas.",4,High,High,Active,2024-06-13
R0521,['Ukraine'],['UKR'],"Increased fighting and power and gas supply disruptions severely limit people’s ability to access heating, resulting in loss of life and increased acute humanitarian needs in Russian-controlled areas and areas of active ground conflict in the southeast ",['UKR002'],National,Future impact of a hazard which has already taken place,2023-08-04,2024-06-13T13:54:35.000Z,2023-10-12,https://www.acaps.org/fileadmin/Data_Product/Main_media/20231018_ACAPS_Global_Risk_Analysis.pdf,"This risk was raised in ACAPS October 2022 Global Risk report and materialised during the 2022-2023 winter season. It will likely materialise again during the 2023-2024 winter season. Attacks on critical infrastructure in Ukraine are ongoing, however, with the start of the cold season in October, the Russian armed forces will likely ramp up attacks against heating and electric energy production infrastructure to disrupt the provision of power. The Government of Ukraine has been preparing the energy sector for the winter, conducting repairs, strengthening air defence of key infrastructure, and accumulating gas and coal reserves. The high-voltage power grid will only be repaired to an estimated 30-40% of its pre-full-scale invasion capacity. Officials have warned that 2023-24 winter will be more difficult than the last, as the country has a significantly impacted energy sector, that will have limited margins to cope with additional shocks.
These challenges will happen while many households in Ukraine struggle with limited income opportunities due to job loss and/or displacement, meaning that many may not have the means to purchase winter items such as generators, batteries, heating fuel, clothes, blankets, or to repair damaged houses ahead of winter. The impact will be especially high in frontline and occupied areas where humanitarian needs are significant and humanitarian access highly constrained. By August 2023, only 4% of the people who received aid live in occupied areas.  Older people are particularly vulnerable to harsh winter conditions. The lack of food, medicines and adequate housing can result in preventable deaths.

Update:
Air defenses are concentrated in the capital city of Kyiv, while the rest of the country is not fully protected from attacks, and the energy infrastructure remains vulnerable in the winter of 2023/2024.

Russia has resumed attacks on energy infrastructure in the winter season of 2023/2024 as predicted. In late November, as temperatures started to reach below zero, Russia launched the largest drone attack since 2022 with 75 drones on 25 November. 

One of the main thermal power plants in a frontline oblast was attacked for the fifth time within one month on the night of 27 November. 

Russia launched the largest attack since 2022 on 29 November 2023 with 158 ballistic missiles. 

In February 2024, Russia received 400 ballistic missiles from Iran. 

On 22 March, Russia launched one of the largest mass (combined drone and missile) attacks against Ukraine, targeting Kharkiv, Zaporizhzhia, and Kryvyi Rih cities, primarily aiming at the energy infrastructure.  The large-scale attack targeted Khmelnytskyi, Odesa, Mykolaiv, Vinnytsia, Kirovohrad, Sumy, Lviv, Poltava, and Ivano-Frankivsk oblasts as well. Ukraine's largest hydroelectric power plant, the Dnipro Hydroelectric Station in the southern Zaporizhzhia oblast was damaged in the attack. There was almost a complete power loss in Kharkiv city where energy infrastructure was hit as well. Critical infrastructure in Dnipropetrovsk oblast was also hit. Ukraine's largest private energy company lost 50% of its generating capacity in the 22 March attack, and it will months to recover from the damage. The attack left more than one million people without power. The intensification of attacks on energy infrastructure continued across the country in late March. During March 2024 alone, the Russian forces reportedly launched over 400 missiles, 600 drones, and 3,000 guided aerial bombs.

In Odesa, two districts introduced partial blackout on 31 March, however that same day, power was restored. As at 1 April, all the energy infrastructure in Kharkiv city is destroyed and blackouts were reintroduced. An additional 109 generators, 19 heat and power cogeneration units, and 13 emergency vehicles were provided in April in response to the intensified attacks on energy infrastructure. 

On 11 April, a major power plant near Kyiv was completely destroyed by Russian air strikes. The impact will affect energy supply next winter, according to the assessment by authorities. Two other thermal power plants were significantly damaged in the west of Ukraine, adding strain on electricity supply in the country, and overall resulting in Ukraine needing to import energy.

By May 2024, 70% of Ukraine's energy production capability was down because of the systemic Russian attacks.



",- Start of the cold season in October amidst ongoing Russian full scale war against Ukraine.,">500,000",3,"Elderly people, people with chronic diseases and disabilities ",5,Very High,High,Materialised,2024-06-13
R0526,['Sudan'],['SDN'],Increased political and ethnic tensions and armed conflict expansion in Sudan lead to mass displacements and unmet needs ,['SDN001'],National,Marked deterioration in an existing crisis,2023-10-04,2024-06-13T13:54:35.000Z,2023-10-19,,"The conflict between the Rapid Support Forces (RSF) and the Sudanese Armed Forces (SAF) that escalated on 15 April 2023 had already killed 13,900 people as at 23 February and internally displaced 6.3 million as at 23 February. The conflict has particularly affected Darfur region, which has experienced the largest numbers of fatalities and displacements. Since mid-April, there have been increasing reports of killings and ethnically motivated attacks by the RSF and their allies from Arab militias, especially against the Masalit community. RSF fighters are targeting injured non-Arab civilians as they are receiving treatment at hospitals and displaced people at checkpoints. As a result, calls are increasing among civilians in the region to arm and defend themselves, potentially escalating armed conflict. Khartoum city and Kordofan region also saw an intensification of fighting in September, with the SAF committing acts of sexual assault and targeted attacks. Armed conflict will likely increase over key strategic positions and specific areas, such as Port Sudan city, where there are seaports, the only operating airport, and humanitarian hubs. Competition over limited sources of food and water between Arabs and non-Arabs can contribute to increasing tensions, especially with West Darfur state having the highest food insecurity levels across Sudan. Between July–September 2023, about 62% of the Sudanese population were projected to be in Crisis (IPC Phase 3) food insecurity levels or worse.

Impact   
The total population of Sudan will likely be exposed to the geographic expansion of clashes, resulting in more displacements, increased needs for shelter, water, food, and medical care, and the further restriction of humanitarian access. The impacts will likely affect the ten million people living in Darfur region the most. Between 15 April and 16 August, nearly 1.2 million people were already displaced from Darfur. With more clashes, the numbers will likely be higher. Most displacement will likely remain internal, except from West Darfur where people will continue to go to Chad. Needs for shelter, water, food, and medical care will increase. The IDP/refugee camps in Chad had already reached their capacity before the influx from West Darfur, and there will likely be a need to establish more camps. Humanitarian organisations are already facing challenges to deliver aid in Darfur region. Between 3–5 August, WFP delivered their first food assistance convoy since 15 April to West Darfur. With very limited aid delivery and high insecurity, people’s needs will likely remain unmet, especially health needs given the targeting of hospitals. 
","- Longstanding tensions in Darfur
- Targeted attacks on the Masalit and non-Arab tribes
- Civilians obtaining more weapons
- Limited resources and increased food insecurity
- Targeting of key strategic points across Sudan",">500,000",4,"The conflict has displaced millions internally and outside Sudan. Humanitarian needs are high, and humanitarian access is restricted. Despite the response and presence of humanitarian organisations, the affected people are considered highly vulnerable.",5,High,High,Materialised,2024-06-13
R0527,['Lebanon'],['LBN'],"An escalation of clashes between Hezbollah and Israel, coinciding with conflict escalation between Palestine and Israel, results in displacement, infrastructure damage, and humanitarian needs in southern Lebanon ",['LBN004'],Regional,New emerging risk,2023-10-04,2024-06-13T13:54:35.000Z,2023-10-19,,"RATIONALE: The Blue Line, a disputed border area between Lebanon and Israel, has always been a source of tension between the two countries, who have been at war twice already, the latest being in 2006. Hezbollah — a political party and militant group mostly representative of the Shia population in southern Lebanon, with the backing Iran — has been the main entity fighting against Israel in Lebanon in the past. Since the beginning of 2023, there has been a growing number of breaches of international commitments on the Blue Line, which has been patrolled by UNIFIL. There has also been an increase in provocative actions near the border area from both sides, besides increased confrontations and escalation of rhetoric. Hezbollah has been setting up tents near the border, and Israeli fighter jets have been flying over the area. Both sides have conducted military drills and made many attempts to cross the border. Hezbollah and Israel are unlikely to enter into a full-scale war in Lebanon. However, any provocative action from the two sides amid increased tensions in the Blue Line area, or the increased involvement of Hezbollah and Iran in the Palestine-Israel conflict, which would trigger Israel’s reaction, could result in clashes or international armed conflict at the Lebanon-Israel border. As at 15 October, cross border attacks between Hezbollah and Lebanon are ongoing. Regional tensions in the Middle East, mainly between Israel and Iran, play a role in increasing clashes between Israel and Hezbollah. Israeli air strikes on Syria continue to target armed groups or cells backed by Iran (including some Hezbollah members) almost weekly, leading to more tensions with Hezbollah in Lebanon. The involvement of Palestinian armed groups based in refugee settlements in Lebanon (usually supported by Hezbollah) who sporadically clash with Israeli soldiers and attempt to cross the borders can also contribute to an escalation of fighting between Hezbollah and Israel. Together with the Palestinian Islamic Jihad, Hamas is one of the groups present in Lebanon and has fired rockets from Lebanon to Israel in the past.

IMPACT: The escalation of clashes at the Blue Line and air strikes by the Israeli Air Forces will likely expose up to 800,000 people in Lebanon to displacement and increased humanitarian needs. Already 29,000 people have been displaced between 14 – 26 October 2023, mostly to Tyre city, and they are staying with other families and at schools. A 33-day war between Lebanon and Israel in 2006 displaced an estimated 800,000 to 1 million people, mostly from northern Lebanon to mountain areas inside the country, as well as to neighbouring countries such as Syria. Fighting and air strikes are also likely to result in severe damage to critical infrastructure in targeted areas, such as Al Dahiya neighbourhood of Beirut city, which is predominantly inhabited by Shia Muslims. Many displaced people will stay in schools, mosques, and other public buildings, and shelter needs will be high. Priority needs will include food, medicine, safe drinking water, and NFIs. In 2023, an estimated 80% of Lebanon’s population live below the poverty line. Conflict will result in livelihood losses and further increase poverty.
","- a miscalculation of any provocative action from Hezbollah or Israel
- Ongoing airstrikes and Israeli ground operation in the Gaza Strip
- Increased tensions over the Blue Line
- Increase in breaches of international commitments on the Blue Line
- Increased regional tensions between Iran and Israel",">500,000",3,"People in Lebanon already face the impact of a deteriorating economy, high inflation, and loss of livelihoods. They are generally resilient to human-driven and climate crises, but an increase in clashes and displacement can increase their current needs and vulnerabilities caused or exacerbated by the socio-economic crisis. ",4,High,High,Materialised,2024-06-13
R0528,['Libya'],['LBY'],Water contamination and floods from Storm Daniel in Derna district are increasing the risk of waterborne disease outbreaks ,"['LBY001', 'LBY003']",Subnational,New emerging risk,2023-10-04,2024-06-13T13:54:35.000Z,2023-10-19,,"Between 9–11 September 2023, Storm Daniel caused flooding and destruction in the coastal areas of northeastern Libya, including the collapse of two dams in Derna district that killed thousands of people. As at 16 September, WHO had recorded almost 4,000 deaths, and more than 9,000 people were still missing. OCHA estimates that the floods affected 884,000 people to varying degrees. As at the end of September, more than 40,000 people were displaced, including at least 16,000 in Derna city and surrounding areas. People living in flood-affected areas are in urgent need of fresh water, as the floodwaters have washed away, buried in mud, or damaged entire residential zones, including water and sewage networks. Satellite imagery analysis indicates that over 2,200 buildings have been destroyed in the city. Half of the 18 boreholes for drinking water are also out of service. The consequent contamination of soil and groundwater, poor hygiene, and a lack of sanitation facilities are creating a risk of waterborne disease outbreaks, such as acute watery diarrhoea and cholera, and vector-borne disease outbreaks, such as malaria and typhoid, dengue, and yellow fever. Because of their more fragile immune systems, older people, children, and pregnant women are particularly at risk of these diseases. More than half of the 78 health facilities assessed by WHO in two districts and in Derna city are either closed or not functioning because of infrastructure damage and shortages of staff, medicine, supplies, and equipment. Given the weaknesses of the health system and the magnitude of health needs, a public health crisis is looming. Floodwaters have also shifted explosive remnants of war left over from years of conflict, posing a risk to residents and displaced people.

As at 6 October 2023, there were 2380 cases of acute diarrhoea and 5 cases of bloody diarrhoea reported in the flood affected areas. The epidemiological situation in flood-affected areas has been reportedly stable since December 2023, with no increase in waterborne diseases reported.
","- The impact of Storm Daniel
- WASH infrastructure damage
- Water contamination
- Overwhelmed health sector","20,000-100,000",4,"The people affected have been facing the impact of protracted conflict and civil war and are vulnerable to further shocks. Among the affected population are sub-Saharan migrants and asylum seekers, who are considered the most vulnerable.",4,High,High,Materialised,2024-06-13
R0529,['DRC'],['COD'],Increased intercommunal conflict and militia attacks in southwestern DRC trigger new displacements and worsen the humanitarian crisis ,['COD001'],Subnational,Marked deterioration in an existing crisis,2023-10-06,2024-06-13T13:54:35.000Z,,,"Since June 2022, a customary land tax dispute between two communities in Kwamouth territory, Mai-Ndombe province, has gradually escalated to intercommunal violence between the so-called “native” and ""non-native"" communities. At least 300 people have been killed and more than 161,000 displaced since. In early 2023, the emergence of a communal militia called Mobondo, mainly composed of people from the Yaka and allied communities, marked a change in the conflict dynamics until then marked by sporadic clashes between communities. The Mobondo militia have repeatedly attacked people from rival communities, mainly Teke. Regular clashes between the Mobondo militia and the Forces armées de la république démocratique du Congo (FARDC) have also caused population displacements. Although their number is unknown, the Mobondo militia maintains an active presence in several areas in the west of the country, presumably to gain access to land and natural resources.
Violence by the Mobondo militia, is likely to intensify in the coming months despite FARDC military operations launched since May 2023. The increase of attacks in Mai-Ndombe, Kwilu, Kwango, Kongo-central provinces and Kinshasa periphery in recent months, illustrate the propensity of the militia to strengthen its presence. The periphery of DRC’s capital city Kinshasa is particularly exposed to this surge in violence namely because of the Mobondo militia being already active in the surrounding provinces. 
The recurrent attacks by the Mobondo militias, which the Congolese army do not seem contain, will likely trigger the creation of community self-defence groups as is often the case in the DRC. Many youths in areas already affected but also in the outskirts of Kinshasa will likely join these self-defence groups to protect their own communities. This would lead to an escalation of the conflict, growing insecurity in western DRC and increased violence against civilians. While access and use of land already triggers many conflicts, the involvement of other communities could renew preexisting tensions, further expanding the geographic scope of violence. 
","Emergence of ethnic militia, increased attacks against civilians, expansion of the geographical scope of the Yaka-Teke intercommunal conflict","250,000-500,000",3,"Dependence on agricultural activities as main livelihood

Non-functional social services due to insecurity

Return of displaced populations to areas that are not yet secure
",3,Medium,Medium,Active,2024-06-13
R0530,['Mali'],['MLI'],Conflict escalation due to the complete withdrawal of the MINUSMA leads to protection concerns and reduced humanitarian access in northern and central Mali ,['MLI001'],Subnational,Marked deterioration in an existing crisis,2023-10-06,2024-06-13T13:54:35.000Z,,,"The withdrawal of the United Nations Multidimensional Integrated Stabilisation Mission in Mali (MINUSMA) has been decided by the UN Security Council on 30 June 2023, at the request of the Malian transitional government. The departure of the UN mission of around 13,000 forces, is expected to be completed by end of 2023. The departure coincides with growing tensions between the Malian government and an alliance of Tuareg armed groups signatories of the 2015 Algiers peace agreement also known as Cadre stratégique permanent pour la paix, la sécurité et le développement (CSP-PSD). MINUSMA had facilitated interaction between the two parties during the peace talks. The withdrawal of the UN mission could accelerate the end of the ceasefire between the Malian army and the armed groups signatories of the peace agreement, causing a renewal of this conflict in the north of the country .  
The takeover by the Malian army of military bases left by MINUSMA will likely cause an intensification of tensions with the armed groups signatories to the Algiers agreement, which controls large areas of northern Mali. Several security incidents have already been reported during the first phase of the handover. The second phase, which is underway and should lead to the transfer of the bases of Tessalit, Aguelhok and Kidal to the Malian army, could trigger more clashes . MINUSMA’s presence deterred the activity of armed groups in certain areas and guaranteed protection to civilians fleeing attacks in their villages. 
The departure of the mission will also further expose urban areas, where most of the bases are located, to attacks by Islamist armed groups. Armed groups such as the Islamic State in the Greater Sahara and the Jama'at Nusrat al Islam wal Muslimeen (JNIM) are likely to exploit the security vacuum left by MINUSMA to expand their area of influence. These groups already control large areas of central and northern Mali. The French Barkhane forces have already withdrawn from the area in 2022 . The security vacuum left by MINUSMA could also stimulate a multiplication of self-defence groups on a community basis. Such groups already exist in Mali and are accused of multiple abuses against other communities for accessing natural resources, or because of alleged support to armed groups.
",MINUSMA withdrawal; increased tensions between armed groups signatories of the Algiers peace agreement and the Malian government; Increased presence of Islamist armed groups across the country,"250,000-500,000",,"Limited social services, movement restrictions, overcrowding in host community shelters",3,High,High,Active,2024-06-13
R0532,['Niger'],['NER'],"Diplomatic tensions, economic sanctions, and potential regional conflict further deteriorate the humanitarian crisis ",['NER001'],National,New emerging risk,2023-10-06,2024-06-13T13:54:35.000Z,,,"Following the 26 July military coup, international condemnations multiplied against the National Council for the Safeguarding of the Fatherland (CNSP) now in power. The Economic Community of West African States (ECOWAS) has strongly expressed its disapproval and imposed economic sanctions on Niger. 
ECOWAS has also indicated that it does not rule out resorting to a military solution to restore constitutional order. The “standby force” of the regional organisation has been mobilised for a potential military intervention. A diplomatic solution seems out of reach as Niger, Mali and Burkina Faso have signed a military alliance which provides that any foreign military intervention would be considered an aggression against the other parties and will engage a duty of assistance from all parties .
While several regions of the country are affected by armed groups activity, forcing thousands of people to internally displace or seek refuge in neighbouring countries, a military intervention would escalate in a regional armed conflict. Although it is quite unlikely at this stage, a military intervention would significantly increase the number of people in need of humanitarian assistance while heightening humanitarian access constraints across the country .  
","Military coup, ECOWAS sanctions, military alliance between Mali, Burkina Faso and Niger","250,000-500,000",,"Thousands of people already displaced living in poor condition, insecurity in conflict -affected areas, several sectoral needs unmet for people affected by conflict and climate hazards",3,Low,Medium,Active,2024-06-13
R0542,['Philippines'],['PHL'],Village and youth council elections in Mindanao islands trigger violence among rival groups leading to internal displacements and need for assistance to IDPs,['PHL003'],Subnational,New emerging risk,2023-10-18,2024-06-13T13:54:35.000Z,,,"Rationale:

Barangay (which is a native Filipino term for a village) is the smallest administrative division in the Philippines. Sangguniang Kabataan is a regional council that represents youth in a barangay. Village and youth council elections are scheduled to be held on 30 October 2023 across the country. 

The village and youth council elections will significantly heighten electoral violence in Mindanao islands, especially in the BARMM region. For the BARMM, these elections are going to be the precursor for the first parliamentary elections to be held in 2025. Nearly 1,000 villages, out of the nearly 2,600 villages, in the region have been classified as potential violence hotspots by law enforcement agencies due to intense political rivalry among local election aspirants, clan politics and feuds, and the presence of non-state armed groups. 
 
Overall, electoral violence in the Philippines is a recurrent concern. 

The Armed Forces of the Philippines (AFP) have also been reported to be closely monitoring 300 villages in the Zamboanga Peninsula, the Caraga Region, the BARMM, the Bicol, Cordillera Administrative Region (CAR), and Central Luzon regions due to presence of non-state armed actors.

Impact:

The aforementioned elections will trigger electoral violence, among the rival groups participating in the elections, and insecurity in the Mindanao islands. Based on past security incidents, this will lead to civilian casualties and internal displacements, raising protection concerns and the need to provide shelter, food, non-food items, medicines, and health services to the internally displaced population. The government and the humanitarian responders have usually been able to provide assistance to the displaced people in previous violence incidents among rival clans. 

Local officials were targeted in security incident in the past general and mid-term legislative elections. This pattern is expected to hold for the village and youth council elections. 

Update:
The risk has not materialised. No significant humanitarian needs were reported. 
There were pockets of electoral violence during the electoral period of the village and youth elections in the Mindanao islands.  The Commission on Elections reported that 19 people killed and 14 others injured in election violence, mostly in the BARMM. 

Candidates for and winners of the village council elections were targeted during the electoral violence. Very few people have been displaced during the electoral period and post-election violence.  

In one incident, close to a hundred villagers were displaced by gunfight between rival two groups in Maguindanao del Norte. The displaced informed that the hostilities between the groups were related to the village and youth elections, where both groups had favoured candidates.","- Electoral period for the village and youth council elections has already started and will take place on 30 October 

- History of electoral violence, clan feuds, and political rivalry in the country

- Rival groups participating in the village and youth council elections

- Presence of non-state armed groups 
","20,000-100,000",3,"- Local officials, voters, and families of rival clans are vulnerable to violence and likely to be displaced

- Political violence tend to be concentrated in the rural areas of the BARMM region, so people, especially voters and local officials, in the region’s rural areas likely to be most affected by the electoral violence
",1,Very High,High,Not materialised,2024-06-13
R0543,['Myanmar'],['MMR'],"Increased security incidents between the military junta and the Arakan Army (AA) lead to renewed conflict, further worsening the humanitarian crisis in Rakhine state",['MMR002'],Subnational,New emerging risk,2023-10-18,2024-07-14T12:54:14.000Z,,,"Rationale:

A resurgence of tensions between the AA and the Myanmar military junta could potentially break the ""informal and humanitarian ceasefire"" between the two forces agreed in November 2022. In the second half of 2023, a number of security incidents have been reported in Rakhine state, similar to those that occurred in the months leading to the breakdown of the previous ceasefire in August 2022. These incidents include arrests of civilians with ties (or suspected ties) with the AA by the junta and increased military activities, including drone reconnaissance operations and the AA instructing the residents of a township to dig bomb shelters.

Impact:

Intense fighting may resume if such security incidents continue to occur and would have significant humanitarian consequences, such as internal and cross-border displacements; civilian casualties; increased travel restrictions limiting the movement of people, essential supplies, and aid; and rice harvest disruptions, affecting the livelihood of farmers and heightening food insecurity. The impact of Cyclone Mocha that made landfall on 14 May 2023 aggravates such consequences. 

Rakhine's total population is more than 3.4 million. among them, more than 1.6 million people are in urgent need of assistance as per the assessments conducted by the humanitarian community. Resumption of intense fighting will affect the total population and worsen the situation for the people in need. 

Update:
The risk is materialising. On 13 November 2023, the AA launched attacks on the military junta’s Border Guard Police (BGP) outposts which have, so far, been followed by intense armed conflict between the AA and the military junta forces, breaking the informal ceasefire since November 2022. The AA’s attack is considered to be a part of a greater coordinated attack involving other anti-military armed groups in many states and regions in the country. Since 13 November 2023, up until 5 July 2024, there have been around 2,100 fatalities in Rakhine state due to the conflict. The political dynamics of the Rakhine state conflict has also stoked intercommunal tension and violence against the Rohingya population. Humanitarian access in the state has been severely restricted and disrupted due to various issues, including blocked roads and waterways, and attack against and looting of humanitarian facilities.

Up until 25 June 2024, there are more than 260,000 people have been displaced since the escalation of conflict in November 2023.

A significant portion of the recent armed conflict in Rakhine state has taken place around urban areas, which is a new dynamic compared to previous occasions of armed conflict in the state. Previously, IDPs sought shelter in urban areas as they were perceived to be safer. Many of the IDPs are now seeking shelter in various rural locations with limited access to humanitarian assistance. ","- Rising tensions between the Arakan Army and the military junta

- Increased control of the Arakan Army over Rakhine state which goes against the military junta’s interests
",">500,000",4,"Groups of people that are most vulnerable to renewed armed conflict and are likely to have least coping capacity are: 
- People who are already in need of urgent humanitarian assistance

- Stateless Rohingya people

- IDPs in Rakhine state

- People who are already food insecure

- Women, children, and the elderly

- People affected by Cyclone Mocha",4,Medium,Medium,Active,2024-07-14
R0545,['Myanmar'],['MMR'],"Coordinated offensives conducted by anti-military resistance forces against the military junta intensify armed conflict throughout the country, worsening the protection, food insecurity, health, and education situation","['MMR001', 'MMR003', 'MMR004']",National,Marked deterioration in an existing crisis,2023-11-08,2024-07-14T17:51:21.000Z,,,"Rationale:

A coalition of ethnic armed organisations (EAOs) called the Three Brotherhood Alliance (3BA), comprising the Ta'ang National Liberation Army (TNLA), the Myanmar National Democratic Alliance Army (MNDAA), and the Arakan Army, launched a coordinated offensive, named Operation 1027, against the military junta forces in northern Shan state, close to the Myanmar-China border, on 26 October 2023. Statements by the coalition regarding the offensive point to the intention to safeguard the lives of civilians, assert their right of self-defense, maintain control of their territory, and respond to ongoing artillery attacks and airstrikes from the Myanmar military. They also tagged the military junta government as “oppressive” and stated that they intend to eradicate the ""military dictatorship"", objective which they state is a shared aspiration of the Myanmar population. The main aim of the operation is to dislodge the military junta forces across the northern part of Shan State.

Many junta military camps/bases have been captured by the EAOs' members of the coalition and the junta have been reported to incur heavy losses. In response, the military has retaliated to the offensive with air strikes and other heavy artillery. As per media reports, at least some areas near or along the China-Myanmar border has been captured by the EAOs, including one of Myanmar's five official border trade crossings with China.

As at 6 November, heavy fighting is going on and have resulted in civilian casualties and displacements in northern Shan. Movement along key routes from Lashio, the capital city of northern Shan, has been severely restricted by the military and the EAOs. Mobile communication services have also been disrupted. Such hindrances have affected the mobility, humanitarian access, and communication with affected communities. Humanitarian organisations, including the UN, INGOs and local humanitarian responders, in northern Shan have existing prepositioned relief supplies and will respond once security and access improves.

The National Unity Government (NUG), the government in exile comprising a group of elected lawmakers and members of parliament ousted in the 2021 Myanmar coup d'état, stated that it was also taking part in Operation 1027. Some of NUG’s armed wings, such as the People’s Defence Forces and Mandalay People's Defense Forces, have reportedly participated or are participating in the offensive. 

Operation 1027 has been reported to spread to Sagaing as well. The Kachin Independence Army (KIA), the Arakan Army (AA), and the Kawlin People’s Defense Force launched an attack on military junta bases in Kawlin township, Sagaing region on 3 November 2023. The Kawlin assault, which, as per media reports, has displaced around 50,000 people, was reportedly a part of simultaneous resistance attacks against the military junta forces launched in eight townships across Sagaing and Magway regions. 

Impact:

The offensive by the coalition will not only intensify armed conflict in the northern Shan state and Sagaing but will also have countrywide consequences. Such a coordinated offensive indicates towards enhanced collaborated offensives by many EAOs and anti-coup resistance forces against the military junta throughout the country in the coming months. It is highly likely that the armed conflict will intensify throughout the country. The Myanmar military forces are expected to intensify artillery shelling and airstrikes, worsening the humanitarian situation in the country, especially worsening the protection, food insecurity, health, and education situation.

Update:

The risk is materialising.

Since the start of Operation 1027 at the end of October 2023, the conflict has increased the number of IDPs in the country by around 1.2 million (up until 24 June 2024). 

In February 2024, Myanmar’s military junta activated the conscription law. More civilians will be recruited into the military and armed resistance groups, as many of the civilians would likely join armed resistance instead of the military junta. Up until June 2024, thousands of civilians have been already recruited into the military. This will result in a broader armed conflict.","- The offensive named “Operation 1027” by a coalition of three ethnic armed organisations in northern Shan

- Increased territorial control of and collaboration among anti-military resistance forces

- Growing political instability with no sign of cooperation to de-escalate the conflict between the military junta and anti-military forces
",">500,000",4,"- Displaced people will be exposed to increased protection risks, such as family separation, psychological distress, gender-based violence, and human trafficking. Women and girls are especially vulnerable to protection risks.

- People fleeing the conflict-affected areas to remote locations, such as jungles, are cut off from any services and beyond the reach of humanitarian responders. 

- Intensified conflict will further increase food production gap, heightening food insecurity and malnutrition. 

- Farmers are likely to lose their livelihoods due to the growing conflict

- The young people in Myanmar are at risk of being forcibly recruited into the military. Under the conscription law, all men aged 18-35 and women 18-27 (men aged 18-45 and women aged 18-35 for people with special expertise, such as doctors and engineers) must serve for up to two years and up to five years in a state of emergency, and evading conscription could result in a prison sentence of three to five years. ",4,Very High,High,Active,2024-07-14
R0546,['Panama'],['PAN'],"Continued protests across Panama, following the government's approval to exploit a mining area in a biodiverse jungle, result in access constraints and disruption of services and economic activities for some population groups",['PAN002'],National,New emerging risk,2023-11-13,2024-06-13T13:54:35.000Z,,,"---------BACKGROUND AND RATIONALE-------
The Panamanian government signed a concession contract (arrangement between a public authority and an economic operator) with the Canadian mining company First Quantum Minerals, which allowed the latter to continue operating an open-pit copper mine in a richly biodiverse jungle. Panama’s National Assembly, the country’s legislative body, and the country’s president fast-tracked the contract and approved it on 20 October 2023. 

Since the contract was approved, Panama has been facing protests across the country. Protestors claim the contract was fast-tracked with little public input and lacks transparency, making allegations of corruption of the lawmakers. The protests are being led by construction workers, educators, indigenous groups, and activists, mainly calling for the revocation of the mining contract. Tens of thousands of people have been reported to be participating in the protests across the country. According to the protesters, there are significant environmental risks of the contract, including for the vital water sources required for water consumption.

As at 10 November 2023, the protests have generally been peaceful; ACLED data shows that around 80% of the protests occurring since 20 October 2023 have been peaceful and 20% violent demonstrations which include incidents of clashes between protestors and security forces, use of tear gas to disperse protestors, arrests, vandalism, and robbery. Significant increase in the deployment of security forces has been observed since the protests began. As at 14 November 2023, two fatalities have been reported: an elderly man was apparently frustrated with the blockage and tried to force the protestors to remove a barrier blocking the Pan American highway and then he allegedly opened fire on the protestors, killing two of them.

On 3 November 2023, the National Assembly signed an indefinite moratorium on new mining concessions into law, which also prohibits renewing existing concessions. However, the new law still allows Minera Panama, the Panamanian subsidiary of First Quantum Minerals, to operate. Hence, the protests are still ongoing. The country’s Supreme Court stated that it will consider two lawsuits filed against the renewed contract with First Quantum.

The protests led to countrywide road blockades that have negatively impacted the economy, transportation, food security, education, healthcare, and WASH, and raised protection concerns.
Due to the insecurity caused by the protests, educational authorities closed all schools across the country. 

There have been reports of attack on healthcare, including assault on healthcare personnel, ambulances, and vehicles transporting patients by people among the protestors. On 27 October 2023, the Panamanian National Operations Center requested interinstitutional support to the Red Cross Society of Panama to provide assistance, especially through healthcare services, to the population affected by the protests and blockades. The IFRC has initiated an operation targeting 3,500 people. In several provinces, supplies required for water purification are running low, leading to the risk of clean water rationing. 

Several areas in the provinces of Bocas del Toro, Chiriqui, Darien, Herrera, and Los Santos have reported fuel shortages and rationing of food supplies by supermarkets and stores. An electricity generation company, whose production depends on fossil fuels, has issued warnings of potential controlled power outages to manage the electricity supply.

Rice is the staple food in Panama. Darien, Herrera, Los Santos, and Chiriqui provinces comprise the primary rice producers. Rice mills are unable to distribute their stored rice during the harvest period due to road closures, resulting in considerable losses. Significant loss in perishable goods, including fruits and vegetables, have also been reported due to the inability to sell and transport perishable products to markets and storage facilities.

In early October of 2023, Panama and Costa Rica announced a plan to provide a bus service to quickly move thousands of migrants crossing the Darien Gap through Panama to the Costa Rican border. On 24 October, it was reported that more than 30 buses from Darien to Costa Rica were stranded in the Chiriqui as they could not move forward towards Costa Rica. On 25 October, another 20 buses were not permitted to pass in San Felix, Chiriqui province; as a result, the migrants on the buses started their journey by foot from San Felix to Paso Canoas, Costa Rica.

-----AGGRAVATING FACTORS--------
Copper is the major export good for Panama. Analysts estimate that revoking the mining contract would cut Panama’s GDP growth from a forecast 6% in 2023 to just 1%. So, repealing the mining contract will have significant negative impact on the economy; however, not repealing it would also likely cause significant negative environmental (and consequently economic) impacts. This situation is aggravated by the current drought, exacerbated by a severe El Nino weather system, which has reduced water levels in the Panama Canal, prompting the Panama Canal Authority to implement additional vessel reductions in an effort to conserve water.

--------EXPECTED IMPACT--------
Continued protests will worsen the abovementioned situation, which could lead to a political and socioeconomic crisis in Panama, and possibly to humanitarian consequences for some more exposed population groups, These consequences could include lack of healthcare support, education, and clean water in some areas of the countries. There would also be raising food insecurity concerns, loss of livelihoods, especially among rice and vegetable farmers, and heightening of protection concerns for those participating in protests that become violent. 

--------UPDATE--------
The risk has only partially materialised. The expected impact was not realised. So far, it has not generated humanitarian needs other than those already mentioned in the background and rationale section. 

Panama's Supreme Court of Justice ruled that Panama’s new mining contract with the Canadian company First Quantum was unconstitutional. Following the ruling, the president of the country said that a process to close the Cobre Panama mine was set to begin. Protests have also began to subside after the ruling.

The protests have already had significant impact on the economy. Retail associations estimated a loss of around US$200 million in the first 30 days of protests. Logistics losses are estimated to be around US$4.6 billion. 

Panama’s economy is heavily based on the ability to facilitate the transit of global merchandise, which has been negatively affected by the protests. The logistics sector has been estimated to account for around 20% of the country’s GDP and employs around 10% of the Panamanian workforce.

The protests also have reportedly reduced Panama’s attractiveness as a foreign investment destination. Large losses in the tourism and hospitality sectors have been reported, with many international tourists cancelling their trips to the country through January 2024. 

Shortages in food, fuel, and medicines have been reported in some cities and the government is importing such supplies from neighbouring Costa Rica to fill the gaps.

The company said that it has initiated international arbitration against Panama. Estimates suggest that Panama might have to pay at least US$20-50 billion (25-65% of the country’s GDP) if it loses the case. 

Livelihoods of the mine's employees and the people whose jobs are indirectly related to the mine are considered to be affected. The mine is reported to employ around 6,600 people (more than 5,500 are Panamanians). In total 40,000 jobs, directly and indirectly, are reportedly linked with the mine. 

It is to be noted that, if Panama loses the international arbitration case, which would be compounded by the negative impacts of the closure of the mine, there will likely be significant socio-economic distress in the country.",- Protests against a concession contract between the Panamanian government and a mining company,"<20,000",2,"- Children, the elderly people, people with pre-existing medical conditions, and people with disabilities are likely to be more vulnerable as they often need healthcare support

- Children and elderly people exposed to the protest and violence needing mental health and psychosocial support

- Children facing lack of education due to school closures and needing access to mental health and psychosocial support  

- People impacted by the protests and violence, including those who suffered injuries, property damage, and/or interruptions to their daily lives due to blockades and protests

- Migrants in transit, especially the ones who now have to walk to Costa Rica due to road blockades and demonstrations 

- Rice and vegetable farmers and other people involved in the production, storage, and distribution of rice and vegetables 

- Transportation workers who might face loss in livelihood due to transportation disruptions

- Healthcare workers who face violence during protests while trying to reach patients 

- People facing lack of clean water supply",2,Medium,Medium,Materialised,2024-06-13
R0548,['Iraq'],['IRQ'],Failure to replenish water reserves in Iraq causes livelihood-induced displacement as well as a deterioration of health and WASH services  ,['IRQ001'],National,Marked deterioration in an existing crisis,2023-11-13,2024-06-13T13:54:35.000Z,,https://www.acaps.org/fileadmin/Data_Product/Main_media/20231018_ACAPS_Global_Risk_Analysis.pdf,"- In July 2023, water reserves in Iraq reached their lowest levels in history. 

- Besides a 2021 memorandum of understanding, no agreement on water shares has been reached between the two Iraq and Turkiye

-Poor water governance, outdated and damaged infrastructure, the lack of an overarching national water law, and dysfunctional centralisation of water management increase the effects associated with low water reserves in Iraq 

- Even after years of water scarcity, Iraq has failed to modernise its irrigation system in the agriculture sector 

- In 2023, the Government is likely to resort to the same approach in dealing with drought and further reduce irrigated farmland for the 2023–2024 harvest season.
 
- Failure to replenish its water reserves will expose between two to seven million Iraqis, mainly in south Iraq, to a significant lack of water.
","- Meteorological Drought​
- Hydrological drought​
- High temperatures​
- Wastewater treatment​
- Poor access to water services​
- Dependency on water trucking​
- Evaporation
- Flood irrigation​
- Water management​",">500,000",1,"- Pre-existing levels of undernourishment 
- Lack of sufficient safe water​
- Existing displaced populations
- Existing decline in oil revenue​
- Poor water management and governance ",3,Medium,Medium,Active,2024-06-13
R0549,['Timor Leste'],['TLS'],"Drought conditions due to the El Nino, high rice prices in the international market, and restrictions imposed by India on their rice exports worsen food insecurity outcomes",['TLS003'],National,Marked deterioration in an existing crisis,2023-11-14,2024-06-13T13:54:35.000Z,,,"RATIONALE AND IMPACT
Timor-Leste has around 262,000 people facing high acute food insecurity (IPC Phase 3 or above) as per IPC projections for May - September 2023. The food insecurity situation will be worsened due to certain environmental and economic factors. 

The entire country of Timor-Leste is showing signs of drought due to the ongoing El Nino Southern Oscillation (ENSO) conditions and is forecasted to strengthen and persist until early 2024. Prolonged dry spells will negatively impact agriculture output in the country. The agriculture sector accounts for around 27% (around 63,000) of total employment. Outside of the labour force, around 162,000 people are subsistence foodstuff producers. Rice, maize, cassava, and sweet potato are the main staple crops in the country. The main growing season of maize is in January and rice is March. Drought conditions will affect the yield of these water-intensive crops. 

The international rice prices surged between July and September 2023, which raised the costs of rice within Timor-Leste and the retail prices of imported rice in the country. The surge in rice prices have made it unaffordable for impoverished families in Timor-Leste. People in the country depend heavily on imports of rice, especially imported Indian rice which comprise around 90% of rice imports by Timor-Leste. The Indian government introduced measures aimed at stabilising domestic food prices which included a ban on exports of non-basmati white rice, 20% export duty on non-basmati parboiled rice, and the imposition of a minimum export price. These measures are aggravating the already worsened rice availability and subsequently consumption situation in Timor-Leste. 

Current stock of rice may only cover just over one month of national rice consumption needs. If the country is unable to secure enough rice and nutritious food as soon as possible, there will be further deterioration of the nutritional and food security status among the poorest and most vulnerable Timorese families. 

AGGRAVATING FACTORS
Oil and gas are the main export products in the fuel and mining products category. In 2022, fuel and mining products contributed to more than 80% of total exports. It also contributes to around 70% of total government revenues. Timor-Leste’s real GDP is estimated to fall by around 17% in 2023, primarily due to reduced oil and gas production.  The real GDP is expected to decline by 6% in 2024. The current and short-term economic situation will reduce livelihood opportunities, aggravating the food insecurity situation in the country. 

BACKGROUND
It is to be noted that, around half of the children under five years of age in Timor-Leste are stunted which is one of the highest rates of stunting in the world, and nearly 40% of children under five years of age are underweight.

The last El Nino event in 2015-16 caused a drought in Timor-Leste and affected 80% of the population, with around 40% of households experiencing food shortages and falling into severe food insecurity. According to an estimate, Timor-Leste could see a rise in food insecurity with 300,000 people facing high food insecurity levels (IPC phase 3 and above) in the current El Nino period. If food insecurity levels get similar to the last El Nino event, then more than 500,000 people could face high food insecurity levels (IPC phase 3 and above).

UPDATE
The risk has materialised.

Around 360,000 people (27% of the population) are estimated to face crisis or above levels of food insecurity (IPC 3 and above) in November 2023—April 2024. It is nearly 100,000 more than the projected figure for May—September 2023. Number of people facing emergency level food security (IPC 4) has more than doubled from 7,000 to around 18,600 in the same period. 

Poverty, El Nino induced drought-like conditions, and high food prices were found to be among the primary drivers of food insecurity. 

Rice and maize are the two main staple foods in the country. Timor-Leste has high dependency on imported rice to meet their demand of rice. Price of imported rice was 30% higher in December 2023 compared to December 2022. Maize prices rose by 66% during the same period, and its production is expected to decrease in 2024 due to the impact of El Nino and fall armyworm infestations.

Due to unfavourable weather conditions including the current El Nino event, shortfall in production of rice in the main rice producing and exporting countries are expected, hence leading to limited global rice availability.

The El Nino is expected to have negative impacts on the national and regional rice and maize production in 2024, leading to limited food availability and increased food prices, and reducing agriculture-related livelihood opportunities and household food reserves. The situation is expected to worsen the food insecurity situation in the post-harvest season, May—September 2024, when food access and availability generally improves. The number of people facing crisis or above levels of food insecurity (IPC 3 and above) is projected to rise to 364,000. ","- Drought throughout the country due to the El Nino Southern Oscillation (ENSO) conditions 
- Rise in international prices of rice
- Restrictions imposed by the Indian government on its rice exports, affecting the imports of rice by Timor-Leste","250,000-500,000",3,"Vulnerable groups are:
- Members of impoverished households
- Children, especially who are already stunted and/or underweight 
- Pregnant and lactating mothers as they require nutritious food for their and their children’s health
- People with disabilities (4% of the population)
- Subsistence foodstuff producers and their household members
- Agricultural workers and their household members
- People who provide ancillary services to the agriculture sector
- People employed in the production of oil and gas and who provide ancillary services to the oil and gas industries 
",3,High,High,Materialised,2024-06-13
R0550,['Afghanistan'],['AFG'],"Thousands of Afghan returnees and the onset of winter season, coupled with a weak health system and ongoing Polio outbreak, heighten the risk of a public health crisis",['AFG001'],National,Marked deterioration in an existing crisis,2023-12-07,2024-06-13T13:54:35.000Z,,,"The prolonged conflict in Afghanistan, coupled with an economic crisis and a significant shortfall in foreign funds, is contributing to the deterioration of its healthcare system, compromising its capacity to effectively respond to emerging health threats. Adding to this, it is the arrival of the winter season, which brings with it a unique set of health challenges. The cold temperatures are increasing the prevalence of acute respiratory illnesses and placing additional strain on an already fragile healthcare system. 
Inadequate access to heating facilities and a Polio outbreak ongoing since January will likely escalate the health risks for the population, particularly for those who have been already affected by Herat earthquake. 

As the country is grappling with its existing humanitarian crisis, over 428,000 Afghan refugees from Pakistan have also returned to Afghanistan following Pakistan’s recently introduced repatriation plan. Most of these returnees are women and children. The returnees at the border are suffering from limited access to food, WASH, and healthcare services. Given the poor state of the healthcare system, particularly in rural areas, the returnees heading to  provinces with poor services and infrastructure, will likely experience a higher level of needs while putting a strain on the already limited healthcare resources. The arrival of such a large number of returnees also increases the risk of the spread of communicable diseases, such as Polio, as Afghanistan and Pakistan are the only countries where the virus remains endemic.","-	Onset of winter
-	High number of arrival of Afghan refugees from Pakistan
",">500,000",,"-	29.2 million people are in need of humanitarian assistance, with 17.6 million in need of health assistance.
-	84% of the population lives below the poverty line. The inadequate healthcare infrastructure in rural regions compels residents to travel for treatment, leading them to incur additional expenses and resort to borrowing funds. This financial burden further hampers their ability to access essential healthcare services.
-	The situation disproportionately affects women, who experience heightened challenges with the male guardian (Mahram) requirement, resulting in double transportation costs.
-	Afghan refugees returning from Pakistan leave all their assets and have to depend completely on the deteriorating healthcare system in Afghanistan.",4,High,High,Active,2024-06-13
R0551,['Lebanon'],['LBN'],The impact of the escalation of fighting between Hezbollah and Israel on the Lebanese agriculture and tourism sectors worsens the country’s socioeconomic crisis,['LBN004'],National,New emerging risk,2023-12-13,2024-06-13T13:54:35.000Z,,,"Fighting between Hezbollah and Israel has escalated since 8 October 2023 following the start of the most recent war between Hamas and Israel on 7 October. Tensions have increased between Israel and Lebanon over Hezbollah’s support for Hamas and Israel’s bombing of Gaza.

Southern Lebanon, specifically its agriculture and tourism sectors, is facing the biggest impact. Southern Lebanon’s land is agricultural, where many crops and trees are grown. Israel’s white phosphorus bombs are burning and polluting this land, damaging crops and trees and affecting farmers’ livelihoods. Unexploded munitions are also affecting the work of farmers. At the same time, insecurity is leading to the displacement of agricultural workers, who normally harvest olives from October–November, resulting in reduced incomes.

Tourism flourished in early 2023, producing the best revenues since 2019. The Lebanese economy depends heavily on the tourism industry, generating around USD 7 billion in 2022. Since the fighting began, however, tourism has been brought to a near-standstill. Fewer tourists are coming to Lebanon because of insecurity, and hotels are receiving fewer bookings. The Christmas season likely produced less revenue than expected, affecting the livelihoods of many people and the country’s economy.","- Escalation of clashes between Hezbollah and Israel
- Increased killing and displacement of civilians 
- Use of white phosphorus bombs
- Unexploded munitions
- Increased insecurity
","20,000-100,000",3,"People in Lebanon already face the impact of a deteriorating economy, high inflation, and livelihood losses. They are generally resilient to human-driven and climate crises, but an increase in clashes and displacement can increase their current needs and vulnerabilities caused or aggravated by the socioeconomic crisis. ",4,High,High,Active,2024-06-13
R0552,['DRC'],['COD'],"DRC general elections trigger heightened levels of violence, leading to 
increasing protection threats, population displacement, and food insecurity",,National,New emerging risk,2024-01-05,2024-06-13T13:54:35.000Z,2023-12-18,https://www.acaps.org/en/countries/archives/detail/drc-risk-of-violence-in-the-upcoming-general-elections,"The DRC’s Independent National Electoral Commission (CENI) has officially set the general elections’ ballot date to 20 December 2023, which will include polls for the presidency, national legislature, provincial assemblies, and local councils. The electoral process started in December 2022 with voter identification and registration procedures that lasted until June 2023. The electoral campaign for the presidency started on 19 November and finish on 18 December, two days before voting day. The electoral process will then continue throughout 2024 with the swearing-in of the new president scheduled for 20 January and indirect elections for the senate, provincial governorates, and other official positions scheduled to take place through September 2024. The presidency, elected through a simple majority for a five-year term, will have President Félix Tshisekedi seeking re-election amid a list of 26 opponents, including prominent figures such as Martin Fayulu, a politician claiming to have won the 2018 elections; Moïse Katumbi, a wealthy businessman and politician; and Denis Mukwege, an activist and 2018 Nobel Peace Prize winner.

Logistical challenges, criticism towards the electoral commission for its alleged biases, and a defective electoral roll generate a climate of mistrust and heightened tensions, compounded by the failure of the Government and the CENI to engage with civil society observer missions. This tense situation engenders an environment that is ripe for discontent, hostility, and protests, increasing the probability of violence during the electoral cycle. The opposition’s reluctance to engage in the electoral process may lead to intentional election disruptions, also potentially instigating violence. At the polling stations, any denial of voter rights, perceived impartiality of officials, or restrictions imposed on observers could lead to confrontations involving officials, supporters of different political parties or rival groups, and security forces.

The tense political environment is heightening social and political divisions. Unresolved grievances from the 2018 contested general elections, which included some of the candidates for the current ballot, have fostered divisions and mistrust among political factions and communities. The opposition is still unsuccessfully discussing the potential for a joint coalition candidate. The fractured opposition landscape, marked by diverse political ideologies and ambitions, has been a source of tension during the electoral process. The fragmentation and lack of meaningful electoral odds for some opposition candidates can lead to frustration among supporters who may feel disenfranchised, increasing tensions and the potential for confrontation 
between rival political factions. Confrontations could also arise if results are contested. A re-elected incumbent and disputed results could trigger existing contentions between communities and ethnic groups to escalate into political violence. A losing party’s refusal to accept the results could incite confrontations and protests involving groups in dispute for prominence and power, potentially escalating into greater clashes between rival communities and largerscale political conflicts. In certain territories, communities are deeply politically attached to particular candidates, such as the Kasaï, who support the incumbent president, and the Katanga, who support Moïse Katumbi, one of the main opposition candidates. These divides could lead to strong reactions. The constant inflammatory language of the Government and opposition figures, including contentious debates around the definition 
of the Congolese identity, amplifies ethnopolitical and intercommunal tensions and divisions and heightens the threat of confrontations.

Continued repression and abuses by state security forces could trigger increased resistance and dissatisfaction, sparking demonstrations, civil unrest, or violent clashes. Reports of military abuse and limits on political freedoms provoke resentment and erode trust in both state institutions and the electoral process. At the same time, heavy-handed security responses and peaceful protest suppression are expected to result in further demonstrations 
and civil unrest.","1. Increasing concerns about lack of transparency and fairness in the electoral process; 2. Increasing tensions and societal division; 3. Rising governmental repression and abuses by security forces
",">500,000",,"Conflict is a major displacement driver in the DRC. As at the end of October 2023, nearly seven million IDPs lived in the country, a number that has been growing every year. Approximately 81% of these IDPs – about 5.6 million people – lived in the eastern provinces, particularly in Ituri, North Kivu, South Kivu, and Tanganyika. Nearly five million IDP returnees also lived in 
those same eastern provinces. In October–November 2023, more than 450,000 people fled their homes in Rutshuru and Masisi territories, in North Kivu, because of violence and widespread human rights violations by armed groups. Shelters have been insufficient in responding to the increasing demand. At the same time, authorities have been closing IDP sites in the 
region. Most IDPs are accommodated within host communities, which often struggle to access basic goods and services, creating precarious living situations. Women and girls are at particular risk of gender-based violence (GBV), reports of which have been increasing. Between January–June 2023, nearly 35,000 survivors accessed GBV support services in Ituri, North Kivu, and South Kivu provinces, but the actual number is probably much higher 
given underreporting, social stigma, and fear of retaliation.

Between July–December 2023, an estimated 25.4 million individuals – 23% of the country’s total population – have been facing Crisis (IPC Phase 3) food insecurity or worse, including 3.5 million people in Emergency (IPC Phase 4) levels. The locations with the highest number of people in IPC 3 and above are North Kivu province (2.6 million) and Kinshasa city (2.1 million). The most affected populations are the displaced, host families, returnees, and people whose livelihoods, such as agriculture, have been disrupted by conflict or natural hazards (e.g. flooding). The DRC has some of the highest acute malnutrition rates globally, affecting about 6.4 million people, and one of the world’s highest infant mortality rates. Four women die every hour during labour or from pregnancy-related conditions. Other health challenges, including preventable epidemics (such as measles, yellow fever, cholera, and malaria), aggravate these conditions. Poor infrastructure, health access constraints, and low vaccination coverage contribute to high health needs among the population.

Funding limitations and severe access restrictions because of insecurity and poor basic infrastructure constrain the humanitarian response, making it insufficient to address the affected population’s critical needs. UN agencies estimate that around 200,000 displaced people in the eastern regions are currently cut off from aid because of the major road obstructions resulting from conflict.",4,Medium,Medium,Active,2024-06-13
R0553,['Egypt'],['EGY'],The impact of war in Gaza and the Red Sea blockade on Egypt’s economy limits access to food and increases malnutrition levels among children,,National,New emerging risk,2024-01-10,2024-06-13T13:54:35.000Z,,,"Egypt’s economy is suffering from currency floating and record-high inflation rates, which reached 38% in September 2023. The continuing war in the Gaza Strip will likely lead to its further deterioration despite a slight improvement in inflation rates since October.

Tourism revenues have dropped since October because of insecurity at the border area between Gaza and Egypt. Between October–December, ticket purchases for Egypt fell by 26% compared to the same period in 2022. Some rockets from either Israel or Yemen have been misfired and dropped over touristy cities in Egypt, such as Dahab.

The Red Sea blockade also reduces the number of ships passing through the Suez Canal, reducing Egypt’s revenues from transit fees. The canal contributes one-fourth of the country’s currency earnings. Traffic through Bab Al Mandib Strait was estimated to have dropped by 35% as at mid-December. Despite the Houthis claiming to block only ships headed to Israel, some major shipping companies have suspended all of their travel through the Red Sea for security reasons. In case of clashes between the Houthis and the US Navy, a total blockade of the Red Sea will likely take place, largely affecting Egypt’s economy. Generally, shipping and insurance costs have increased, leading to an increase in the commodities also meant to reach Egypt.

An estimated 60% of the population lives near or below the poverty line and is already struggling with the high prices of food items, such as meat and sugar. Prices will likely increase further with the impact of the war in Gaza and the Red Sea blockade, reducing people’s access to food and increasing malnutrition levels. In 2019, malnutrition accounted for 35% of the diseases affecting children below the age of five.

The forced displacement of the Gazan population (about 2.3 million) towards the Sinai Desert in Egypt would further aggravate the crisis and put a strain on Egypt’s public services and economy. The Government will likely need to provide shelter, health, education, and livelihood services to the new refugee population. Some security concerns can arise as well, since new Palestinian factions will likely form (or old factions can reform), leading to clashes on the border with Israeli forces. The impact will further destabilise Egypt and its peace treaty with Israel, affecting the country’s economy.","- Further escalation of the war in Gaza
- Movement of Gazan refugees towards Egypt
- Total blockade of the Red Sea
- Increased inflation rates",">500,000",3,An estimated 60% of the population lives near or below the poverty line and is already struggling with high food prices.,4,Medium,Medium,Active,2024-06-13
R0554,['Palestine'],['PSE'],"Violence and coercive conditions by Israel in the West Bank result in an uprising, generating Palestinian protection and livelihood concerns",['PSE003'],Subnational,Marked deterioration in an existing crisis,2024-01-22,2024-06-13T13:54:35.000Z,,,"The intensification of coercive conditions and economic challenges in the West Bank since 7 October 2023, coupled with rising tensions given the military operation in Gaza, risks starting a new uprising in the West Bank. The Palestinian Authority, which could eventually intervene and prevent such an uprising, is losing legitimacy and power, especially with the fiscal challenges that might affect its ability to pay for the security forces in the West Bank.

An uprising would result in the Israeli authorities tightening physical and administrative measures in the West Bank. This would restrict humanitarian activities and access. It would also hamper the implementation of infrastructure development and rehabilitation projects, aggravating an already deteriorated socioeconomic situation.

Military operations, checkpoints, and movements restrictions for people and goods would worsen the economic situation and increase the poverty level in the West Bank. These would also reduce revenue for the Palestinian Authority and its ability to pay for salaries, social assistance, and protection programmes, including the Palestinian National Cash Transfer Program.

Intensified violence in the West Bank would also have a significant impact on protection needs. Protection concerns in the West Bank remain extremely high and are expected to increase given the continued use of excessive force by Israeli forces and Palestinian security forces.

Additionally, Israel can react to any violent uprising with raids targeting Palestinian armed groups. The raids often affect the refugee camps in areas where these groups are active. Increased conflict in and around refugee camps affect the ability of humanitarian organsations to access people in need. In general, Israeli forces often target facilities and assets providing services to Palestinians, such as health facilities and ambulances. Heightened insecurity would limit service provision for groups already experiencing high socioeconomic vulnerabilities. ","- On 29 December 2022, the Likud and ultranationalist parties led by Benjamin Netanyahu formed a new Israeli Government. Tensions and the escalation of violence in the West Bank have increased since the arrival of this new Government. 

- On 7 October 2023, hostilities erupted in Gaza following Hamas attacks on Israel, triggering intense violence and coercive conditions by Israel in the West Bank, such as movement restrictions between and within towns and cities.

- New armed groups in the West Bank have increased their activities in the West Bank in recent years. Since 7 October 2023, the Israeli raids targeting armed groups in the West Bank have significantly increased, leading to fatalities and infrastructure damage. The Israeli Government has also relaxed its gun laws, making it easier to obtain gun licenses and leading to a noticeable surge in Israeli gun ownership, especially among settlers in the West Bank. This has further increased the potential for violence escalation in the territory.

- Around 152,000 out of the 160,000 Palestinians from the West Bank who worked in Israel or Israeli settlements have not been able to access job opportunities in Israel since 7 October 2023. In 2022, 22.5% of employed Palestinians from the West Bank were employed in Israel and Israeli settlements.",">500,000",5,"- The Israeli occupation of the West Bank continues to generate severe humanitarian needs among the Palestinians in the territory. Around 900,000 people in the West Bank, including East Jerusalem, are in need of humanitarian assistance. Protracted conflict, the Israeli military occupation, violations of international humanitarian and human rights laws, internal Palestinian political divisions, and periods of escalating hostilities continue to drive humanitarian needs.

- The protracted humanitarian crisis in Palestine has resulted in acute humanitarian consequences – including lack of access to services and displacement. People in need face a lack of adequate health assistance given an overburdened healthcare system, inadequate shelters, food insecurity, and increased poverty and unemployment.

- Palestinians in the West Bank face serious protection challenges, including threats to their lives, liberty, security, property, and freedom of movement, with a lack of accountability and effective remedies.",5,Low,Medium,Active,2024-06-13
R0555,['Yemen'],['YEM'],"Red Sea shipping disruptions result in the DFA’s designation as Foreign Terrorist Organization (FTO), challenging humanitarian operations in northern Yemen",['YEM001'],Subnational,New emerging risk,2024-01-22,2024-06-13T13:54:35.000Z,,,"Continued Red Sea shipping route disruptions by the DFA and the pressure by several US senators and foreign governments in the Middle East for harsher sanctions on the Houthis increase the likelihood of the US listing the DFA as an FTO. Around 70–80% of the Yemeni population lives in the areas under DFA control, and it will be challenging for humanitarian organisations wishing to operate in the DFA-controlled areas to avoid engaging with the DFA, including for day-to-day transactions.

The US FTO designation of the Houthis is expected to deteriorate the humanitarian crisis in Yemen, as it will lead the private sector and financial institutions to limit their activities in the country. This will increase insurance and operation costs and disrupt supply chains in Yemen, leading to shortages in commodities and increased food prices. Yemen depends on imports to meet 90% of its food needs. The FTO designation would also restrict remittance transfers, which make up 20% of the country’s GDP, from outside Yemen. This will limit Yemenis’ ability to meet their essential needs.","In November 2023, the de-facto authority (DFA) in the north of Yemen (also known as the Houthis) started disrupting the shipping routes in the Red Sea. The DFA claims that the disruption comes as an effort to pressure Israel to stop its military operation in the Gaza Strip that started in October 2023. As at 31 January 2024, the disruptions were still taking place and had forced traffic through the Red Sea to drop by more than 40%.

Since 12 January, the US, along with a coalition of other countries, has responded by striking DFA targets in Yemen. On 17 January, the US declared the Houthis as a Specially Designated Global Terrorist (SDGT) organisation, which will become effective mid-February. This designation authorises the US Treasury to freeze the organisation's assets and restrict most transactions involving the organisation within the US financial system. Regardless, the DFA has vowed to continue disrupting the shipping routes in the Red Sea and target US interests in the region until the Israeli military operation in Gaza stops.

There is pressure inside and outside the US to designate the Houthis as a Foreign Terrorist Organization (FTO). The push mainly comes from several US senators and foreign governments in the Middle East allied with the US. The FTO designation, unlike the SDGT, would entail sanctions and subject individuals to criminal liability for offering material support to the Houthis. ‘Material support’ is a legal term encompassing the provision of tangible or intangible property or services, excluding medical and religious materials. Examples include monetary instruments, training, lodging, and transportation. At the same time, with the FTO designation, any licences and exemptions issued by the US Treasury under SDGT regulations would not provide protection to organisations and individuals from the consequences of potentially engaging with an FTO entity.",">500,000",5,"Yemen is already facing a humanitarian crisis, with high food insecurity levels across the country. Around 17 million people, more than half of its population, are facing acute food insecurity and need food assistance in 2023. This figure includes around 2.2 million children and 1.3 million pregnant and breastfeeding women. Over six million of these people are estimated to be facing Emergency (IPC Phase 4) food insecurity levels. Hajjah and Al Jawf in northern Yemen under the DFA and Ta’iz in southwestern Yemen on the front line of the conflict are the most food-insecure governorates in the country.",5,Medium,Medium,Active,2024-06-13
R0556,['Malawi'],['MWI'],The halt of WFP assistance in Malawi given limited resources increases food insecurity and protection concerns for refugees,['MWI002'],Subnational,New emerging risk,2024-01-31,2024-06-13T13:54:40.000Z,,,"In January 2024, WFP in Malawi announced that it might stop providing assistance to refugees starting in June given limited resources. This decision could lead to a rise in food insecurity among refugees, particularly in the Dzaleka refugee camp. The Dzaleka refugee camp is overcrowded, with more than 50,600 refugees as at May 2023. The camp was originally established to accommodate up to 12,000 refugees.

In July 2023, WFP reduced food assistance in the form of cash transfers from the equivalent of a 75% ration to a 50% ration. This, combined with the Government's strict encampment policy in May 2023, has made refugees in the camp even more vulnerable to food insecurity. As at November 2023, 78% of the refugee population in Dzaleka needed humanitarian assistance, including for food.

Increased food insecurity could also increase malnutrition levels among the refugees and affect their coping mechanisms, which include leaving the camp to seek other means of livelihood. This could expose them to protection concerns, such as arrest and detention, given the Government's recent enforcement of the encampment policy. Refugee children may be compelled to drop out of school, increasing their risk of child labour and early marriage to support their families.",WFP halt of humanitarian assistance to refugees,"20,000-100,000",3,"As at November 2023, 78% of refugees in Dzaleka were food-insecure.
There is a strict encampment policy for refugees.",3,Medium,Medium,Active,2024-06-13
R0561,['Papua New Guinea'],['PNG'],Increasing trend in tribal fighting and availability of modern weapons will heighten protection concerns in the Highlands region of Papua New Guinea,['PNG003'],Subnational,Marked deterioration in an existing crisis,2024-02-25,2024-06-13T13:54:40.000Z,,,"Rationale:
The elections of 2022 resulted in political and electoral violence between rival political groups and tribal clans in the Highlands region of Papua New Guinea. Such incidents have internally displaced thousands of people. The country lacks the of provision of basic services for its people, and increased tribal fighting would widen such gaps.

In the past, tribal warfare had some rules that were respected by warring parties and did not permit the damage and destruction to public infrastructure, facilities providing basic services such and health and education, and houses, and harming and killing of women and children which has been observed in recent years (especially 2022 and 2023). In the past, the decision to go to war with rival clans or tribes would have been taken collectively. Now, the people, especially young men, tend to go to war against their enemies without maintaining such process.

The past few years have witnessed the use of modern firearms, bombs, and tear gas, instead of bow and arrows, and other traditional weapons used in the past. This has changed the dynamics of the clashes and increased casualties significantly.

The number of armed clashes, riots, and incidents of violence against civilians in the Highlands region in 2023 was significantly higher than in 2021 and 2022. It increased by around 160%, with related fatalities increasing by nearly 230%, compared to 2022. The trend is expected to continue in 2024, which has been the case as at 16 February 2024, until adequate measures by the state to reign in the violence. 

Expected impact:
- Continued tribal fighting would result in heightened protection concerns, including increased violence against women and children and civilian casualties, damage and destruction to houses and public infrastructure, and displacement, including to remote places, such as mountains, with low access to basic necessities. The people affected by the conflict would also require shelter, health, WASH, livelihood, and food and water assistance. 
- Based on past events of violence and related displacements, especially that of 2022, more than 80,000 people could be in need of humanitarian assistance in 2024 and 2025. ","- Breakdown of rules based tribal warfare
- Increased availability of modern weapons
- Socioeconomic vulnerabilities
- Lack of capacity of security forces","20,000-100,000",4,"Vulnerability and coping capacity:
- The country is marked by socioeconomic concerns such as high youth unemployment, reduced purchasing power, limited water, sanitation, and electricity services, very high proportion of children showing stunted growth affecting brain development, poor education system, and high illiteracy rates. Such issues limit people's livelihood opportunities and make them very vulnerable to shocks. 
- Papua New guinea is regarded to be a very dangerous place for women and girls. The number of reports of physical violence against women and girls is significant and is reported to be increasing in the country. Laws designed to protect women and children are rarely enforced due to lack of police capacity. 
- The overall state of the healthcare system is very poor, with lack of trained personnel, inadequate wages, a deteriorating infrastructure, and frequent lack of critical drugs and dressings. 
- It is to be noted that the above issues are more profound in the Highlands region.
- The Highlands region is remote and tend to have severe humanitarian access constraints. The constraints are aggravated during conflict as roads/areas become conflict-ridden and impassable. 

Vulnerable groups:
- Women, especially pregnant and lactating women, single caregivers, the elderly, children, and persons with disabilities
- Internally displaced people ",3,High,High,Active,2024-06-13
R0562,['Papua New Guinea'],['PNG'],"Deteriorating socioeconomic situation in Papua New Guinea trigger violent incidents such as riots in urban areas, heightening protection concerns",,National,New emerging risk,2024-02-25,2024-06-13T13:54:40.000Z,,,"Rationale:
Papua New Guinea is marked by high youth unemployment and poverty, reduced purchasing power, lack of provision of basic services for its people, and poor governance. Only a quarter of the population who are engaged in work have formal, stable jobs. Many people reportedly flee from the violence-affected Highlands region to seek refuge and opportunities in urban centres, especially the capital of Papua New Guinea, Port Moresby. 

Nearly 60% of women and girls aged 15—49 have experienced some form of physical sexual violence, which is almost twice the global average. The overall state of the healthcare system is very poor, with lack of trained personnel, inadequate wages, a deteriorating infrastructure, and frequent lack of critical drugs and dressings.

Such underlying factors are considered to trigger social disruptions. In January 2024, the police went on strike over underpay, which was later revealed to be a technical glitch in the public servants’ payroll system. The initially peaceful protests turned into riots, comprising mass opportunistic looting, arson, and violence, mainly in Port Moresby. At least 15 people were killed in the riots, with some reports indicating a much higher number. Widespread sexual violence was also reported. 

Protests, riots, and incidents of violence against civilians in the non-Highlands areas rose significantly in 2023. The fragile social and economic situation may trigger more violence incidents, particularly riots, in non-Highlands urban centres in 2024. Lack of security forces’ capacity to deal violence also serves as an aggravating factor for riots.

Expected impact:
- The main impact would be heightened protection concerns and healthcare needs, especially for women and children. Women are girls would become increasingly vulnerable to physical and/or sexual violence in periods of violent riots. 
- Access to healthcare services, especially for women and girls, is also very lacking in the country; women and girls would need urgent healthcare assistance in times of riots.
- The violence-affected people would also require food and water, education, WASH, healthcare services, and safe shelter providing protection from violence. Infrastructure for such services are already very poor. Violence would disrupt the existing services and the affected population would urgently require such services.
- As shops in the urban centres are usually targeted during mass looting, their owners and employees are likely to be in need of livelihood support when riots occur. ","- Continued fragile social and economic situation in the country
- Past events of violent riots in the country
- Possible unpopular government policy or sustained ineffective government policy ","<20,000",3,"Vulnerability and coping capacity:
- The country is marked by socioeconomic concerns such as high youth unemployment, reduced purchasing power, limited water, sanitation, and electricity services, very high proportion of children showing stunted growth affecting brain development, poor education system, and high illiteracy rates. Such issues limit people's livelihood opportunities and make them very vulnerable to shocks.
- Papua New Guinea is regarded to be a very dangerous place for women and girls. The number of reports of physical violence against women and girls is significant and is reported to be increasing in the country. Laws designed to protect women and children are rarely enforced due to lack of police capacity.
- The overall state of the healthcare system is very poor, with lack of trained personnel, inadequate wages, a deteriorating infrastructure, and frequent lack of critical drugs and dressings.
- Shop owners in urban centres tend to not have enough capital to recover from riots which has been the case for the January 2024 riots.

Vulnerable groups:
- Women, especially pregnant and lactating women, single caregivers, the elderly, children, and persons with disabilities
- Shop owners and shop employees in urban centres, especially Port Moresby, as urban shops are usually targeted by rioters.",3,Medium,Medium,Active,2024-06-13
R0563,"['Azerbaijan', 'Armenia']","['AZE', 'ARM']","The escalation of hostilities around Syunik marz between Armenia and Azerbaijan renews wide-scale conflict, resulting in displacement and humanitarian needs","['ARM002', 'AZE002']",Regional,New emerging risk,2024-02-26,2024-06-13T13:54:40.000Z,,,"Tensions between Armenia and Azerbaijan have been increasing since Azerbaijan swiftly took control of Nagorno-Karabakh region on 16 September 2023. The most recent escalation occurred from 12–13 February 2024, with an attack by Azerbaijan's forces killing four Armenian soldiers. Azerbaijan claimed that the attack was in response to an earlier Armenian attack injuring one of their soldiers.

Azerbaijan's recent increase in demands for Armenia to allow for a land corridor through the Armenian Syunik marz aggravates the tension between the two countries. The corridor would connect the Azari Nakhichevan enclave with Azerbaijan’s mainland; Armenian territories currently separate these two areas. The Azeri population has also asked not to have Armenian custom checks in the land corridor. As a basis for the demand, Azerbaijan has been referencing a provision in the 2020 peace treaty emphasising unimpeded transport connections in the region.

Rhetoric around conflict between the two countries has intensified in the past few months, with Armenia's Prime Minister suggesting that Azerbaijan is preparing to invade Armenia. Armenia has also proposed a mutual arms control mechanism and a non-aggression pact, both dismissed by Azerbaijan as diversionary tactics.

On the international front, Russia has historically been an ally to Armenia in the conflict with Azerbaijan, with Armenia being a member of the Russian-led Collective Security Treaty Organisation. Russia has previously intervened to ease tensions and deter Azerbaijan from acting on its territorial claims. In the past few years, however, the relationship between Armenia and Russia has been deteriorating, especially after the Russian peacekeeping mission in Nagorno-Karabakh did not effectively break the blockade by the Azeri forces that started on December 2022, which later resulted in the Azeri forces taking over the region in September 2023. This strain is evident in Armenia's decision to freeze its participation in a Russia-led security bloc as part of efforts to distance itself from Moscow in favor of new alliances with European countries, such as France.","- Azerbaijan's recent increase in demands for a corridor through the Armenian Syunik marz (region)
- Azerbaijan taking control over Nagorno-Karabakh region on 16 September 2023 in a one-day lightning military operation
- In February 2024, the Azerbaijani attack that killed four Armenian soldiers
- Armenia's Prime Minister suggesting that Azerbaijan is preparing for an invasion
- Azerbaijan dismissing Armenia’s proposal for a mutual arms control mechanism and a non-aggression pact
- Armenia's decision to freeze its participation in a Russia-led security coalition
- New arm deals between Armenia and France
",">500,000",,"On 16 September, Azerbaijan took control over Nagorno-Karabakh region in a one-day lightning military operation, causing more than 101,000 of the region’s 120,000 people to flee to Armenia as at late 2023. Around 70% of the refugees from the latest hostilities resided in Yerevan city and the surrounding marzes of Armenia. Most resided with pre-existing networks of relatives, while 40% were housed in temporary government-run accommodations. Although the Armenian Government provides some level of shelter and cash assistance, among other services, the refugees still face multiple challenges and need shelter, protection, health, and education services.",4,Low,Medium,Active,2024-06-13
R0567,['Myanmar'],['MMR'],Conscription policies implemented by the Myanmar military junta and some EAOs heighten protection concerns throughout the country,"['MMR001', 'MMR002', 'MMR003', 'MMR004']",National,Marked deterioration in an existing crisis,2024-03-04,2024-06-13T13:54:40.000Z,,,"Rationale: 
On 10 February 2024, Myanmar’s military junta announced the activation of the conscription law enforcing mandatory military service for young people. Evading conscription could result in a prison sentence.

Around 14 million civilians are eligible for conscription. The annual recruitment target is estimated to be around 50,000 to 70,000 people. The activation of the law is considered a response to the loss of military junta troops through deaths, injuries, desertions, and defections in the armed conflict against armed resistance groups, comprising anti-coup resistance forces and ethnic armed organisations (EAOs). 

Similar conscription has also been observed among some of the EAOs, both against and allied with the military, in the northern Shan state, indicating a possible expansion of the warscape in the state. 

It has been widely reported that young people are reluctant to serve in the military under the military junta and some may even join the armed resistance groups instead of the military as, in general, they oppose the military junta. Many other are reported to be reluctant to join any groups that are implementing conscription laws.

There have been reports of people being kidnapped, arrested, or compelled into joining the military and used as human shields in 2023 and 2024. Rohingyas living in the IDP camps of Rakhine state are reportedly a target of the military junta for forced recruitment. There have been reports of people trying to leave the country, especially to Thailand, which has increased the risk of increased refugee influx in Thailand.

Conscription laws implemented by the military junta and some EAOs will likely geographically expand and intensify armed conflict in the country in 2024.

Expected impact:
- Intense armed conflict means heightened protection risks and widespread human rights violations. Civilians would likely face more forced recruitment through arrests and kidnappings, and through various means of coercion. Conflict would also cause more people to be displaced. the country already has around 3 million IDPs, among which 2.7 million were displaced after the military coup in 2021.
- Conscription laws would increase forced migration, especially to Thailand, Bangladesh, Malaysia, and Indonesia. Forced migration would also severely heighten the risk of human trafficking, leading to forced labour and sexual exploitation.
- Recruitment of people serving in the education and healthcare sectors would also have a negative impact on the already poor education and healthcare systems in the country.
- Local humanitarian workers who are staff of NGOs and other humanitarian organisations (especially the ones not registered with the military junta) are also in the ambit of the conscriptions. Recruitment of such people would constrict humanitarian assistance.
- Shift of resources away from productive sectors, decreasing the economic capacity of the country.
- The increase in conflict will likely result in internal displacements. ","- Number of military junta bases and towns captured by armed resistance groups
- Increase in attacks of the military junta on captured bases and towns captured by armed resistance groups.
- Desertions, defections, surrenders, and fatalities among the military junta soldiers
- Economic, political, and military support provided to the military junta by foreign countries","100,000-250,000",4,"Vulnerable groups:
- Young people who are eligible under the conscription (and their families) of the military junta and some EAOs
- Civil servants as they have been reportedly targeted by the military junta for conscription

Vulnerabilities:
- Vulnerability among the country’s population is very high. Some of the major ones are cited below:
- 18.6 million people in need in 2024. The rest of the around 37 million people are affected but not in need. It is very likely that the conscription law will shift people from affected (but not in need) group to people in need group.
- High levels of poverty (nearly 50% of the population living below the national poverty line of 1,590 Kyats a day).
- 12.2 million people already need protection assistance in 2024. 
- The main protection concerns which are also among the main drivers of the humanitarian crisis, e.g., protracted conflict, human rights violations, intercommunal tensions, widespread fear, and institutionalised discrimination, are likely to be aggravated by the conscription law. 
- Food insecurity has been widespread in the conflict. Around 12.9 million people are in need of food assistance in 2024. The figure is considered to be an underestimate due to the methodology used.
- The country's population has been facing extreme heat with heatwaves reportedly claiming lives and also causing water shortages. IDPs are especially vulnerable to heat waves. Media reports of food shortages is very regular.
- Humanitarian access is severely constraint in Myanmar.

Coping capacity:
The combination of poor protection environment and dire socioeconomic conditions are triggering negative coping practices and measures, including use of credit/borrowing cash to pay for food, crime, trafficking, child labour, and unsafe migration. Adoption of negative coping strategies has also been increasing,",4,Very High,High,Active,2024-06-13
R0587,['Tunisia'],['TUN'],"Post electoral violence in Tunisia results in civil unrest, economic disruption, and population displacement",,National,New emerging risk,2024-10-07,2024-10-07T10:07:05.000Z,,,"Tunisia has been facing an increasingly unstable political environment since at least 2021, following President Kais Saied power grab when he suspended the parliament, granting himself increased political powers. This shift in power as been widely criticised by the Tunisian and has been triggering many protests, especially in light of Tunisia's ongoing economic crisis, including soaring inflation, rising unemployment, and shortages of essential goods due to inability to finance import and consequent lack of foreign currency. The economic crisis was exacerbated by the impact of the COVID-19 pandemic on the economy. 

Presidential elections are scheduled for 6 October 2024. Since August, the Saied administration has engaged in a campaign of repression against political opponents, civil society actors, and media. Many candidates have been disqualified under increasingly strict electoral laws, constraining political competition. The Independent High Authority for Elections (ISIE) has ignored court rulings that would have allowed these candidates to run, leading to accusations of illegitimacy and manipulation of the electoral process. This indicates that Tunisian people and opposition parties and figures will likely not be convinced with the outcome of the elections, especially if it Saied wins. In that case, the results of the election should be contested, but on 27 September, the Tunisian parliament voted in favour of stripping the administrative court authority from its rule in election appeals. This means that contesting the elections result will not possible, already sparking protests in Tunisia. It is also likely that there is going to be a widespread abstention from the elections, reflecting the lack of faith in the electoral process.

As of 7 October, the official election results are not announced yet, but estimates indicate that Saied is likely to win with 89% of votes. There has been no reports of protests yet.

Impact: In the event of Saied announced the winner of the elections, it is likely that it could trigger mass protests and unrest in urban centres like Tunis city, amid fear of going back to levels of tensions, uncertainty, and protests that Tunisia experienced in 2011 during the Arab Spring uprising. Civil unrest may lead to clashes between Saied's supporters and opposition groups, further exacerbating tensions within communities and resulting in injuries and fatalities. The current government is likely to respond with arrests and crackdowns, which could escalate tensions. Violence and insecurity are likely to result in internal displacement and the increase of humanitarian needs such as shelter, food, water, and healthcare. Protests and unrest may also disrupt economic activity, worsening the humanitarian situation by exacerbating shortages of basic goods and services, already an issue in Tunisia due to the shortages in foreign currency.","- Inability to contest election results: The exclusion of credible opposition candidates and manipulation of legal mechanisms in a way to support President Kais Saied has heightened public distrust in the election's integrity. It is likely that many Tunisians and opposition leaders will want to contest the election results if Saied wins. However, the inability to do so because of Government regulation issued in September to prevent that will likely fuel protests and civil unrest. 

- Pre-electoral repressive practices: Ongoing repression of political opposition and civil society, including arrests of potential candidates, fuels an atmosphere of tension that is likely to erupt into violence following the elections.","<20,000",3,"Many Tunisians, particularly those in peri-urban and rural areas, are already struggling with poverty, reduced access to healthcare, and limited public services. This is mainly due to Tunisia’s worsening economy that was exacerbated by the impact of the COVID-19 pandemic, the war in Ukraine, and domestic mismanagement, which all resulted in shortages in foreign currency and increased the government’s inability to import basic goods. Inflation, rising unemployment, and basic commodity shortages—such as food and fuel—are critical issues affecting the population, especially those living below the poverty line. This economic situation leaves people highly vulnerable to the impacts of any political unrest, including violence, strikes, or disruptions in essential services.",4,Medium,Medium,Active,2024-10-07
