id,country,iso3,latitude,longitude,centroid,role,displacement_type,qualifier,figure,displacement_date,displacement_start_date,displacement_end_date,year,event_id,event_name,event_start_date,event_end_date,category,subcategory,type,subtype,sources,source_url,locations_name,locations_coordinates,locations_accuracy,locations_type,displacement_occurred,created_at,description,link,combined_type
154233.5108225108,#country+name,#country+iso3,,,Unknown,Unknown,#event+displacement_type,#total,#affected+displaced,Unknown,Unknown,Unknown,#date+year,22053.651515151516,#event+name,Unknown,Unknown,Unknown,Unknown,#event+type,#event+subtype,Unknown,Unknown,Unknown,Unknown,Unknown,Unknown,Unknown,#date+created,#description,#meta+url,#cause
162838.0,Ukraine,UKR,50.39336,35.824749,"[50.39336, 35.824749]",Recommended figure,Conflict,total,3,2024-09-26 00:00:00,2024-09-26 00:00:00,2024-09-26 00:00:00,2024,20827.0,Ukraine: International armed conflict (IAC)  - Countrywide - 2024,2024-01-01 00:00:00,2024-12-31 00:00:00,Unknown,Unknown,Unknown,Unknown,National Police of Ukraine,https://www.npu.gov.ua/news/vnaslidok-obstrilu-distav-poranennia-zhytel-sela-ivashky-poshkodzheno-tsyvilnu-infrastrukturu-politsiia-zadokumentuvala-voiennyi-zlochyn-rf,"Ivashky, Zolochiv Raion, Kharkiv Oblast, Ukraine","50.39336, 35.824749",County/City/town/Village/Woreda (ADM3),Origin,Unknown,2024-09-26T14:45:04.177509Z,"Ukraine: 3 displacements (destroyed housing), 26 September - 26 September. According to the National Police, a house was destroyed in Ivashky (Kharkiv Oblast) on September 26 due to military operations.",https://www.npu.gov.ua/news/vnaslidok-obstrilu-distav-poranennia-zhytel-sela-ivashky-poshkodzheno-tsyvilnu-infrastrukturu-politsiia-zadokumentuvala-voiennyi-zlochyn-rf,Conflict
162811.0,Ukraine,UKR,47.96067,37.834438,"[47.96067, 37.834438]",Recommended figure,Conflict,total,1504,2024-09-26 00:00:00,2024-09-26 00:00:00,2024-09-26 00:00:00,2024,22790.0,Ukraine: International armed conflict (IAC) - Donetsk - 2024,2024-01-01 00:00:00,2024-12-31 00:00:00,Unknown,Unknown,Unknown,Unknown,National Police of Ukraine,https://www.npu.gov.ua/news/chetvero-liudei-zahynuly-19-zaznaly-poranen-politsiia-zadokumentuvala-naslidky-rosiiskykh-obstriliv-donechchyny,"Donetsk Oblast, Ukraine","47.96067, 37.834438",State/Region/Province (ADM1),Origin,Displacement without preventive evacuations reported,2024-09-26T13:56:41.063530Z,"Ukraine: 1,504 displacements (evacuated), 26 September - 26 September. According to the National Police of Ukraine, 1504 people have been evacuated in Donetsk Oblast on 26 September due to military operations.",https://www.npu.gov.ua/news/chetvero-liudei-zahynuly-19-zaznaly-poranen-politsiia-zadokumentuvala-naslidky-rosiiskykh-obstriliv-donechchyny,Conflict
162831.0,Ukraine,UKR,47.85334,35.186378,"[47.85334, 35.186378]",Recommended figure,Conflict,total,18,2024-09-26 00:00:00,2024-09-26 00:00:00,2024-09-26 00:00:00,2024,20827.0,Ukraine: International armed conflict (IAC)  - Countrywide - 2024,2024-01-01 00:00:00,2024-12-31 00:00:00,Unknown,Unknown,Unknown,Unknown,State Emergency Service of Ukraine (SESU),https://t.me/dsns_telegram/33051,"Zaporizhzhia, Zaporizhia Municipality, Zaporizhia Oblast, Ukraine","47.85334, 35.186378",County/City/town/Village/Woreda (ADM3),Origin,Displacement without preventive evacuations reported,2024-09-26T14:31:42.405913Z,"Ukraine: 18 displacements (evacuated), 26 September - 26 September. According to the State Emergency Service of Ukraine (SESU), 18 people were evacuated in Zaporizhzhia on September 26 due to military operations.",https://t.me/dsns_telegram/33051,Conflict
162814.0,Ukraine,UKR,46.650871,32.602299,"[46.650871, 32.602299]",Recommended figure,Conflict,more than or equal to,5,2024-09-25 00:00:00,2024-09-25 00:00:00,2024-09-25 00:00:00,2024,20827.0,Ukraine: International armed conflict (IAC)  - Countrywide - 2024,2024-01-01 00:00:00,2024-12-31 00:00:00,Unknown,Unknown,Unknown,Unknown,National Police of Ukraine,https://www.npu.gov.ua/news/dvi-liudyny-zahynulo-i-15-poraneno-sered-postrazhdalykh-politseiskyi-politsiia-khersonshchyny-fiksuie-naslidky-masovanoi-ataky,"Kherson, Херсонська міська рада, Kherson Oblast, Ukraine","46.650871, 32.602299",County/City/town/Village/Woreda (ADM3),Origin,Unknown,2024-09-26T14:13:52.623747Z,"Ukraine: 5 displacements (destroyed housing), 25 September - 25 September. According to the National Police of Ukraine, residential buildings were destroyed in Kherson on September 25 due to military operations.",https://www.npu.gov.ua/news/dvi-liudyny-zahynulo-i-15-poraneno-sered-postrazhdalykh-politseiskyi-politsiia-khersonshchyny-fiksuie-naslidky-masovanoi-ataky,Conflict
162810.0,Ukraine,UKR,47.96067,37.834438,"[47.96067, 37.834438]",Recommended figure,Conflict,total,1680,2024-09-25 00:00:00,2024-09-25 00:00:00,2024-09-25 00:00:00,2024,22790.0,Ukraine: International armed conflict (IAC) - Donetsk - 2024,2024-01-01 00:00:00,2024-12-31 00:00:00,Unknown,Unknown,Unknown,Unknown,National Police of Ukraine,https://www.npu.gov.ua/news/vnaslidok-rosiiskoho-obstrilu-donechchyny-troie-liudei-zahynuly-ta-shche-piatero-otrymaly-poranennia-sered-nykh-politseiskyi-pravookhorontsi-zadokumetuvaly-naslidky,"Donetsk Oblast, Ukraine","47.96067, 37.834438",State/Region/Province (ADM1),Origin,Displacement without preventive evacuations reported,2024-09-26T13:54:34.942461Z,"Ukraine: 1,680 displacements (evacuated), 25 September - 25 September. According to the National Police of Ukraine, 1680 people have been evacuated in Donetsk Oblast on 25 September due to military operations.",https://www.npu.gov.ua/news/vnaslidok-rosiiskoho-obstrilu-donechchyny-troie-liudei-zahynuly-ta-shche-piatero-otrymaly-poranennia-sered-nykh-politseiskyi-pravookhorontsi-zadokumetuvaly-naslidky,Conflict
162837.0,Ukraine,UKR,49.741331,37.303282,"[49.741331, 37.303281999999996]",Recommended figure,Conflict,total,13,2024-09-25 00:00:00,2024-09-25 00:00:00,2024-09-25 00:00:00,2024,20827.0,Ukraine: International armed conflict (IAC)  - Countrywide - 2024,2024-01-01 00:00:00,2024-12-31 00:00:00,Unknown,Unknown,Unknown,Unknown,National Police of Ukraine,https://www.npu.gov.ua/news/mynuloi-doby-rosiiany-byly-po-kharkivshchyni-z-artylerii-rszv-droniv-slidchi-zadokumentuvaly-naslidky-voiennykh-zlochyniv,"Chuhuiv Raion, Kharkiv Oblast, Ukraine; Kupiansk Raion, Kharkiv Oblast, Ukraine","49.807861, 36.772362; 49.674801, 37.834202",District/Zone/Department (ADM2); District/Zone/Department (ADM2),Origin; Origin,Displacement without preventive evacuations reported,2024-09-26T14:42:59.599032Z,"Ukraine: 13 displacements (evacuated), 25 September - 25 September. According to the National Police of Ukraine, 13 people were evacuated from Kupiansk and Chuhuiv Raion on September 25 due to military operations.",https://www.npu.gov.ua/news/mynuloi-doby-rosiiany-byly-po-kharkivshchyni-z-artylerii-rszv-droniv-slidchi-zadokumentuvaly-naslidky-voiennykh-zlochyniv,Conflict
162836.0,Ukraine,UKR,49.741331,37.303282,"[49.741331, 37.303281999999996]",Recommended figure,Conflict,total,14,2024-09-24 00:00:00,2024-09-24 00:00:00,2024-09-24 00:00:00,2024,20827.0,Ukraine: International armed conflict (IAC)  - Countrywide - 2024,2024-01-01 00:00:00,2024-12-31 00:00:00,Unknown,Unknown,Unknown,Unknown,National Police of Ukraine,https://www.npu.gov.ua/news/na-kharkivshchyni-mynuloi-doby-cherez-rosiiski-udary-piat-tsyvilnykh-hromadian-zahynuly-39-distaly-poranennia-slidchi-zadokumentuvaly-voienni-zlochyny,"Chuhuiv Raion, Kharkiv Oblast, Ukraine; Kupiansk Raion, Kharkiv Oblast, Ukraine","49.807861, 36.772362; 49.674801, 37.834202",District/Zone/Department (ADM2); District/Zone/Department (ADM2),Origin; Origin,Displacement without preventive evacuations reported,2024-09-26T14:41:10.823684Z,"Ukraine: 14 displacements (evacuated), 24 September - 24 September. According to the National Police of Ukraine, 14 people were evacuated from Kupiansk and Chuhuiv Raion on September 24 due to military operations.",https://www.npu.gov.ua/news/na-kharkivshchyni-mynuloi-doby-cherez-rosiiski-udary-piat-tsyvilnykh-hromadian-zahynuly-39-distaly-poranennia-slidchi-zadokumentuvaly-voienni-zlochyny,Conflict
162828.0,Ukraine,UKR,47.85334,35.186378,"[47.85334, 35.186378]",Recommended figure,Conflict,more than or equal to,5,2024-09-24 00:00:00,2024-09-24 00:00:00,2024-09-24 00:00:00,2024,20827.0,Ukraine: International armed conflict (IAC)  - Countrywide - 2024,2024-01-01 00:00:00,2024-12-31 00:00:00,Unknown,Unknown,Unknown,Unknown,National Police of Ukraine,https://www.npu.gov.ua/news/u-zaporizhzhi-vnaslidok-cherhovoi-vorozhoi-ataky-poraneno-semero-tsyvilnykh-hromadian-politsiia-dokumentuie-naslidky-vluchan,"Zaporizhzhia, Zaporizhia Municipality, Zaporizhia Oblast, Ukraine","47.85334, 35.186378",County/City/town/Village/Woreda (ADM3),Origin,Displacement without preventive evacuations reported,2024-09-26T14:21:39.859964Z,"Ukraine: 5 displacements (evacuated), 24 September - 24 September. According to the National Police, residential buildings were destroyed in Zaporizhzhia on September 24 due to military operations.",https://www.npu.gov.ua/news/u-zaporizhzhi-vnaslidok-cherhovoi-vorozhoi-ataky-poraneno-semero-tsyvilnykh-hromadian-politsiia-dokumentuie-naslidky-vluchan,Conflict
162799.0,Ukraine,UKR,47.96067,37.834438,"[47.96067, 37.834438]",Recommended figure,Conflict,total,2312,2024-09-24 00:00:00,2024-09-24 00:00:00,2024-09-24 00:00:00,2024,22790.0,Ukraine: International armed conflict (IAC) - Donetsk - 2024,2024-01-01 00:00:00,2024-12-31 00:00:00,Unknown,Unknown,Unknown,Unknown,National Police of Ukraine,https://www.npu.gov.ua/news/dvoie-zhyteliv-donechchyny-zahynuly-ta-18-zaznaly-poranen-cherez-rosiiski-obstrily-politsiia-zadokumentuvala-naslidky,"Donetsk Oblast, Ukraine","47.96067, 37.834438",State/Region/Province (ADM1),Origin,Displacement without preventive evacuations reported,2024-09-26T13:51:36.760482Z,"Ukraine: 2,312 displacements (evacuated), 24 September - 24 September. According to the National Police of Ukraine, 2312 people have been evacuated in Donetsk Oblast on 24 September due to military operations.",https://www.npu.gov.ua/news/dvoie-zhyteliv-donechchyny-zahynuly-ta-18-zaznaly-poranen-cherez-rosiiski-obstrily-politsiia-zadokumentuvala-naslidky,Conflict
162292.0,Ukraine,UKR,47.96067,37.834438,"[47.96067, 37.834438]",Recommended figure,Conflict,total,591,2024-09-23 00:00:00,2024-09-23 00:00:00,2024-09-23 00:00:00,2024,22790.0,Ukraine: International armed conflict (IAC) - Donetsk - 2024,2024-01-01 00:00:00,2024-12-31 00:00:00,Unknown,Unknown,Unknown,Unknown,National Police of Ukraine,https://www.npu.gov.ua/news/troie-zahyblykh-10-poranenykh-zokrema-dytyna-politsiia-zadokumentuvala-naslidky-udariv-rosii-po-donechchyni,"Donetsk Oblast, Ukraine","47.96067, 37.834438",State/Region/Province (ADM1),Origin,Displacement without preventive evacuations reported,2024-09-23T10:00:56.044030Z,"Ukraine: 591 displacements (evacuated), 23 September - 23 September. According to the National Police of Ukraine, 591 people have been evacuated in Donetsk Oblast on 23 September due to military operations.",https://www.npu.gov.ua/news/troie-zahyblykh-10-poranenykh-zokrema-dytyna-politsiia-zadokumentuvala-naslidky-udariv-rosii-po-donechchyni,Conflict
162835.0,Ukraine,UKR,50.31657,37.419029,"[50.31657, 37.419029]",Recommended figure,Conflict,more than or equal to,3,2024-09-23 00:00:00,2024-09-23 00:00:00,2024-09-23 00:00:00,2024,20827.0,Ukraine: International armed conflict (IAC)  - Countrywide - 2024,2024-01-01 00:00:00,2024-12-31 00:00:00,Unknown,Unknown,Unknown,Unknown,National Police of Ukraine,https://www.npu.gov.ua/news/na-kharkivshchyni-cherez-vorozhi-udary-zahynula-tsyvilna-zhinka-shche-piatero-liudei-poraneni-slidchi-zadokumentuvaly-naslidky-voiennykh-zlochyniv,"Riznykove, Vovchansk Raion, Kharkiv Oblast, Ukraine","50.31657, 37.419029",County/City/town/Village/Woreda (ADM3),Origin,Unknown,2024-09-26T14:39:17.299896Z,"Ukraine: 3 displacements (destroyed housing), 23 September - 23 September. According to the National Police of Ukraine, a residential building was destroyed in Riznykove (Kharkiv Oblast) on September 23 due to military operations.",https://www.npu.gov.ua/news/na-kharkivshchyni-cherez-vorozhi-udary-zahynula-tsyvilna-zhinka-shche-piatero-liudei-poraneni-slidchi-zadokumentuvaly-naslidky-voiennykh-zlochyniv,Conflict
162825.0,Ukraine,UKR,47.85334,35.186378,"[47.85334, 35.186378]",Recommended figure,Conflict,total,3,2024-09-23 00:00:00,2024-09-23 00:00:00,2024-09-23 00:00:00,2024,20827.0,Ukraine: International armed conflict (IAC)  - Countrywide - 2024,2024-01-01 00:00:00,2024-12-31 00:00:00,Unknown,Unknown,Unknown,Unknown,National Police of Ukraine,https://www.npu.gov.ua/news/vnaslidok-masovanoho-obstrilu-zaporizhzhia-zahynula-liudyna-shche-chetvero-poraneni-politsiia-dokumentuie-naslidky-voiennoho-zlochynu-rosiian,"Zaporizhia Municipality, Zaporizhia Oblast, Ukraine","47.85334, 35.186378",District/Zone/Department (ADM2),Origin,Unknown,2024-09-26T14:18:41.005190Z,"Ukraine: 3 displacements (destroyed housing), 23 September - 23 September. According to the National Police of Ukraine, a house was destroyed in Zaporizhia Municipality on September 23 due to military operations.",https://www.npu.gov.ua/news/vnaslidok-masovanoho-obstrilu-zaporizhzhia-zahynula-liudyna-shche-chetvero-poraneni-politsiia-dokumentuie-naslidky-voiennoho-zlochynu-rosiian,Conflict
162291.0,Ukraine,UKR,47.96067,37.834438,"[47.96067, 37.834438]",Recommended figure,Conflict,total,600,2024-09-22 00:00:00,2024-09-22 00:00:00,2024-09-22 00:00:00,2024,22790.0,Ukraine: International armed conflict (IAC) - Donetsk - 2024,2024-01-01 00:00:00,2024-12-31 00:00:00,Unknown,Unknown,Unknown,Unknown,National Police of Ukraine,https://www.npu.gov.ua/news/troie-meshkantsiv-donechchyny-zahynuly-vnaslidok-rosiiskykh-atak-shche-12-poraneni-zokrema-dytyna-politsiia-zadokumentuvala-naslidky,"Donetsk Oblast, Ukraine","47.96067, 37.834438",State/Region/Province (ADM1),Origin,Displacement without preventive evacuations reported,2024-09-23T09:59:32.501565Z,"Ukraine: 600 displacements (evacuated), 22 September - 22 September. According to the National Police of Ukraine, 600 people have been evacuated in Donetsk Oblast on 22 September due to military operations.",https://www.npu.gov.ua/news/troie-meshkantsiv-donechchyny-zahynuly-vnaslidok-rosiiskykh-atak-shche-12-poraneni-zokrema-dytyna-politsiia-zadokumentuvala-naslidky,Conflict
162470.0,Ukraine,UKR,49.99028,36.230389,"[49.99028, 36.230389]",Recommended figure,Conflict,total,68,2024-09-22 00:00:00,2024-09-22 00:00:00,2024-09-22 00:00:00,2024,20827.0,Ukraine: International armed conflict (IAC)  - Countrywide - 2024,2024-01-01 00:00:00,2024-12-31 00:00:00,Unknown,Unknown,Unknown,Unknown,State Emergency Service of Ukraine (SESU),https://t.me/dsns_telegram/32909,"Kharkiv, Kharkiv city rada, Kharkiv Oblast, Ukraine","49.99028, 36.230389",County/City/town/Village/Woreda (ADM3),Origin,Displacement without preventive evacuations reported,2024-09-23T15:11:15.720799Z,"Ukraine: 68 displacements (evacuated), 22 September - 22 September. According to the State Emergency Service of Ukraine (SESU), 68 people were evacuated in Kharkiv on 22 September due to military operations.",https://t.me/dsns_telegram/32909,Conflict
162336.0,Ukraine,UKR,47.85334,35.186378,"[47.85334, 35.186378]",Recommended figure,Conflict,more than or equal to,2,2024-09-22 00:00:00,2024-09-22 00:00:00,2024-09-22 00:00:00,2024,20827.0,Ukraine: International armed conflict (IAC)  - Countrywide - 2024,2024-01-01 00:00:00,2024-12-31 00:00:00,Unknown,Unknown,Unknown,Unknown,State Emergency Service of Ukraine (SESU),https://t.me/dsns_telegram/32932,"Zaporizhzhia, Zaporizhia Municipality, Zaporizhia Oblast, Ukraine","47.85334, 35.186378",County/City/town/Village/Woreda (ADM3),Origin,Displacement without preventive evacuations reported,2024-09-23T11:40:14.249443Z,"Ukraine: 2 displacements (evacuated), 22 September - 22 September. According to the State Emergency Service of Ukraine (SESU), people were evacuated in Zaporizhzhia on September 22 due to military operations.",https://t.me/dsns_telegram/32932,Conflict
162558.0,Ukraine,UKR,51.237358,33.808262,"[51.237358, 33.808262]",Recommended figure,Conflict,total,5,2024-09-21 00:00:00,2024-09-21 00:00:00,2024-09-21 00:00:00,2024,20827.0,Ukraine: International armed conflict (IAC)  - Countrywide - 2024,2024-01-01 00:00:00,2024-12-31 00:00:00,Unknown,Unknown,Unknown,Unknown,State Emergency Service of Ukraine (SESU),https://t.me/dsns_telegram/32901,"Sumy Oblast, Ukraine","51.237358, 33.808262",State/Region/Province (ADM1),Origin,Unknown,2024-09-24T08:54:18.108284Z,"Ukraine: 5 displacements (destroyed housing), 21 September - 21 September. According to the State Emergency Service of Ukraine (SESU), 2 houses were destroyed in Sumy Oblast on September 21 due to military operations.",https://t.me/dsns_telegram/32901,Conflict
162468.0,Ukraine,UKR,49.741331,37.303282,"[49.741331, 37.303281999999996]",Recommended figure,Conflict,total,22,2024-09-21 00:00:00,2024-09-21 00:00:00,2024-09-21 00:00:00,2024,20827.0,Ukraine: International armed conflict (IAC)  - Countrywide - 2024,2024-01-01 00:00:00,2024-12-31 00:00:00,Unknown,Unknown,Unknown,Unknown,National Police of Ukraine,https://www.npu.gov.ua/news/postrazhdala-21-liudyna-u-tomu-chysli-troie-ditei-slidchi-kharkivshchyny-zadokumentuvaly-naslidky-voiennykh-zlochyniv-rf,"Chuhuiv Raion, Kharkiv Oblast, Ukraine; Kupiansk Raion, Kharkiv Oblast, Ukraine","49.807861, 36.772362; 49.674801, 37.834202",District/Zone/Department (ADM2); District/Zone/Department (ADM2),Origin; Origin,Displacement without preventive evacuations reported,2024-09-23T15:07:03.139430Z,"Ukraine: 22 displacements (evacuated), 21 September - 21 September. According to the National Police of Ukraine, 22 people were evacuated from Kupiansk and Chuhuiv Raion on September 21 due to military operations.",https://www.npu.gov.ua/news/postrazhdala-21-liudyna-u-tomu-chysli-troie-ditei-slidchi-kharkivshchyny-zadokumentuvaly-naslidky-voiennykh-zlochyniv-rf,Conflict
162376.0,Ukraine,UKR,49.99028,36.230389,"[49.99028, 36.230389]",Recommended figure,Conflict,total,80,2024-09-21 00:00:00,2024-09-21 00:00:00,2024-09-21 00:00:00,2024,20827.0,Ukraine: International armed conflict (IAC)  - Countrywide - 2024,2024-01-01 00:00:00,2024-12-31 00:00:00,Unknown,Unknown,Unknown,Unknown,National Police of Ukraine,https://www.npu.gov.ua/news/voroh-potsilyv-po-bahatopoverkhivtsi-u-kharkovi-postrazhdaly-myrni-meshkantsi-politsiia-dokumentuie-zlochyn-ta-nadaie-dopomohu-hromadianam,"Kharkiv, Kharkiv city rada, Kharkiv Oblast, Ukraine","49.99028, 36.230389",County/City/town/Village/Woreda (ADM3),Origin,Displacement without preventive evacuations reported,2024-09-23T12:17:54.505838Z,"Ukraine: 80 displacements (evacuated), 21 September - 21 September. According to the National Police of Ukraine, 80 people were evacuated in the Shevchenkiv district of Kharkiv on September 21 due to military operations.",https://www.npu.gov.ua/news/voroh-potsilyv-po-bahatopoverkhivtsi-u-kharkovi-postrazhdaly-myrni-meshkantsi-politsiia-dokumentuie-zlochyn-ta-nadaie-dopomohu-hromadianam,Conflict
162290.0,Ukraine,UKR,47.96067,37.834438,"[47.96067, 37.834438]",Recommended figure,Conflict,total,757,2024-09-21 00:00:00,2024-09-21 00:00:00,2024-09-21 00:00:00,2024,22790.0,Ukraine: International armed conflict (IAC) - Donetsk - 2024,2024-01-01 00:00:00,2024-12-31 00:00:00,Unknown,Unknown,Unknown,Unknown,National Police of Ukraine,https://www.npu.gov.ua/news/17-poranenykh-ta-140-ruinuvan-za-dobu-politsiia-donechchyny-zadokumentuvala-naslidky-rosiiskykh-udariv-po-tsyvilnomu-naselenniu,"Donetsk Oblast, Ukraine","47.96067, 37.834438",State/Region/Province (ADM1),Origin,Displacement without preventive evacuations reported,2024-09-23T09:58:20.588740Z,"Ukraine: 757 displacements (evacuated), 21 September - 21 September. According to the National Police of Ukraine, 757 people have been evacuated in Donetsk Oblast on 21 September due to military operations.",https://www.npu.gov.ua/news/17-poranenykh-ta-140-ruinuvan-za-dobu-politsiia-donechchyny-zadokumentuvala-naslidky-rosiiskykh-udariv-po-tsyvilnomu-naselenniu,Conflict
162334.0,Ukraine,UKR,47.562408,35.78553,"[47.562408, 35.78553]",Recommended figure,Conflict,total,1,2024-09-20 00:00:00,2024-09-20 00:00:00,2024-09-20 00:00:00,2024,20827.0,Ukraine: International armed conflict (IAC)  - Countrywide - 2024,2024-01-01 00:00:00,2024-12-31 00:00:00,Unknown,Unknown,Unknown,Unknown,National Police of Ukraine,https://www.npu.gov.ua/news/khaty-horiat-liudei-vbyvaie-zhyteli-pryfrontovykh-sil-lymanshchyny-evakuiuiutsia-za-dopomohoiu-hrupy-bilyi-ianhol,"Оріхів, Orikhiv Raion, Zaporizhia Oblast, Ukraine","47.562408, 35.78553",County/City/town/Village/Woreda (ADM3),Origin,Displacement without preventive evacuations reported,2024-09-23T11:32:30.822735Z,"Ukraine: 1 displacement (evacuated), 20 September - 20 September. According to the National Police of Ukraine, 1 person was evacuated from the outskirts of Orikhov (Оріхів) in Zaporizhia Oblast on September 20 due to military operations.",https://www.npu.gov.ua/news/khaty-horiat-liudei-vbyvaie-zhyteli-pryfrontovykh-sil-lymanshchyny-evakuiuiutsia-za-dopomohoiu-hrupy-bilyi-ianhol,Conflict
162289.0,Ukraine,UKR,47.96067,37.834438,"[47.96067, 37.834438]",Recommended figure,Conflict,total,731,2024-09-20 00:00:00,2024-09-20 00:00:00,2024-09-20 00:00:00,2024,22790.0,Ukraine: International armed conflict (IAC) - Donetsk - 2024,2024-01-01 00:00:00,2024-12-31 00:00:00,Unknown,Unknown,Unknown,Unknown,National Police of Ukraine,https://www.npu.gov.ua/news/rosiiany-vbyly-trokh-zhyteliv-donechchyny-shche-visim-zaznaly-poranen,"Donetsk Oblast, Ukraine","47.96067, 37.834438",State/Region/Province (ADM1),Origin,Displacement without preventive evacuations reported,2024-09-23T09:56:51.148092Z,"Ukraine: 731 displacements (evacuated), 20 September - 20 September. According to the National Police of Ukraine, 731 people have been evacuated in Donetsk Oblast on 20 September due to military operations.",https://www.npu.gov.ua/news/rosiiany-vbyly-trokh-zhyteliv-donechchyny-shche-visim-zaznaly-poranen,Conflict
162469.0,Ukraine,UKR,49.741331,37.303282,"[49.741331, 37.303281999999996]",Recommended figure,Conflict,total,45,2024-09-20 00:00:00,2024-09-20 00:00:00,2024-09-20 00:00:00,2024,20827.0,Ukraine: International armed conflict (IAC)  - Countrywide - 2024,2024-01-01 00:00:00,2024-12-31 00:00:00,Unknown,Unknown,Unknown,Unknown,National Police of Ukraine,https://www.npu.gov.ua/news/cherez-obstrily-rosiian-na-kharkivshchyni-ie-zahybli-ta-postrazhdali-tsyvilni-zhyteli-slidchi-zadokumentuvaly-naslidky-voiennykh-zlochyniv,"Chuhuiv Raion, Kharkiv Oblast, Ukraine; Kupiansk Raion, Kharkiv Oblast, Ukraine","49.807861, 36.772362; 49.674801, 37.834202",District/Zone/Department (ADM2); District/Zone/Department (ADM2),Origin; Origin,Displacement without preventive evacuations reported,2024-09-23T15:08:51.518639Z,"Ukraine: 45 displacements (evacuated), 20 September - 20 September. According to the National Police of Ukraine, 45 people were evacuated from Kupiansk and Chuhuiv Raion on September 20 due to military operations.",https://www.npu.gov.ua/news/cherez-obstrily-rosiian-na-kharkivshchyni-ie-zahybli-ta-postrazhdali-tsyvilni-zhyteli-slidchi-zadokumentuvaly-naslidky-voiennykh-zlochyniv,Conflict
162288.0,Ukraine,UKR,47.96067,37.834438,"[47.96067, 37.834438]",Recommended figure,Conflict,total,730,2024-09-19 00:00:00,2024-09-19 00:00:00,2024-09-19 00:00:00,2024,22790.0,Ukraine: International armed conflict (IAC) - Donetsk - 2024,2024-01-01 00:00:00,2024-12-31 00:00:00,Unknown,Unknown,Unknown,Unknown,National Police of Ukraine,https://www.npu.gov.ua/news/desiatero-poranenykh-za-dobu-politsiia-donechchyny-zadokumentuvala-voienni-zlochyny-rosii,"Donetsk Oblast, Ukraine","47.96067, 37.834438",State/Region/Province (ADM1),Origin,Displacement without preventive evacuations reported,2024-09-23T09:55:29.543170Z,"Ukraine: 730 displacements (evacuated), 19 September - 19 September. According to the National Police of Ukraine, 730 people have been evacuated in Donetsk Oblast on 19 September due to military operations.",https://www.npu.gov.ua/news/desiatero-poranenykh-za-dobu-politsiia-donechchyny-zadokumentuvala-voienni-zlochyny-rosii,Conflict
162467.0,Ukraine,UKR,49.741331,37.303282,"[49.741331, 37.303281999999996]",Recommended figure,Conflict,total,31,2024-09-19 00:00:00,2024-09-19 00:00:00,2024-09-19 00:00:00,2024,20827.0,Ukraine: International armed conflict (IAC)  - Countrywide - 2024,2024-01-01 00:00:00,2024-12-31 00:00:00,Unknown,Unknown,Unknown,Unknown,National Police of Ukraine,https://www.npu.gov.ua/news/vnaslidok-vorozhykh-obstriliv-kharkivshchyny-postrazhdaly-semero-liudei-politsiia-zadokumentuvala-naslidky-voiennykh-zlochyniv-rf,"Chuhuiv Raion, Kharkiv Oblast, Ukraine; Kupiansk Raion, Kharkiv Oblast, Ukraine","49.807861, 36.772362; 49.674801, 37.834202",District/Zone/Department (ADM2); District/Zone/Department (ADM2),Origin; Origin,Displacement without preventive evacuations reported,2024-09-23T15:05:32.823774Z,"Ukraine: 31 displacements (evacuated), 19 September - 19 September. According to the National Police of Ukraine, 31 people were evacuated from Kupiansk and Chuhuiv Raion on September 19 due to military operations.",https://www.npu.gov.ua/news/vnaslidok-vorozhykh-obstriliv-kharkivshchyny-postrazhdaly-semero-liudei-politsiia-zadokumentuvala-naslidky-voiennykh-zlochyniv-rf,Conflict
162335.0,Ukraine,UKR,47.703671,35.436062,"[47.703671, 35.436062]",Recommended figure,Conflict,more than or equal to,5,2024-09-19 00:00:00,2024-09-19 00:00:00,2024-09-19 00:00:00,2024,20827.0,Ukraine: International armed conflict (IAC)  - Countrywide - 2024,2024-01-01 00:00:00,2024-12-31 00:00:00,Unknown,Unknown,Unknown,Unknown,State Emergency Service of Ukraine (SESU),https://t.me/dsns_telegram/32768,"Yulivka, Zaporizhia Raion, Zaporizhia Oblast, Ukraine","47.703671, 35.436062",County/City/town/Village/Woreda (ADM3),Origin,Unknown,2024-09-23T11:37:07.489384Z,"Ukraine: 5 displacements (destroyed housing), 19 September - 19 September. According to the State Emergency Service of Ukraine (SESU), houses were destroyed in Yulivka (Zaporizhia Oblast) on September 19 due to military operations.",https://t.me/dsns_telegram/32768,Conflict
162296.0,Ukraine,UKR,52.01416,33.24456,"[52.01416, 33.24456]",Recommended figure,Conflict,total,5,2024-09-19 00:00:00,2024-09-19 00:00:00,2024-09-19 00:00:00,2024,20827.0,Ukraine: International armed conflict (IAC)  - Countrywide - 2024,2024-01-01 00:00:00,2024-12-31 00:00:00,Unknown,Unknown,Unknown,Unknown,National Police of Ukraine,https://www.npu.gov.ua/news/na-chernihivshchyni-politseiski-evakuiuvaly-z-prykordonnia-bahatoditnu-rodynu,"Novhorod-Siverskyi City Council, Chernihiv Oblast, Ukraine","52.01416, 33.24456",District/Zone/Department (ADM2),Origin,Displacement without preventive evacuations reported,2024-09-23T10:22:01.911615Z,"Ukraine: 5 displacements (evacuated), 19 September - 19 September. According to the National Police of Ukraine, 5 people were evacuated in Semenivka (Chernihiv Oblast) on September 19 due to military operations.",https://www.npu.gov.ua/news/na-chernihivshchyni-politseiski-evakuiuvaly-z-prykordonnia-bahatoditnu-rodynu,Conflict
162557.0,Ukraine,UKR,50.900909,34.808769,"[50.900909, 34.808769]",Recommended figure,Conflict,total,147,2024-09-19 00:00:00,2024-09-19 00:00:00,2024-09-19 00:00:00,2024,20827.0,Ukraine: International armed conflict (IAC)  - Countrywide - 2024,2024-01-01 00:00:00,2024-12-31 00:00:00,Unknown,Unknown,Unknown,Unknown,State Emergency Service of Ukraine (SESU),https://t.me/dsns_telegram/32813,"Sumy, Сумська міська рада, Sumy Oblast, Ukraine","50.900909, 34.808769",County/City/town/Village/Woreda (ADM3),Origin,Displacement without preventive evacuations reported,2024-09-24T08:50:29.361669Z,"Ukraine: 147 displacements (evacuated), 19 September - 19 September. According to the State Emergency Service of Ukraine (SESU), 147 people were evacuated in Sumy on September 19 due to military operations.",https://t.me/dsns_telegram/32813,Conflict
162287.0,Ukraine,UKR,47.96067,37.834438,"[47.96067, 37.834438]",Recommended figure,Conflict,total,720,2024-09-18 00:00:00,2024-09-18 00:00:00,2024-09-18 00:00:00,2024,22790.0,Ukraine: International armed conflict (IAC) - Donetsk - 2024,2024-01-01 00:00:00,2024-12-31 00:00:00,Unknown,Unknown,Unknown,Unknown,National Police of Ukraine,https://www.npu.gov.ua/news/odna-liudyna-zaznala-poranen-cherez-rosiiski-ataky-na-donechchyni-politsiia-fiksuie-voienni-zlochyny,"Donetsk Oblast, Ukraine","47.96067, 37.834438",State/Region/Province (ADM1),Origin,Displacement without preventive evacuations reported,2024-09-23T09:54:18.197532Z,"Ukraine: 720 displacements (evacuated), 18 September - 18 September. According to the National Police of Ukraine, 720 people have been evacuated in Donetsk Oblast on 18 September due to military operations.",https://www.npu.gov.ua/news/odna-liudyna-zaznala-poranen-cherez-rosiiski-ataky-na-donechchyni-politsiia-fiksuie-voienni-zlochyny,Conflict
162363.0,Ukraine,UKR,49.34841166666666,34.43386533333334,"[49.348411666666664, 34.43386533333334]",Recommended figure,Disaster,total,21,2024-09-18 00:00:00,2024-09-18 00:00:00,2024-09-18 00:00:00,2024,26834.0,Ukraine: Wildfire - Poltava Oblast - 15/09/2024,2024-09-15 00:00:00,2024-09-15 00:00:00,Weather related,Climatological,Wildfire,Wildfire,Regional Departments of State Emergency Service of Ukraine,https://pl.dsns.gov.ua/news/nadzvicaini-podiyi/trivaje-gasinnia-lisovoyi-pozezi-u-poltavskomu-raioni-intensivnist-gorinnia-vpala,"Dubyna, Novi Sanzhary Raion, Poltava Oblast, Ukraine; Mankivka, Novi Sanzhary Raion, Poltava Oblast, Ukraine; Marianivka, Novi Sanzhary Raion, Poltava Oblast, Ukraine; Rudenkivka, Novi Sanzhary Raion, Poltava Oblast, Ukraine; Балівка, Novi Sanzhary Raion, Poltava Oblast, Ukraine; Собківка, Novi Sanzhary Raion, Poltava Oblast, Ukraine","49.34063, 34.38789; 49.355728, 34.474411; 49.324341, 34.464611; 49.32304, 34.401859; 49.380371, 34.421349; 49.36636, 34.453072",County/City/town/Village/Woreda (ADM3); County/City/town/Village/Woreda (ADM3); County/City/town/Village/Woreda (ADM3); County/City/town/Village/Woreda (ADM3); County/City/town/Village/Woreda (ADM3); County/City/town/Village/Woreda (ADM3),Origin; Origin; Origin; Origin; Origin; Origin,Displacement without preventive evacuations reported,2024-09-23T12:10:22.203854Z,"Ukraine: 21 displacements (evacuated), 18 September - 18 September. According to the department of the State Emergency Service of Ukraine in the Poltava region, a total of 74 people were evacuated in Sobkivka (Собківка), Balivka (Балівка), Dubyna, Mankivka, Marianivka and Rudenkivka in Poltava Oblast between 15 and 18 September due to wildfire. Taking into account previous updates, this means 21 people were evacuated on 18 September.",https://pl.dsns.gov.ua/news/nadzvicaini-podiyi/trivaje-gasinnia-lisovoyi-pozezi-u-poltavskomu-raioni-intensivnist-gorinnia-vpala,Wildfire
162434.0,Ukraine,UKR,49.12262,37.116619,"[49.12262, 37.116619]",Recommended figure,Disaster,approximately,250,2024-09-18 00:00:00,2024-09-18 00:00:00,2024-09-18 00:00:00,2024,26839.0,Ukraine: Wildfire - Kharkiv Oblast (Andriivka) - 18/09/2024,2024-09-18 00:00:00,2024-09-18 00:00:00,Weather related,Climatological,Wildfire,Wildfire,Regional Government,https://t.me/synegubov/11205,"Andriivka, Izium Raion, Kharkiv Oblast, Ukraine","49.12262, 37.116619",County/City/town/Village/Woreda (ADM3),Origin,Displacement without preventive evacuations reported,2024-09-23T13:43:42.200750Z,"Ukraine: 250 displacements (evacuated), 18 September - 18 September. According to the regional government, approximately 250 people were evacuated in Andriivka (Kharkiv Oblast) on September 18 due to wildfire.",https://t.me/synegubov/11205,Wildfire
162466.0,Ukraine,UKR,49.741331,37.303282,"[49.741331, 37.303281999999996]",Recommended figure,Conflict,total,13,2024-09-18 00:00:00,2024-09-18 00:00:00,2024-09-18 00:00:00,2024,20827.0,Ukraine: International armed conflict (IAC)  - Countrywide - 2024,2024-01-01 00:00:00,2024-12-31 00:00:00,Unknown,Unknown,Unknown,Unknown,National Police of Ukraine,https://www.npu.gov.ua/news/voroh-zastosuvav-po-tsyvilnomu-naselenniu-kharkivshchyny-aviatsiiu-kab-fab-rszv-balistyku-zahynula-zhinka-poraneno-cholovika-slidchi-zadokumentuvaly-naslidky-voiennykh-zlochyniv,"Chuhuiv Raion, Kharkiv Oblast, Ukraine; Kupiansk Raion, Kharkiv Oblast, Ukraine","49.807861, 36.772362; 49.674801, 37.834202",District/Zone/Department (ADM2); District/Zone/Department (ADM2),Origin; Origin,Displacement without preventive evacuations reported,2024-09-23T15:04:04.530490Z,"Ukraine: 13 displacements (evacuated), 18 September - 18 September. According to the National Police of Ukraine, 13 people were evacuated from Kupiansk and Chuhuiv Raion on September 18 due to military operations.",https://www.npu.gov.ua/news/voroh-zastosuvav-po-tsyvilnomu-naselenniu-kharkivshchyny-aviatsiiu-kab-fab-rszv-balistyku-zahynula-zhinka-poraneno-cholovika-slidchi-zadokumentuvaly-naslidky-voiennykh-zlochyniv,Conflict
162556.0,Ukraine,UKR,50.5896,35.357941,"[50.5896, 35.357941]",Recommended figure,Conflict,total,2,2024-09-17 00:00:00,2024-09-17 00:00:00,2024-09-17 00:00:00,2024,20827.0,Ukraine: International armed conflict (IAC)  - Countrywide - 2024,2024-01-01 00:00:00,2024-12-31 00:00:00,Unknown,Unknown,Unknown,Unknown,National Police of Ukraine,https://www.npu.gov.ua/news/na-sumshchyni-bili-ianholy-evakuiuvaly-rodynu-z-ii-chotyrylapym-druhom,"Славгород, Krasnopillia Raion, Sumy Oblast, Ukraine","50.5896, 35.357941",County/City/town/Village/Woreda (ADM3),Origin,Displacement without preventive evacuations reported,2024-09-24T08:44:42.768284Z,"Ukraine: 2 displacements (evacuated), 17 September - 17 September. According to the National Police of Ukraine, 2 people were evacuated from Slavhorod (Славгород) in Sumy Oblast on September 17 due to military operations.",https://www.npu.gov.ua/news/na-sumshchyni-bili-ianholy-evakuiuvaly-rodynu-z-ii-chotyrylapym-druhom,Conflict
162295.0,Ukraine,UKR,52.01416,33.24456,"[52.01416, 33.24456]",Recommended figure,Conflict,total,1,2024-09-17 00:00:00,2024-09-17 00:00:00,2024-09-17 00:00:00,2024,20827.0,Ukraine: International armed conflict (IAC)  - Countrywide - 2024,2024-01-01 00:00:00,2024-12-31 00:00:00,Unknown,Unknown,Unknown,Unknown,National Police of Ukraine,https://www.npu.gov.ua/news/na-chernihivshchyni-politseiski-evakuiuvaly-z-prykordonnia-litniu-zhinku-chyie-zhytlo-zghorilo-vnaslidok-rosiiskoho-obstrilu,"Novhorod-Siverskyi City Council, Chernihiv Oblast, Ukraine","52.01416, 33.24456",District/Zone/Department (ADM2),Origin,Displacement without preventive evacuations reported,2024-09-23T10:18:30.104779Z,"Ukraine: 1 displacement (evacuated), 17 September - 17 September. According to the National Police of Ukraine, 1 person was evacuated in Semenivka (Chernihiv Oblast) on September 17 due to military operations.",https://www.npu.gov.ua/news/na-chernihivshchyni-politseiski-evakuiuvaly-z-prykordonnia-litniu-zhinku-chyie-zhytlo-zghorilo-vnaslidok-rosiiskoho-obstrilu,Conflict
162438.0,Ukraine,UKR,49.709961,37.621769,"[49.709961, 37.621769]",Recommended figure,Conflict,total,8,2024-09-17 00:00:00,2024-09-17 00:00:00,2024-09-17 00:00:00,2024,20827.0,Ukraine: International armed conflict (IAC)  - Countrywide - 2024,2024-01-01 00:00:00,2024-12-31 00:00:00,Unknown,Unknown,Unknown,Unknown,Regional Government,https://t.me/synegubov/11181,"Kupiansk, Куп’янська міська рада, Kharkiv Oblast, Ukraine","49.709961, 37.621769",County/City/town/Village/Woreda (ADM3),Origin,Unknown,2024-09-23T13:54:49.314982Z,"Ukraine: 8 displacements (destroyed housing), 17 September - 17 September. According to the regional government, 3 houses were destroyed in Kupiansk on September 17 due to military operations.",https://t.me/synegubov/11181,Conflict
162361.0,Ukraine,UKR,49.34873225,34.438471,"[49.34873225, 34.438471]",Recommended figure,Disaster,total,40,2024-09-17 00:00:00,2024-09-17 00:00:00,2024-09-17 00:00:00,2024,26834.0,Ukraine: Wildfire - Poltava Oblast - 15/09/2024,2024-09-15 00:00:00,2024-09-15 00:00:00,Weather related,Climatological,Wildfire,Wildfire,Regional Departments of State Emergency Service of Ukraine,https://pl.dsns.gov.ua/news/nadzvicaini-podiyi/tretiu-dobu-na-poltavshhini-trivaje-likvidaciia-masstabnoyi-lisovoyi-pozezi,"Dubyna, Novi Sanzhary Raion, Poltava Oblast, Ukraine; Mankivka, Novi Sanzhary Raion, Poltava Oblast, Ukraine; Pudlivka, Novi Sanzhary Raion, Poltava Oblast, Ukraine; Собківка, Novi Sanzhary Raion, Poltava Oblast, Ukraine","49.34063, 34.38789; 49.355728, 34.474411; 49.332211, 34.438511; 49.36636, 34.453072",County/City/town/Village/Woreda (ADM3); County/City/town/Village/Woreda (ADM3); County/City/town/Village/Woreda (ADM3); County/City/town/Village/Woreda (ADM3),Origin; Origin; Origin; Origin,Displacement without preventive evacuations reported,2024-09-23T12:04:15.616029Z,"Ukraine: 40 displacements (evacuated), 17 September - 17 September. According to the department of the State Emergency Service of Ukraine in the Poltava region, a total of 53 people were evacuated in Pudivka, Dubyna, Mankivka, and Sobkivka (Собківка) in Poltava Oblast between 15 and 17 September due to wildfire. Taking into account previous updates, this means 40 people were evacuated on 17 September.",https://pl.dsns.gov.ua/news/nadzvicaini-podiyi/tretiu-dobu-na-poltavshhini-trivaje-likvidaciia-masstabnoyi-lisovoyi-pozezi,Wildfire
162437.0,Ukraine,UKR,49.807861,36.772362,"[49.807861, 36.772362]",Recommended figure,Conflict,total,3,2024-09-17 00:00:00,2024-09-17 00:00:00,2024-09-17 00:00:00,2024,20827.0,Ukraine: International armed conflict (IAC)  - Countrywide - 2024,2024-01-01 00:00:00,2024-12-31 00:00:00,Unknown,Unknown,Unknown,Unknown,National Police of Ukraine,https://www.npu.gov.ua/news/mynuloi-doby-cherez-vorozhi-obstrily-piatero-tsyvilnykh-ta-chetvero-riatuvalnykiv-distaly-poranennia-slidchi-kharkivshchyny-zadokumentuvaly-naslidky-voiennykh-zlochyniv,"Chuhuiv Raion, Kharkiv Oblast, Ukraine","49.807861, 36.772362",District/Zone/Department (ADM2),Origin,Displacement without preventive evacuations reported,2024-09-23T13:50:56.761440Z,"Ukraine: 3 displacements (evacuated), 17 September - 17 September. According to the National Police of Ukraine, 3 people were evacuated from Chuhuiv Raion on 17 September due to military operations.",https://www.npu.gov.ua/news/mynuloi-doby-cherez-vorozhi-obstrily-piatero-tsyvilnykh-ta-chetvero-riatuvalnykiv-distaly-poranennia-slidchi-kharkivshchyny-zadokumentuvaly-naslidky-voiennykh-zlochyniv,Conflict
162286.0,Ukraine,UKR,47.96067,37.834438,"[47.96067, 37.834438]",Recommended figure,Conflict,total,526,2024-09-17 00:00:00,2024-09-17 00:00:00,2024-09-17 00:00:00,2024,22790.0,Ukraine: International armed conflict (IAC) - Donetsk - 2024,2024-01-01 00:00:00,2024-12-31 00:00:00,Unknown,Unknown,Unknown,Unknown,National Police of Ukraine,https://www.npu.gov.ua/news/vnaslidok-vorozhykh-obstriliv-na-donechchyni-poraneni-troie-liudei-politseiski-zadokumentuvaly-naslidky,"Donetsk Oblast, Ukraine","47.96067, 37.834438",State/Region/Province (ADM1),Origin,Displacement without preventive evacuations reported,2024-09-23T09:52:58.015476Z,"Ukraine: 526 displacements (evacuated), 17 September - 17 September. According to the National Police of Ukraine, 526 people have been evacuated in Donetsk Oblast on 17 September due to military operations.",https://www.npu.gov.ua/news/vnaslidok-vorozhykh-obstriliv-na-donechchyni-poraneni-troie-liudei-politseiski-zadokumentuvaly-naslidky,Conflict
162372.0,Ukraine,UKR,47.35622,33.842091,"[47.35622, 33.842091]",Recommended figure,Conflict,total,10,2024-09-16 00:00:00,2024-09-16 00:00:00,2024-09-16 00:00:00,2024,20827.0,Ukraine: International armed conflict (IAC)  - Countrywide - 2024,2024-01-01 00:00:00,2024-12-31 00:00:00,Unknown,Unknown,Unknown,Unknown,National Police of Ukraine,https://www.npu.gov.ua/news/na-khersonshchyni-cherez-detonatsiiu-vybukhivky-zahynula-dytyna-v-rezultati-rosiiskykh-obstriliv-poraneno-chotyry-liudyny-politsiia-fiksuie-naslidky,"Shevchenkivka, Хрещенівська сільська рада, Novovorontsovka Raion, Kherson Oblast, Ukraine","47.35622, 33.842091",County/City/town/Village/Woreda (ADM3),Origin,Unknown,2024-09-23T12:15:21.853344Z,"Ukraine: 10 displacements (destroyed housing), 16 September - 16 September. According to the National Police of Ukraine, 4 houses were destroyed in Shevchenkivka (Kherson Oblast) on September 16 due to military operations.",https://www.npu.gov.ua/news/na-khersonshchyni-cherez-detonatsiiu-vybukhivky-zahynula-dytyna-v-rezultati-rosiiskykh-obstriliv-poraneno-chotyry-liudyny-politsiia-fiksuie-naslidky,Conflict
161523.0,Ukraine,UKR,52.016689,33.278831,"[52.016689, 33.278831]",Recommended figure,Conflict,total,6,2024-09-16 00:00:00,2024-09-16 00:00:00,2024-09-16 00:00:00,2024,20827.0,Ukraine: International armed conflict (IAC)  - Countrywide - 2024,2024-01-01 00:00:00,2024-12-31 00:00:00,Unknown,Unknown,Unknown,Unknown,National Police of Ukraine,https://www.npu.gov.ua/news/na-chernihivshchyni-politseiski-spilno-z-hromadoiu-evakuiuvaly-z-palaiuchoho-prykordonnoho-sela-shistokh-liudei,"Новгород-Сіверський, Novhorod-Siverskyi City Council, Chernihiv Oblast, Ukraine","52.016689, 33.278831",County/City/town/Village/Woreda (ADM3),Origin,Displacement without preventive evacuations reported,2024-09-16T13:58:41.615252Z,"Ukraine: 6 displacements (evacuated), 16 September - 16 September. According to the National Police of Ukraine, 6 people were evacuated in the Semenivska community of the Novhorod-Sivers'kyi district on September 16 due to military operations.",https://www.npu.gov.ua/news/na-chernihivshchyni-politseiski-spilno-z-hromadoiu-evakuiuvaly-z-palaiuchoho-prykordonnoho-sela-shistokh-liudei,Conflict
161496.0,Ukraine,UKR,47.96067,37.834438,"[47.96067, 37.834438]",Recommended figure,Conflict,total,423,2024-09-16 00:00:00,2024-09-16 00:00:00,2024-09-16 00:00:00,2024,22790.0,Ukraine: International armed conflict (IAC) - Donetsk - 2024,2024-01-01 00:00:00,2024-12-31 00:00:00,Unknown,Unknown,Unknown,Unknown,National Police of Ukraine,https://www.npu.gov.ua/news/odna-liudyna-zahynula-sim-zaznaly-poranen-zokrema-dytyna-naslidky-rosiiskykh-obstriliv-donechchyny,"Donetsk Oblast, Ukraine","47.96067, 37.834438",State/Region/Province (ADM1),Origin,Displacement without preventive evacuations reported,2024-09-16T13:33:40.092455Z,"Ukraine: 423 displacements (evacuated), 16 September - 16 September. According to the National Police of Ukraine, 423 people have been evacuated in Donetsk Oblast on 16 September due to military operations.",https://www.npu.gov.ua/news/odna-liudyna-zahynula-sim-zaznaly-poranen-zokrema-dytyna-naslidky-rosiiskykh-obstriliv-donechchyny,Conflict
162436.0,Ukraine,UKR,49.741331,37.303282,"[49.741331, 37.303281999999996]",Recommended figure,Conflict,total,30,2024-09-16 00:00:00,2024-09-16 00:00:00,2024-09-16 00:00:00,2024,20827.0,Ukraine: International armed conflict (IAC)  - Countrywide - 2024,2024-01-01 00:00:00,2024-12-31 00:00:00,Unknown,Unknown,Unknown,Unknown,National Police of Ukraine,https://www.npu.gov.ua/news/semero-tsyvilnykh-hromadian-distaly-poranennia-slidchi-zadokumentuvaly-naslidky-voiennykh-zlochyniv-rosiian-na-kharkivshchyni,"Chuhuiv Raion, Kharkiv Oblast, Ukraine; Kupiansk Raion, Kharkiv Oblast, Ukraine","49.807861, 36.772362; 49.674801, 37.834202",District/Zone/Department (ADM2); District/Zone/Department (ADM2),Origin; Origin,Displacement without preventive evacuations reported,2024-09-23T13:49:26.523493Z,"Ukraine: 30 displacements (evacuated), 16 September - 16 September. According to the National Police of Ukraine, 30 people were evacuated from Kupiansk and Chuhuiv Raion on September 16 due to military operations.",https://www.npu.gov.ua/news/semero-tsyvilnykh-hromadian-distaly-poranennia-slidchi-zadokumentuvaly-naslidky-voiennykh-zlochyniv-rosiian-na-kharkivshchyni,Conflict
162640.0,Ukraine,UKR,47.96067,37.834438,"[47.96067, 37.834438]",Recommended figure,Disaster,more than or equal to,121,2024-09-20 00:00:00,2024-09-15 00:00:00,2024-09-20 00:00:00,2024,26861.0,Ukraine: Wildfire - Donetsk Oblast - 15/09/2024,2024-09-15 00:00:00,2024-09-20 00:00:00,Weather related,Climatological,Wildfire,Wildfire,"Ministry of the Russian Federation for Civil Defence, Emergencies and Elimination of Consequences of Natural Disasters (EMERCOM)",https://t.me/mchs_official/22512,"Donetsk Oblast, Ukraine","47.96067, 37.834438",State/Region/Province (ADM1),Origin,Displacement without preventive evacuations reported,2024-09-24T15:20:08.368870Z,"Ukraine: 121 displacements (evacuated), 15 September - 20 September. According to the Ministry of the Russian Federation for Civil Defence, Emergencies and Elimination of Consequences of Natural Disasters (EMERCOM), 24 residential buildings were destroyed in Donetsk Oblast between 15 and 20 September due to wildfire.",https://t.me/mchs_official/22512,Wildfire
162359.0,Ukraine,UKR,49.36636,34.453072,"[49.36636, 34.453072]",Recommended figure,Disaster,total,6,2024-09-16 00:00:00,2024-09-15 00:00:00,2024-09-16 00:00:00,2024,26834.0,Ukraine: Wildfire - Poltava Oblast - 15/09/2024,2024-09-15 00:00:00,2024-09-15 00:00:00,Weather related,Climatological,Wildfire,Wildfire,Regional Departments of State Emergency Service of Ukraine,https://pl.dsns.gov.ua/news/nadzvicaini-podiyi/poltavskii-raion-vnaslidok-masstabnoyi-lisovoyi-pozezi-zagorilosia-5-zitlovix-budinkiv-i-7-gospodarcix-sporud,"Собківка, Novi Sanzhary Raion, Poltava Oblast, Ukraine","49.36636, 34.453072",County/City/town/Village/Woreda (ADM3),Origin,Displacement without preventive evacuations reported,2024-09-23T11:59:47.103497Z,"Ukraine: 6 displacements (evacuated), 15 September - 16 September. According to the department of the State Emergency Service of Ukraine in the Poltava region, 6 people were evacuated in Sobkivka (Собківка) between 15 and 16 September due to wildfire.",https://pl.dsns.gov.ua/news/nadzvicaini-podiyi/poltavskii-raion-vnaslidok-masstabnoyi-lisovoyi-pozezi-zagorilosia-5-zitlovix-budinkiv-i-7-gospodarcix-sporud,Wildfire
162357.0,Ukraine,UKR,49.355728,34.474411,"[49.355728, 34.474411]",Recommended figure,Disaster,total,7,2024-09-16 00:00:00,2024-09-15 00:00:00,2024-09-16 00:00:00,2024,26834.0,Ukraine: Wildfire - Poltava Oblast - 15/09/2024,2024-09-15 00:00:00,2024-09-15 00:00:00,Weather related,Climatological,Wildfire,Wildfire,Regional Departments of State Emergency Service of Ukraine,https://pl.dsns.gov.ua/news/nadzvicaini-podiyi/riatuvalniki-prodovzuiut-likvidaciiu-masstabnoyi-lisovoyi-pozezi-na-poltavshhini,"Mankivka, Novi Sanzhary Raion, Poltava Oblast, Ukraine","49.355728, 34.474411",County/City/town/Village/Woreda (ADM3),Origin,Displacement without preventive evacuations reported,2024-09-23T11:49:29.815966Z,"Ukraine: 7 displacements (evacuated), 15 September - 16 September. According to the department of the State Emergency Service of Ukraine in the Poltava region, 7 people were evacuated in Mankivka between 15 and 16 September due to wildfire.",https://pl.dsns.gov.ua/news/nadzvicaini-podiyi/riatuvalniki-prodovzuiut-likvidaciiu-masstabnoyi-lisovoyi-pozezi-na-poltavshhini,Wildfire
161538.0,Ukraine,UKR,49.741331,37.303282,"[49.741331, 37.303281999999996]",Recommended figure,Conflict,total,14,2024-09-15 00:00:00,2024-09-15 00:00:00,2024-09-15 00:00:00,2024,20827.0,Ukraine: International armed conflict (IAC)  - Countrywide - 2024,2024-01-01 00:00:00,2024-12-31 00:00:00,Unknown,Unknown,Unknown,Unknown,National Police of Ukraine,https://www.npu.gov.ua/news/zahynuly-dvi-liudyny-47-hromadian-distaly-poranennia-na-kharkivshchyni-slidchi-zadokumentuvaly-naslidky-voiennykh-zlochyniv,"Chuhuiv Raion, Kharkiv Oblast, Ukraine; Kupiansk Raion, Kharkiv Oblast, Ukraine","49.807861, 36.772362; 49.674801, 37.834202",District/Zone/Department (ADM2); District/Zone/Department (ADM2),Origin; Origin,Displacement without preventive evacuations reported,2024-09-16T14:22:52.098730Z,"Ukraine: 14 displacements (evacuated), 15 September - 15 September. According to the National Police of Ukraine, 14 people were evacuated in Kupiansk and Chuhuiv Raion on September 14 due to military operations.",https://www.npu.gov.ua/news/zahynuly-dvi-liudyny-47-hromadian-distaly-poranennia-na-kharkivshchyni-slidchi-zadokumentuvaly-naslidky-voiennykh-zlochyniv,Conflict
161543.0,Ukraine,UKR,49.99028,36.230389,"[49.99028, 36.230389]",Recommended figure,Conflict,more than or equal to,2,2024-09-15 00:00:00,2024-09-15 00:00:00,2024-09-15 00:00:00,2024,20827.0,Ukraine: International armed conflict (IAC)  - Countrywide - 2024,2024-01-01 00:00:00,2024-12-31 00:00:00,Unknown,Unknown,Unknown,Unknown,Regional Government,https://t.me/synegubov/11154,"Kharkiv, Kharkiv city rada, Kharkiv Oblast, Ukraine","49.99028, 36.230389",County/City/town/Village/Woreda (ADM3),Origin,Displacement without preventive evacuations reported,2024-09-16T14:30:40.092802Z,"Ukraine: 2 displacements (evacuated), 15 September - 15 September. According to the regional government, residents were evacuated in Kharkiv on September 15 due to military operations.",https://t.me/synegubov/11154,Conflict
161495.0,Ukraine,UKR,47.96067,37.834438,"[47.96067, 37.834438]",Recommended figure,Conflict,total,623,2024-09-15 00:00:00,2024-09-15 00:00:00,2024-09-15 00:00:00,2024,22790.0,Ukraine: International armed conflict (IAC) - Donetsk - 2024,2024-01-01 00:00:00,2024-12-31 00:00:00,Unknown,Unknown,Unknown,Unknown,National Police of Ukraine,https://www.npu.gov.ua/news/okupanty-obstrilialy-14-naselenykh-punktiv-donechchyny-odna-liudyna-zahynula-troie-zaznaly-poranen,"Donetsk Oblast, Ukraine","47.96067, 37.834438",State/Region/Province (ADM1),Origin,Displacement without preventive evacuations reported,2024-09-16T13:32:30.212678Z,"Ukraine: 623 displacements (evacuated), 15 September - 15 September. According to the National Police of Ukraine, 623 people have been evacuated in Donetsk Oblast on 15 September due to military operations.",https://www.npu.gov.ua/news/okupanty-obstrilialy-14-naselenykh-punktiv-donechchyny-odna-liudyna-zahynula-troie-zaznaly-poranen,Conflict
161522.0,Ukraine,UKR,52.016689,33.278831,"[52.016689, 33.278831]",Recommended figure,Conflict,total,3,2024-09-14 00:00:00,2024-09-14 00:00:00,2024-09-14 00:00:00,2024,20827.0,Ukraine: International armed conflict (IAC)  - Countrywide - 2024,2024-01-01 00:00:00,2024-12-31 00:00:00,Unknown,Unknown,Unknown,Unknown,National Police of Ukraine,https://www.npu.gov.ua/news/na-chernihivshchyni-politseiski-spilno-z-mistsevoiu-vladoiu-evakuiuvaly-z-prykordonnia-malomobilnoho-pensionera-ta-dvokh-ioho-odnoseltsiv,"Новгород-Сіверський, Novhorod-Siverskyi City Council, Chernihiv Oblast, Ukraine","52.016689, 33.278831",County/City/town/Village/Woreda (ADM3),Origin,Displacement without preventive evacuations reported,2024-09-16T13:55:39.502481Z,"Ukraine: 3 displacements (evacuated), 14 September - 14 September. According to the National Police of Ukraine, 3 people were evacuated from Semenivka in the Novhorod-Sivers'kyi district on September 14 due to military operations.",https://www.npu.gov.ua/news/na-chernihivshchyni-politseiski-spilno-z-mistsevoiu-vladoiu-evakuiuvaly-z-prykordonnia-malomobilnoho-pensionera-ta-dvokh-ioho-odnoseltsiv,Conflict
161494.0,Ukraine,UKR,47.96067,37.834438,"[47.96067, 37.834438]",Recommended figure,Conflict,total,900,2024-09-14 00:00:00,2024-09-14 00:00:00,2024-09-14 00:00:00,2024,22790.0,Ukraine: International armed conflict (IAC) - Donetsk - 2024,2024-01-01 00:00:00,2024-12-31 00:00:00,Unknown,Unknown,Unknown,Unknown,National Police of Ukraine,https://www.npu.gov.ua/news/troie-meshkantsiv-donechchyny-zahynuly-chetvero-zaznaly-poranen-vnaslidok-rosiiskykh-atak,"Donetsk Oblast, Ukraine","47.96067, 37.834438",State/Region/Province (ADM1),Origin,Displacement without preventive evacuations reported,2024-09-16T13:30:12.554548Z,"Ukraine: 900 displacements (evacuated), 14 September - 14 September. According to the National Police of Ukraine, 900 people have been evacuated in Donetsk Oblast on 14 September due to military operations.",https://www.npu.gov.ua/news/troie-meshkantsiv-donechchyny-zahynuly-chetvero-zaznaly-poranen-vnaslidok-rosiiskykh-atak,Conflict
161535.0,Ukraine,UKR,49.741331,37.303282,"[49.741331, 37.303281999999996]",Recommended figure,Conflict,total,20,2024-09-14 00:00:00,2024-09-14 00:00:00,2024-09-14 00:00:00,2024,20827.0,Ukraine: International armed conflict (IAC)  - Countrywide - 2024,2024-01-01 00:00:00,2024-12-31 00:00:00,Unknown,Unknown,Unknown,Unknown,National Police of Ukraine,https://www.npu.gov.ua/news/cherez-vorozhi-obstrily-odna-liudyna-zahynula-shche-dvoie-postrazhdaly-politsiia-kharkivshchyny-zadokumentuvala-naslidky-voiennykh-zlochyniv-rosiian,"Chuhuiv Raion, Kharkiv Oblast, Ukraine; Kupiansk Raion, Kharkiv Oblast, Ukraine","49.807861, 36.772362; 49.674801, 37.834202",District/Zone/Department (ADM2); District/Zone/Department (ADM2),Origin; Origin,Displacement without preventive evacuations reported,2024-09-16T14:17:15.655209Z,"Ukraine: 20 displacements (evacuated), 14 September - 14 September. According to the National Police, 20 people were evacuated from Kupiansk and Chuhuiv Raion on September 14 due to military operations.",https://www.npu.gov.ua/news/cherez-vorozhi-obstrily-odna-liudyna-zahynula-shche-dvoie-postrazhdaly-politsiia-kharkivshchyny-zadokumentuvala-naslidky-voiennykh-zlochyniv-rosiian,Conflict
161541.0,Ukraine,UKR,49.262741,37.249649,"[49.262741, 37.249649]",Recommended figure,Conflict,total,3,2024-09-14 00:00:00,2024-09-14 00:00:00,2024-09-14 00:00:00,2024,20827.0,Ukraine: International armed conflict (IAC)  - Countrywide - 2024,2024-01-01 00:00:00,2024-12-31 00:00:00,Unknown,Unknown,Unknown,Unknown,Regional Government,https://t.me/synegubov/11146,"Izium Raion, Kharkiv Oblast, Ukraine","49.262741, 37.249649",District/Zone/Department (ADM2),Origin,Unknown,2024-09-16T14:27:04.121075Z,"Ukraine: 3 displacements (destroyed housing), 14 September - 14 September. According to the regional government, a house was destroyed in Borivska (Izium District, Kharkiv Oblast) on September 14 due to military operations.",https://t.me/synegubov/11146,Conflict
161493.0,Ukraine,UKR,47.96067,37.834438,"[47.96067, 37.834438]",Recommended figure,Conflict,total,1178,2024-09-13 00:00:00,2024-09-13 00:00:00,2024-09-13 00:00:00,2024,22790.0,Ukraine: International armed conflict (IAC) - Donetsk - 2024,2024-01-01 00:00:00,2024-12-31 00:00:00,Unknown,Unknown,Unknown,Unknown,National Police of Ukraine,https://www.npu.gov.ua/news/rosiiany-vbyly-chotyrokh-meshkantsiv-donechchyny-shche-10-poraneni-zokrema-dytyna,"Donetsk Oblast, Ukraine","47.96067, 37.834438",State/Region/Province (ADM1),Origin,Displacement without preventive evacuations reported,2024-09-16T13:28:52.246329Z,"Ukraine: 1,178 displacements (evacuated), 13 September - 13 September. According to the National Police of Ukraine, 1178 people have been evacuated in Donetsk Oblast on 13 September due to military operations.",https://www.npu.gov.ua/news/rosiiany-vbyly-chotyrokh-meshkantsiv-donechchyny-shche-10-poraneni-zokrema-dytyna,Conflict
161528.0,Ukraine,UKR,47.14571,35.73764,"[47.14571, 35.73764]",Recommended figure,Conflict,more than or equal to,5,2024-09-13 00:00:00,2024-09-13 00:00:00,2024-09-13 00:00:00,2024,20827.0,Ukraine: International armed conflict (IAC)  - Countrywide - 2024,2024-01-01 00:00:00,2024-12-31 00:00:00,Unknown,Unknown,Unknown,Unknown,National Police of Ukraine,https://www.npu.gov.ua/news/za-dobu-voroh-potsilyv-po-10-naselenykh-punktakh-zaporizkoi-oblasti-naslidky-vluchan-zadokumentuvaly-politseiski,"Zaporizhia Oblast, Ukraine","47.14571, 35.73764",State/Region/Province (ADM1),Origin,Unknown,2024-09-16T14:07:49.401262Z,"Ukraine: 5 displacements (destroyed housing), 13 September - 13 September. According to the National Police of Ukraine, houses were destroyed in Zaporizhia Oblast on September 13 due to military operations.",https://www.npu.gov.ua/news/za-dobu-voroh-potsilyv-po-10-naselenykh-punktakh-zaporizkoi-oblasti-naslidky-vluchan-zadokumentuvaly-politseiski,Conflict
161527.0,Ukraine,UKR,48.324242,35.165649,"[48.324242, 35.165649]",Recommended figure,Conflict,more than or equal to,5,2024-09-12 00:00:00,2024-09-12 00:00:00,2024-09-12 00:00:00,2024,20827.0,Ukraine: International armed conflict (IAC)  - Countrywide - 2024,2024-01-01 00:00:00,2024-12-31 00:00:00,Unknown,Unknown,Unknown,Unknown,National Police of Ukraine,https://npu.gov.ua/news/chetvero-postrazhdalykh-za-dobu-politsiia-dokumentuie-naslidky-rosiiskykh-udariv-po-nikopolshchyni,"Dnipropetrovsk Oblast, Ukraine","48.324242, 35.165649",State/Region/Province (ADM1),Origin,Unknown,2024-09-16T14:05:37.463317Z,"Ukraine: 5 displacements (destroyed housing), 12 September - 12 September. According to the National Police of Ukraine, houses were destroyed in Dnipropetrovsk Oblast on September 12 due to military operations.",https://npu.gov.ua/news/chetvero-postrazhdalykh-za-dobu-politsiia-dokumentuie-naslidky-rosiiskykh-udariv-po-nikopolshchyni,Conflict
161526.0,Ukraine,UKR,47.444809,36.224838,"[47.444809, 36.224838]",Recommended figure,Conflict,more than or equal to,5,2024-09-12 00:00:00,2024-09-12 00:00:00,2024-09-12 00:00:00,2024,20827.0,Ukraine: International armed conflict (IAC)  - Countrywide - 2024,2024-01-01 00:00:00,2024-12-31 00:00:00,Unknown,Unknown,Unknown,Unknown,National Police of Ukraine,https://www.npu.gov.ua/news/za-dobu-rosiiany-zavdaly-326-udariv-po-deviaty-naselenykh-punktakh-zaporizkoi-oblasti-na-mistsiakh-vluchan-pratsiuvala-politsiia,"Polohy Raion, Zaporizhia Oblast, Ukraine","47.444809, 36.224838",District/Zone/Department (ADM2),Origin,Unknown,2024-09-16T14:02:25.649933Z,"Ukraine: 5 displacements (destroyed housing), 12 September - 12 September. According to the National Police of Ukraine, houses were destroyed in Polohy district (Zaporizhia Oblast) on 12 September due to military operations.",https://www.npu.gov.ua/news/za-dobu-rosiiany-zavdaly-326-udariv-po-deviaty-naselenykh-punktakh-zaporizkoi-oblasti-na-mistsiakh-vluchan-pratsiuvala-politsiia,Conflict
161533.0,Ukraine,UKR,49.741331,37.303282,"[49.741331, 37.303281999999996]",Recommended figure,Conflict,total,19,2024-09-12 00:00:00,2024-09-12 00:00:00,2024-09-12 00:00:00,2024,20827.0,Ukraine: International armed conflict (IAC)  - Countrywide - 2024,2024-01-01 00:00:00,2024-12-31 00:00:00,Unknown,Unknown,Unknown,Unknown,National Police of Ukraine,https://www.npu.gov.ua/news/mynuloi-doby-rosiiany-vbyly-trokh-zhyteliv-kharkivshchyny-shche-18-liudei-distaly-poranennia-slidchi-zadokumentuvaly-naslidky-voiennykh-zlochyniv,"Chuhuiv Raion, Kharkiv Oblast, Ukraine; Kupiansk Raion, Kharkiv Oblast, Ukraine","49.807861, 36.772362; 49.674801, 37.834202",District/Zone/Department (ADM2); District/Zone/Department (ADM2),Origin; Origin,Displacement without preventive evacuations reported,2024-09-16T14:15:38.749244Z,"Ukraine: 19 displacements (evacuated), 12 September - 12 September. According to the National Police of Ukraine, 19 people were evacuated from Kupiansk and Chuhuiv Raion on September 12 due to military operations.",https://www.npu.gov.ua/news/mynuloi-doby-rosiiany-vbyly-trokh-zhyteliv-kharkivshchyny-shche-18-liudei-distaly-poranennia-slidchi-zadokumentuvaly-naslidky-voiennykh-zlochyniv,Conflict
161221.0,Ukraine,UKR,47.96067,37.834438,"[47.96067, 37.834438]",Recommended figure,Conflict,total,1107,2024-09-12 00:00:00,2024-09-12 00:00:00,2024-09-12 00:00:00,2024,22790.0,Ukraine: International armed conflict (IAC) - Donetsk - 2024,2024-01-01 00:00:00,2024-12-31 00:00:00,Unknown,Unknown,Unknown,Unknown,National Police of Ukraine,https://www.npu.gov.ua/news/shestero-zahyblykh-i-13-poranenykh-za-dobu-politsiia-donechchyny-zadokumentuvala-naslidky-rosiiskykh-obstriliv,"Donetsk Oblast, Ukraine","47.96067, 37.834438",State/Region/Province (ADM1),Origin,Displacement without preventive evacuations reported,2024-09-12T09:36:59.442648Z,"Ukraine: 1,107 displacements (evacuated), 12 September - 12 September. According to the National Police of Ukraine, 1107 people have been evacuated in Donetsk Oblast on 12 September due to military operations.",https://www.npu.gov.ua/news/shestero-zahyblykh-i-13-poranenykh-za-dobu-politsiia-donechchyny-zadokumentuvala-naslidky-rosiiskykh-obstriliv,Conflict
161457.0,Ukraine,UKR,49.741331,37.303282,"[49.741331, 37.303281999999996]",Recommended figure,Conflict,total,14,2024-09-11 00:00:00,2024-09-11 00:00:00,2024-09-11 00:00:00,2024,20827.0,Ukraine: International armed conflict (IAC)  - Countrywide - 2024,2024-01-01 00:00:00,2024-12-31 00:00:00,Unknown,Unknown,Unknown,Unknown,National Police of Ukraine,https://www.npu.gov.ua/news/vorozhymy-obstrilamy-zruinovani-obiekty-tsyvilnoi-infrastruktury-na-kharkivshchyni-slidchi-zadokumentuvaly-naslidky-voiennykh-zlochyniv,"Chuhuiv Raion, Kharkiv Oblast, Ukraine; Kupiansk Raion, Kharkiv Oblast, Ukraine","49.807861, 36.772362; 49.674801, 37.834202",District/Zone/Department (ADM2); District/Zone/Department (ADM2),Origin; Origin,Displacement without preventive evacuations reported,2024-09-16T11:29:13.732787Z,"Ukraine: 14 displacements (evacuated), 11 September - 11 September. According to the National Police of Ukraine, 14 people were evacuated from Chuhuiv Raion on September 11 due to military operations.",https://www.npu.gov.ua/news/vorozhymy-obstrilamy-zruinovani-obiekty-tsyvilnoi-infrastruktury-na-kharkivshchyni-slidchi-zadokumentuvaly-naslidky-voiennykh-zlochyniv,Conflict
161218.0,Ukraine,UKR,47.96067,37.834438,"[47.96067, 37.834438]",Recommended figure,Conflict,total,1733,2024-09-11 00:00:00,2024-09-11 00:00:00,2024-09-11 00:00:00,2024,22790.0,Ukraine: International armed conflict (IAC) - Donetsk - 2024,2024-01-01 00:00:00,2024-12-31 00:00:00,Unknown,Unknown,Unknown,Unknown,National Police of Ukraine,https://www.npu.gov.ua/news/voroh-atakuvav-deviat-naselenykh-punktiv-donechchyny-odna-liudyna-zahynula-troie-meshkantsiv-zaznaly-poranen,"Donetsk Oblast, Ukraine","47.96067, 37.834438",State/Region/Province (ADM1),Origin,Displacement without preventive evacuations reported,2024-09-12T09:35:54.844190Z,"Ukraine: 1,733 displacements (evacuated), 11 September - 11 September. According to the National Police of Ukraine, 1733 people have been evacuated in Donetsk Oblast on 11 September due to military operations.",https://www.npu.gov.ua/news/voroh-atakuvav-deviat-naselenykh-punktiv-donechchyny-odna-liudyna-zahynula-troie-meshkantsiv-zaznaly-poranen,Conflict
161456.0,Ukraine,UKR,49.741331,37.303282,"[49.741331, 37.303281999999996]",Recommended figure,Conflict,total,11,2024-09-10 00:00:00,2024-09-10 00:00:00,2024-09-10 00:00:00,2024,20827.0,Ukraine: International armed conflict (IAC)  - Countrywide - 2024,2024-01-01 00:00:00,2024-12-31 00:00:00,Unknown,Unknown,Unknown,Unknown,National Police of Ukraine,https://www.npu.gov.ua/news/rosiiany-prodovzhuiut-obstriliuvaty-prykordonni-naseleni-punkty-kharkivskoi-oblasti-slidchi-zadokumentuvaly-naslidky-voiennykh-zlochyniv,"Chuhuiv Raion, Kharkiv Oblast, Ukraine; Kupiansk Raion, Kharkiv Oblast, Ukraine","49.807861, 36.772362; 49.674801, 37.834202",District/Zone/Department (ADM2); District/Zone/Department (ADM2),Origin; Origin,Displacement without preventive evacuations reported,2024-09-16T11:27:48.096622Z,"Ukraine: 11 displacements (evacuated), 10 September - 10 September. According to the National Police of Ukraine, 11 people were evacuated from Kupiansk and Chuhuiv Raion on September 10 due to military operations.",https://www.npu.gov.ua/news/rosiiany-prodovzhuiut-obstriliuvaty-prykordonni-naseleni-punkty-kharkivskoi-oblasti-slidchi-zadokumentuvaly-naslidky-voiennykh-zlochyniv,Conflict
161410.0,Ukraine,UKR,52.016689,33.278831,"[52.016689, 33.278831]",Recommended figure,Conflict,total,1,2024-09-10 00:00:00,2024-09-10 00:00:00,2024-09-10 00:00:00,2024,20827.0,Ukraine: International armed conflict (IAC)  - Countrywide - 2024,2024-01-01 00:00:00,2024-12-31 00:00:00,Unknown,Unknown,Unknown,Unknown,National Police of Ukraine,https://www.npu.gov.ua/news/vnaslidok-rosiiskoho-obstrilu-prykordonnia-chernihivshchyny-poraneno-myrnoho-meshkantsia-politseiski-evakuiuvaly-poterpiloho-do-likarni,"Новгород-Сіверський, Novhorod-Siverskyi City Council, Chernihiv Oblast, Ukraine","52.016689, 33.278831",County/City/town/Village/Woreda (ADM3),Origin,Unknown,2024-09-16T08:00:20.798521Z,"Ukraine: 1 displacement (destroyed housing), 10 September - 10 September. According to the National Police of Ukraine, a house was destroyed in Semenivska community Novhorod-Sivers'kyi on September 10 due to military operations.",https://www.npu.gov.ua/news/vnaslidok-rosiiskoho-obstrilu-prykordonnia-chernihivshchyny-poraneno-myrnoho-meshkantsia-politseiski-evakuiuvaly-poterpiloho-do-likarni,Conflict
161405.0,Ukraine,UKR,47.665539,36.265678,"[47.665539, 36.265678]",Recommended figure,Conflict,more than or equal to,5,2024-09-10 00:00:00,2024-09-10 00:00:00,2024-09-10 00:00:00,2024,20827.0,Ukraine: International armed conflict (IAC)  - Countrywide - 2024,2024-01-01 00:00:00,2024-12-31 00:00:00,Unknown,Unknown,Unknown,Unknown,National Police of Ukraine,https://www.npu.gov.ua/news/na-zaporizhzhi-politseiski-zadokumentuvaly-naslidky-356-udariv-po-budynkakh-tsyvilnoho-naselennia,"Huliaipole, Huliaipole Raion, Zaporizhia Oblast, Ukraine","47.665539, 36.265678",County/City/town/Village/Woreda (ADM3),Origin,Unknown,2024-09-16T07:39:22.947019Z,"Ukraine: 5 displacements (destroyed housing), 10 September - 10 September. According to the National Police of Ukraine, houses were destroyed in Huliaipole (Zaporizhia Oblast) on September 10 due to military operations.",https://www.npu.gov.ua/news/na-zaporizhzhi-politseiski-zadokumentuvaly-naslidky-356-udariv-po-budynkakh-tsyvilnoho-naselennia,Conflict
161217.0,Ukraine,UKR,47.96067,37.834438,"[47.96067, 37.834438]",Recommended figure,Conflict,total,1419,2024-09-10 00:00:00,2024-09-10 00:00:00,2024-09-10 00:00:00,2024,22790.0,Ukraine: International armed conflict (IAC) - Donetsk - 2024,2024-01-01 00:00:00,2024-12-31 00:00:00,Unknown,Unknown,Unknown,Unknown,National Police of Ukraine,https://www.npu.gov.ua/news/troie-meshkantsiv-donechchyny-zahynuly-piatero-zaznaly-poranen-vnaslidok-rosiiskykh-atak,"Donetsk Oblast, Ukraine","47.96067, 37.834438",State/Region/Province (ADM1),Origin,Displacement without preventive evacuations reported,2024-09-12T09:34:47.427996Z,"Ukraine: 1,419 displacements (evacuated), 10 September - 10 September. According to the National Police of Ukraine, 1419 people have been evacuated in Donetsk Oblast on 10 September due to military operations.",https://www.npu.gov.ua/news/troie-meshkantsiv-donechchyny-zahynuly-piatero-zaznaly-poranen-vnaslidok-rosiiskykh-atak,Conflict
161400.0,Ukraine,UKR,46.961128,37.39761,"[46.961128, 37.39761]",Recommended figure,Conflict,more than or equal to,5,2024-09-09 00:00:00,2024-09-09 00:00:00,2024-09-09 00:00:00,2024,20827.0,Ukraine: International armed conflict (IAC)  - Countrywide - 2024,2024-01-01 00:00:00,2024-12-31 00:00:00,Unknown,Unknown,Unknown,Unknown,Local Authorities,https://www.ukrinform.ua/rubric-tymchasovo-okupovani/3904816-rosiani-evakuuvali-melekine-pid-mariupolem-pisla-vlucanna-u-sklad-boepripasiv.html,"Melekine, Мелекінська сільська рада, Manhush Raion, Donetsk Oblast, Ukraine","46.961128, 37.39761",County/City/town/Village/Woreda (ADM3),Origin,Displacement without preventive evacuations reported,2024-09-16T07:21:40.556032Z,"Ukraine: 5 displacements (evacuated), 09 September - 09 September. According to local authorities, Melekine was evacuated on September 9 due to military operations.",https://www.ukrinform.ua/rubric-tymchasovo-okupovani/3904816-rosiani-evakuuvali-melekine-pid-mariupolem-pisla-vlucanna-u-sklad-boepripasiv.html,Conflict
161455.0,Ukraine,UKR,49.741331,37.303282,"[49.741331, 37.303281999999996]",Recommended figure,Conflict,total,9,2024-09-09 00:00:00,2024-09-09 00:00:00,2024-09-09 00:00:00,2024,20827.0,Ukraine: International armed conflict (IAC)  - Countrywide - 2024,2024-01-01 00:00:00,2024-12-31 00:00:00,Unknown,Unknown,Unknown,Unknown,National Police of Ukraine,https://www.npu.gov.ua/news/postrazhdaly-chotyry-liudyny-na-kharkivshchyni-slidchi-zadokumentuvaly-naslidky-voiennykh-zlochyniv,"Chuhuiv Raion, Kharkiv Oblast, Ukraine; Kupiansk Raion, Kharkiv Oblast, Ukraine","49.807861, 36.772362; 49.674801, 37.834202",District/Zone/Department (ADM2); District/Zone/Department (ADM2),Origin; Origin,Displacement without preventive evacuations reported,2024-09-16T11:26:16.597023Z,"Ukraine: 9 displacements (evacuated), 09 September - 09 September. According to the National Police of Ukraine, 7 people were evacuated from Kupiansk and Chuhuiv Raion on September 9 due to military operations.",https://www.npu.gov.ua/news/postrazhdaly-chotyry-liudyny-na-kharkivshchyni-slidchi-zadokumentuvaly-naslidky-voiennykh-zlochyniv,Conflict
161216.0,Ukraine,UKR,47.96067,37.834438,"[47.96067, 37.834438]",Recommended figure,Conflict,total,2011,2024-09-09 00:00:00,2024-09-09 00:00:00,2024-09-09 00:00:00,2024,22790.0,Ukraine: International armed conflict (IAC) - Donetsk - 2024,2024-01-01 00:00:00,2024-12-31 00:00:00,Unknown,Unknown,Unknown,Unknown,National Police of Ukraine,https://www.npu.gov.ua/news/rosiiany-za-dobu-vbyly-trokh-liudei-i-piatokh-poranyly-politsiia-donechchyny-zadokumentuvala-voienni-zlochyny,"Donetsk Oblast, Ukraine","47.96067, 37.834438",State/Region/Province (ADM1),Origin,Displacement without preventive evacuations reported,2024-09-12T09:33:40.287594Z,"Ukraine: 2,011 displacements (evacuated), 09 September - 09 September. According to the National Police of Ukraine, 2011 people have been evacuated in Donetsk Oblast on 09 September due to military operations.",https://www.npu.gov.ua/news/rosiiany-za-dobu-vbyly-trokh-liudei-i-piatokh-poranyly-politsiia-donechchyny-zadokumentuvala-voienni-zlochyny,Conflict
161215.0,Ukraine,UKR,47.96067,37.834438,"[47.96067, 37.834438]",Recommended figure,Conflict,total,1601,2024-09-08 00:00:00,2024-09-08 00:00:00,2024-09-08 00:00:00,2024,22790.0,Ukraine: International armed conflict (IAC) - Donetsk - 2024,2024-01-01 00:00:00,2024-12-31 00:00:00,Unknown,Unknown,Unknown,Unknown,National Police of Ukraine,https://www.npu.gov.ua/news/piatero-zhyteliv-donechchyny-zahynuly-11-zaznaly-poranen-cherez-rosiiski-ataky-politseiski-dokumentuiut-voienni-zlochyny-rf,"Donetsk Oblast, Ukraine","47.96067, 37.834438",State/Region/Province (ADM1),Origin,Displacement without preventive evacuations reported,2024-09-12T09:32:33.417979Z,"Ukraine: 1,601 displacements (evacuated), 08 September - 08 September. According to the National Police of Ukraine, 1601 people have been evacuated in Donetsk Oblast on 08 September due to military operations.",https://www.npu.gov.ua/news/piatero-zhyteliv-donechchyny-zahynuly-11-zaznaly-poranen-cherez-rosiiski-ataky-politseiski-dokumentuiut-voienni-zlochyny-rf,Conflict
161454.0,Ukraine,UKR,49.741331,37.303282,"[49.741331, 37.303281999999996]",Recommended figure,Conflict,total,11,2024-09-08 00:00:00,2024-09-08 00:00:00,2024-09-08 00:00:00,2024,20827.0,Ukraine: International armed conflict (IAC)  - Countrywide - 2024,2024-01-01 00:00:00,2024-12-31 00:00:00,Unknown,Unknown,Unknown,Unknown,National Police of Ukraine,https://www.npu.gov.ua/news/na-kharkivshchyni-vnaslidok-vorozhykh-udariv-zahynuly-dvi-liudyny-shche-17-postrazhdaly-sered-iakykh-dity-slidchi-zadokumentuvaly-naslidky-voiennykh-zlochyniv-rf,"Chuhuiv Raion, Kharkiv Oblast, Ukraine; Kupiansk Raion, Kharkiv Oblast, Ukraine","49.807861, 36.772362; 49.674801, 37.834202",District/Zone/Department (ADM2); District/Zone/Department (ADM2),Origin; Origin,Displacement without preventive evacuations reported,2024-09-16T11:23:50.988326Z,"Ukraine: 11 displacements (evacuated), 08 September - 08 September. According to the National Police of Ukraine, 11 people were evacuated from Kupiansk and Chuhuiv Raion on September 8 due to military operations.",https://www.npu.gov.ua/news/na-kharkivshchyni-vnaslidok-vorozhykh-udariv-zahynuly-dvi-liudyny-shche-17-postrazhdaly-sered-iakykh-dity-slidchi-zadokumentuvaly-naslidky-voiennykh-zlochyniv-rf,Conflict
161403.0,Ukraine,UKR,47.665539,36.265678,"[47.665539, 36.265678]",Recommended figure,Conflict,more than or equal to,25,2024-09-08 00:00:00,2024-09-07 00:00:00,2024-09-08 00:00:00,2024,20827.0,Ukraine: International armed conflict (IAC)  - Countrywide - 2024,2024-01-01 00:00:00,2024-12-31 00:00:00,Unknown,Unknown,Unknown,Unknown,National Police of Ukraine,https://www.npu.gov.ua/news/za-dvi-doby-politseiski-zareiestruvaly-40-povidomlen-pro-ruinuvannia-budynkiv-zhyteliv-zaporizkoi-oblasti,"Huliaipole, Huliaipole Raion, Zaporizhia Oblast, Ukraine","47.665539, 36.265678",County/City/town/Village/Woreda (ADM3),Origin,Unknown,2024-09-16T07:36:13.806251Z,"Ukraine: 25 displacements (destroyed housing), 07 September - 08 September. According to the National Police of Ukraine, more than 10 houses were destroyed in Huliaipole (Zaporizhia Oblast) between September 7 and 8 due to military operations.",https://www.npu.gov.ua/news/za-dvi-doby-politseiski-zareiestruvaly-40-povidomlen-pro-ruinuvannia-budynkiv-zhyteliv-zaporizkoi-oblasti,Conflict
161453.0,Ukraine,UKR,49.741331,37.303282,"[49.741331, 37.303281999999996]",Recommended figure,Conflict,total,20,2024-09-07 00:00:00,2024-09-07 00:00:00,2024-09-07 00:00:00,2024,20827.0,Ukraine: International armed conflict (IAC)  - Countrywide - 2024,2024-01-01 00:00:00,2024-12-31 00:00:00,Unknown,Unknown,Unknown,Unknown,National Police of Ukraine,https://www.npu.gov.ua/news/cherez-vorozhi-obstrily-dvoie-zhinok-zahynuly-distaly-poranennia-shche-10-liudei-na-kharkivshchyni-slidchi-zadokumentuvaly-naslidky-voiennykh-zlochyniv,"Chuhuiv Raion, Kharkiv Oblast, Ukraine; Kupiansk Raion, Kharkiv Oblast, Ukraine","49.807861, 36.772362; 49.674801, 37.834202",District/Zone/Department (ADM2); District/Zone/Department (ADM2),Origin; Origin,Displacement without preventive evacuations reported,2024-09-16T11:19:53.455970Z,"Ukraine: 20 displacements (evacuated), 07 September - 07 September. According to the National Police of Ukraine, 20 people were evacuated from Kupiansk and Chuhuiv Raion on September 7 due to military operations.",https://www.npu.gov.ua/news/cherez-vorozhi-obstrily-dvoie-zhinok-zahynuly-distaly-poranennia-shche-10-liudei-na-kharkivshchyni-slidchi-zadokumentuvaly-naslidky-voiennykh-zlochyniv,Conflict
161458.0,Ukraine,UKR,49.991428,36.27227,"[49.991428, 36.27227]",Recommended figure,Conflict,total,3,2024-09-07 00:00:00,2024-09-07 00:00:00,2024-09-07 00:00:00,2024,20827.0,Ukraine: International armed conflict (IAC)  - Countrywide - 2024,2024-01-01 00:00:00,2024-12-31 00:00:00,Unknown,Unknown,Unknown,Unknown,State Emergency Service of Ukraine (SESU),https://t.me/dsns_telegram/32283,"Kharkiv city rada, Kharkiv Oblast, Ukraine","49.991428, 36.27227",District/Zone/Department (ADM2),Origin,Unknown,2024-09-16T11:32:01.999672Z,"Ukraine: 3 displacements (destroyed housing), 07 September - 07 September. According to the State Emergency Service of Ukraine (SESU), 1 house was destroyed in Kharkiv district on September 7 due to military operations.",https://t.me/dsns_telegram/32283,Conflict
161213.0,Ukraine,UKR,47.96067,37.834438,"[47.96067, 37.834438]",Recommended figure,Conflict,total,2082,2024-09-07 00:00:00,2024-09-07 00:00:00,2024-09-07 00:00:00,2024,22790.0,Ukraine: International armed conflict (IAC) - Donetsk - 2024,2024-01-01 00:00:00,2024-12-31 00:00:00,Unknown,Unknown,Unknown,Unknown,National Police of Ukraine,https://www.npu.gov.ua/news/troie-zahyblykh-i-troie-poranenykh-za-dobu-naslidky-rosiiskykh-obstriliv-na-donechchyni,"Donetsk Oblast, Ukraine","47.96067, 37.834438",State/Region/Province (ADM1),Origin,Displacement without preventive evacuations reported,2024-09-12T09:31:27.984333Z,"Ukraine: 2,082 displacements (evacuated), 07 September - 07 September. According to the National Police of Ukraine, 2082 people have been evacuated in Donetsk Oblast on 07 September due to military operations.",https://www.npu.gov.ua/news/troie-zahyblykh-i-troie-poranenykh-za-dobu-naslidky-rosiiskykh-obstriliv-na-donechchyni,Conflict
161211.0,Ukraine,UKR,47.96067,37.834438,"[47.96067, 37.834438]",Recommended figure,Conflict,total,2111,2024-09-06 00:00:00,2024-09-06 00:00:00,2024-09-06 00:00:00,2024,22790.0,Ukraine: International armed conflict (IAC) - Donetsk - 2024,2024-01-01 00:00:00,2024-12-31 00:00:00,Unknown,Unknown,Unknown,Unknown,National Police of Ukraine,https://www.npu.gov.ua/news/rosiiany-obstrilialy-14-naselenykh-punktiv-donechchyny-dvoie-liudei-zahynuly-12-zaznaly-poranen,"Donetsk Oblast, Ukraine","47.96067, 37.834438",State/Region/Province (ADM1),Origin,Displacement without preventive evacuations reported,2024-09-12T09:30:09.038294Z,"Ukraine: 2,111 displacements (evacuated), 06 September - 06 September. According to the National Police of Ukraine, 2111 people have been evacuated in Donetsk Oblast on 06 September due to military operations.",https://www.npu.gov.ua/news/rosiiany-obstrilialy-14-naselenykh-punktiv-donechchyny-dvoie-liudei-zahynuly-12-zaznaly-poranen,Conflict
161432.0,Ukraine,UKR,51.237358,33.808262,"[51.237358, 33.808262]",Recommended figure,Conflict,more than or equal to,5,2024-09-06 00:00:00,2024-09-06 00:00:00,2024-09-06 00:00:00,2024,20827.0,Ukraine: International armed conflict (IAC)  - Countrywide - 2024,2024-01-01 00:00:00,2024-12-31 00:00:00,Unknown,Unknown,Unknown,Unknown,State Emergency Service of Ukraine (SESU),https://t.me/dsns_telegram/32255,"Sumy Oblast, Ukraine","51.237358, 33.808262",State/Region/Province (ADM1),Origin,Unknown,2024-09-16T09:49:12.828066Z,"Ukraine: 5 displacements (destroyed housing), 06 September - 06 September. According to the State Emergency Service of Ukraine (SESU), houses were destroyed in a border settlement of Sumy Oblast on September 6 due to military operations.",https://t.me/dsns_telegram/32255,Conflict
161452.0,Ukraine,UKR,49.741331,37.303282,"[49.741331, 37.303281999999996]",Recommended figure,Conflict,total,15,2024-09-06 00:00:00,2024-09-06 00:00:00,2024-09-06 00:00:00,2024,20827.0,Ukraine: International armed conflict (IAC)  - Countrywide - 2024,2024-01-01 00:00:00,2024-12-31 00:00:00,Unknown,Unknown,Unknown,Unknown,National Police of Ukraine,https://www.npu.gov.ua/news/na-kharkivshchyni-cherez-vorozhi-obstrily-distaly-poranennia-visim-liudei-sered-iakykh-dvi-dytyny-slidchi-zadokumentuvaly-naslidky-voiennykh-zlochyniv,"Chuhuiv Raion, Kharkiv Oblast, Ukraine; Kupiansk Raion, Kharkiv Oblast, Ukraine","49.807861, 36.772362; 49.674801, 37.834202",District/Zone/Department (ADM2); District/Zone/Department (ADM2),Origin; Origin,Displacement without preventive evacuations reported,2024-09-16T11:17:04.610023Z,"Ukraine: 15 displacements (evacuated), 06 September - 06 September. According to the National Police of Ukraine, 15 people were evacuated from Kupiansk and Chuhuiv Raion on September 6 due to military operations.",https://www.npu.gov.ua/news/na-kharkivshchyni-cherez-vorozhi-obstrily-distaly-poranennia-visim-liudei-sered-iakykh-dvi-dytyny-slidchi-zadokumentuvaly-naslidky-voiennykh-zlochyniv,Conflict
161451.0,Ukraine,UKR,49.495609,36.663502,"[49.495609, 36.663502]",Recommended figure,Conflict,total,8,2024-09-05 00:00:00,2024-09-05 00:00:00,2024-09-05 00:00:00,2024,20827.0,Ukraine: International armed conflict (IAC)  - Countrywide - 2024,2024-01-01 00:00:00,2024-12-31 00:00:00,Unknown,Unknown,Unknown,Unknown,National Police of Ukraine,https://www.npu.gov.ua/news/cherez-vorozhi-obstrily-kharkivshchyny-postrazhdaly-try-liudyny-slidchi-zadokumentuvaly-naslidky-voiennykh-zlochyniv,"Kharkiv Oblast, Ukraine","49.495609, 36.663502",State/Region/Province (ADM1),Origin,Displacement without preventive evacuations reported,2024-09-16T11:15:17.246429Z,"Ukraine: 8 displacements (evacuated), 05 September - 05 September. According to the National Police of Ukraine, 8 people were evacuated from settlements in Kharkiv Oblast on September 5 due to military operations.",https://www.npu.gov.ua/news/cherez-vorozhi-obstrily-kharkivshchyny-postrazhdaly-try-liudyny-slidchi-zadokumentuvaly-naslidky-voiennykh-zlochyniv,Conflict
161210.0,Ukraine,UKR,47.96067,37.834438,"[47.96067, 37.834438]",Recommended figure,Conflict,total,2182,2024-09-05 00:00:00,2024-09-05 00:00:00,2024-09-05 00:00:00,2024,22790.0,Ukraine: International armed conflict (IAC) - Donetsk - 2024,2024-01-01 00:00:00,2024-12-31 00:00:00,Unknown,Unknown,Unknown,Unknown,National Police of Ukraine,https://www.npu.gov.ua/news/dvoie-zahyblykh-i-10-poranenykh-za-dobu-politsiia-donechchyny-dokumentuie-naslidky-rosiiskykh-obstriliv,"Donetsk Oblast, Ukraine","47.96067, 37.834438",State/Region/Province (ADM1),Origin,Displacement without preventive evacuations reported,2024-09-12T09:24:46.892988Z,"Ukraine: 2,182 displacements (evacuated), 05 September - 05 September. According to the National Police of Ukraine, 2182 people have been evacuated in Donetsk Oblast on 05 September due to military operations.",https://www.npu.gov.ua/news/dvoie-zahyblykh-i-10-poranenykh-za-dobu-politsiia-donechchyny-dokumentuie-naslidky-rosiiskykh-obstriliv,Conflict
161402.0,Ukraine,UKR,47.14571,35.73764,"[47.14571, 35.73764]",Recommended figure,Conflict,more than or equal to,5,2024-09-04 00:00:00,2024-09-04 00:00:00,2024-09-04 00:00:00,2024,20827.0,Ukraine: International armed conflict (IAC)  - Countrywide - 2024,2024-01-01 00:00:00,2024-12-31 00:00:00,Unknown,Unknown,Unknown,Unknown,National Police of Ukraine,https://www.npu.gov.ua/news/uprodovzh-doby-pid-vohnem-rosiian-perebuvaly-sim-naselenykh-punktiv-zaporizkoi-oblasti-za-faktamy-voiennykh-zlochyniv-okupantiv-vidkryti-kryminalni-provadzhennia,"Zaporizhia Oblast, Ukraine","47.14571, 35.73764",State/Region/Province (ADM1),Origin,Unknown,2024-09-16T07:33:42.518964Z,"Ukraine: 5 displacements (destroyed housing), 04 September - 04 September. According to the National Police of Ukraine, houses were destroyed in settlements of the Zaporizhia region on September 4 due to military operations.",https://www.npu.gov.ua/news/uprodovzh-doby-pid-vohnem-rosiian-perebuvaly-sim-naselenykh-punktiv-zaporizkoi-oblasti-za-faktamy-voiennykh-zlochyniv-okupantiv-vidkryti-kryminalni-provadzhennia,Conflict
161450.0,Ukraine,UKR,49.6331005,37.688229500000006,"[49.6331005, 37.688229500000006]",Recommended figure,Conflict,total,7,2024-09-04 00:00:00,2024-09-04 00:00:00,2024-09-04 00:00:00,2024,20827.0,Ukraine: International armed conflict (IAC)  - Countrywide - 2024,2024-01-01 00:00:00,2024-12-31 00:00:00,Unknown,Unknown,Unknown,Unknown,National Police of Ukraine,https://www.npu.gov.ua/news/rosiiany-zastosovuvaly-po-prykordonniu-kharkivshchyny-fab-bpla-rszv-fpv-drony-minomety-artyleriiu-slidchi-zadokumentuvaly-naslidky-voiennykh-zlochyniv,"Hlushkivka, Kupiansk Raion, Kharkiv Oblast, Ukraine; Novoosynove, Kupiansk Raion, Kharkiv Oblast, Ukraine; Podoly, Kupiansk Raion, Kharkiv Oblast, Ukraine; Ківшарівка, Куп’янська міська рада, Kharkiv Oblast, Ukraine","49.589062, 37.7089; 49.62112, 37.697121; 49.692581, 37.667278; 49.629639, 37.679619",County/City/town/Village/Woreda (ADM3); County/City/town/Village/Woreda (ADM3); County/City/town/Village/Woreda (ADM3); County/City/town/Village/Woreda (ADM3),Origin; Origin; Origin; Origin,Displacement without preventive evacuations reported,2024-09-16T11:13:28.725595Z,"Ukraine: 7 displacements (evacuated), 04 September - 04 September. According to the National Police of Ukraine, 7 people were evacuated from Kivsharivka (Ківшарівка), Hlushkivka, Podoly and Novoosynove on September 4 due to military operations.",https://www.npu.gov.ua/news/rosiiany-zastosovuvaly-po-prykordonniu-kharkivshchyny-fab-bpla-rszv-fpv-drony-minomety-artyleriiu-slidchi-zadokumentuvaly-naslidky-voiennykh-zlochyniv,Conflict
161408.0,Ukraine,UKR,52.016689,33.278831,"[52.016689, 33.278831]",Recommended figure,Conflict,total,3,2024-09-04 00:00:00,2024-09-04 00:00:00,2024-09-04 00:00:00,2024,20827.0,Ukraine: International armed conflict (IAC)  - Countrywide - 2024,2024-01-01 00:00:00,2024-12-31 00:00:00,Unknown,Unknown,Unknown,Unknown,National Police of Ukraine,https://www.npu.gov.ua/news/politseiski-evakuiuvaly-rodynu-z-usim-hospodarstvom-z-prykordonnia-chernihivshchyny-iake-postiino-obstriliuiut,"Новгород-Сіверський, Novhorod-Siverskyi City Council, Chernihiv Oblast, Ukraine","52.016689, 33.278831",County/City/town/Village/Woreda (ADM3),Origin,Displacement without preventive evacuations reported,2024-09-16T07:53:59.195516Z,"Ukraine: 3 displacements (evacuated), 04 September - 04 September. According to the National Police of Ukraine, 3 people were evacuated from Novhorod-Sivers'kyi district on September 4 due to military operations.",https://www.npu.gov.ua/news/politseiski-evakuiuvaly-rodynu-z-usim-hospodarstvom-z-prykordonnia-chernihivshchyny-iake-postiino-obstriliuiut,Conflict
161399.0,Ukraine,UKR,48.053699,33.30022,"[48.053699, 33.30022]",Recommended figure,Conflict,more than or equal to,5,2024-09-04 00:00:00,2024-09-04 00:00:00,2024-09-04 00:00:00,2024,20827.0,Ukraine: International armed conflict (IAC)  - Countrywide - 2024,2024-01-01 00:00:00,2024-12-31 00:00:00,Unknown,Unknown,Unknown,Unknown,State Emergency Service of Ukraine (SESU),https://t.me/dsns_telegram/32064,"Kryviy Rih Raion, Dnipropetrovsk Oblast, Ukraine","48.053699, 33.30022",District/Zone/Department (ADM2),Origin,Unknown,2024-09-16T07:13:09.503452Z,"Ukraine: 5 displacements (destroyed housing), 04 September - 04 September. According to the State Emergency Service of Ukraine (SESU), houses were destroyed in Kryviy Rih on September 4 due to military operations.",https://t.me/dsns_telegram/32064,Conflict
161409.0,Ukraine,UKR,52.016689,33.278831,"[52.016689, 33.278831]",Recommended figure,Conflict,total,2,2024-09-04 00:00:00,2024-09-04 00:00:00,2024-09-04 00:00:00,2024,20827.0,Ukraine: International armed conflict (IAC)  - Countrywide - 2024,2024-01-01 00:00:00,2024-12-31 00:00:00,Unknown,Unknown,Unknown,Unknown,National Police of Ukraine,https://www.npu.gov.ua/news/na-chernihivshchyni-politseiski-spilno-z-mistsevoiu-vladoiu-evakuiuvaly-z-prykordonnia-dvokh-pensioneriv,"Новгород-Сіверський, Novhorod-Siverskyi City Council, Chernihiv Oblast, Ukraine","52.016689, 33.278831",County/City/town/Village/Woreda (ADM3),Origin,Displacement without preventive evacuations reported,2024-09-16T07:57:56.556939Z,"Ukraine: 2 displacements (evacuated), 04 September - 04 September. According to the National Police of Ukraine, 2 people were evacuated from Semenivska community Novhorod-Sivers'kyi on September 4 due to military operations.",https://www.npu.gov.ua/news/na-chernihivshchyni-politseiski-spilno-z-mistsevoiu-vladoiu-evakuiuvaly-z-prykordonnia-dvokh-pensioneriv,Conflict
161209.0,Ukraine,UKR,47.96067,37.834438,"[47.96067, 37.834438]",Recommended figure,Conflict,total,3017,2024-09-04 00:00:00,2024-09-04 00:00:00,2024-09-04 00:00:00,2024,22790.0,Ukraine: International armed conflict (IAC) - Donetsk - 2024,2024-01-01 00:00:00,2024-12-31 00:00:00,Unknown,Unknown,Unknown,Unknown,National Police of Ukraine,https://www.npu.gov.ua/news/odna-liudyna-zahynula-i-troie-zaznaly-poranen-cherez-rosiiski-obstrily-donechchyny,"Donetsk Oblast, Ukraine","47.96067, 37.834438",State/Region/Province (ADM1),Origin,Displacement without preventive evacuations reported,2024-09-12T09:21:44.193242Z,"Ukraine: 3,017 displacements (evacuated), 04 September - 04 September. According to the National Police of Ukraine, 3017 people have been evacuated in Donetsk Oblast on 04 September due to military operations.",https://www.npu.gov.ua/news/odna-liudyna-zahynula-i-troie-zaznaly-poranen-cherez-rosiiski-obstrily-donechchyny,Conflict
160789.0,Ukraine,UKR,49.88356,36.589169,"[49.88356, 36.589169]",Triangulation,Conflict,total,200,2024-09-03 00:00:00,2024-09-03 00:00:00,2024-09-03 00:00:00,2024,20827.0,Ukraine: International armed conflict (IAC)  - Countrywide - 2024,2024-01-01 00:00:00,2024-12-31 00:00:00,Unknown,Unknown,Unknown,Unknown,Regional Government,https://suspilne.media/kharkiv/827571-lisova-pozeza-na-harkivsini-vogon-znisiv-polovinu-zitlovih-budinkiv-u-studenku-ta-ruhaetsa-do-oskolu/,"Studenok, Chuhuiv Raion, Kharkiv Oblast, Ukraine","49.88356, 36.589169",Point,Origin,Displacement without preventive evacuations reported,2024-09-04T15:24:15.639344Z,"Ukraine: 200 displacements (evacuated), 03 September - 03 September. According to the regional government, 200 people were evacuated in Studenok (Kharkiv Oblast) on September 3 due to military operations.",https://suspilne.media/kharkiv/827571-lisova-pozeza-na-harkivsini-vogon-znisiv-polovinu-zitlovih-budinkiv-u-studenku-ta-ruhaetsa-do-oskolu/,Conflict
161208.0,Ukraine,UKR,47.96067,37.834438,"[47.96067, 37.834438]",Recommended figure,Conflict,total,3351,2024-09-03 00:00:00,2024-09-03 00:00:00,2024-09-03 00:00:00,2024,22790.0,Ukraine: International armed conflict (IAC) - Donetsk - 2024,2024-01-01 00:00:00,2024-12-31 00:00:00,Unknown,Unknown,Unknown,Unknown,National Police of Ukraine,https://www.npu.gov.ua/news/dvoie-vbytykh-i-12-poranenykh-meshkantsiv-donechchyny-za-dobu-politsiia-dokumentuie-naslidky-rosiiskoi-ahresii,"Donetsk Oblast, Ukraine","47.96067, 37.834438",State/Region/Province (ADM1),Origin,Displacement without preventive evacuations reported,2024-09-12T09:20:22.481790Z,"Ukraine: 3,351 displacements (evacuated), 03 September - 03 September. According to the National Police of Ukraine, 3351 people have been evacuated in Donetsk Oblast on 03 September due to military operations.",https://www.npu.gov.ua/news/dvoie-vbytykh-i-12-poranenykh-meshkantsiv-donechchyny-za-dobu-politsiia-dokumentuie-naslidky-rosiiskoi-ahresii,Conflict
161429.0,Ukraine,UKR,51.237358,33.808262,"[51.237358, 33.808262]",Recommended figure,Conflict,total,15,2024-09-03 00:00:00,2024-09-03 00:00:00,2024-09-03 00:00:00,2024,20827.0,Ukraine: International armed conflict (IAC)  - Countrywide - 2024,2024-01-01 00:00:00,2024-12-31 00:00:00,Unknown,Unknown,Unknown,Unknown,National Police of Ukraine,https://www.npu.gov.ua/news/na-sumshchyni-vnaslidok-obstriliv-z-boku-rf-troie-liudei-otrymaly-poranennia-politseiski-fiksuiut-naslidky-vluchan,"Sumy Oblast, Ukraine","51.237358, 33.808262",State/Region/Province (ADM1),Origin,Unknown,2024-09-16T09:40:10.420995Z,"Ukraine: 15 displacements (destroyed housing), 03 September - 03 September. According to the National Police of Ukraine, 6 houses were destroyed in Sumy Oblast on September 3 due to military operations.",https://www.npu.gov.ua/news/na-sumshchyni-vnaslidok-obstriliv-z-boku-rf-troie-liudei-otrymaly-poranennia-politseiski-fiksuiut-naslidky-vluchan,Conflict
161449.0,Ukraine,UKR,49.807861,36.772362,"[49.807861, 36.772362]",Recommended figure,Conflict,total,4,2024-09-03 00:00:00,2024-09-03 00:00:00,2024-09-03 00:00:00,2024,20827.0,Ukraine: International armed conflict (IAC)  - Countrywide - 2024,2024-01-01 00:00:00,2024-12-31 00:00:00,Unknown,Unknown,Unknown,Unknown,National Police of Ukraine,https://www.npu.gov.ua/news/odna-zhinka-zahynula-shche-dvoie-liudei-distaly-poranennia-slidchi-zadokumentuvaly-naslidky-voiennykh-zlochyniv-na-kharkivshchyni,"Chuhuiv Raion, Kharkiv Oblast, Ukraine","49.807861, 36.772362",District/Zone/Department (ADM2),Origin,Displacement without preventive evacuations reported,2024-09-16T11:09:52.171309Z,"Ukraine: 4 displacements (evacuated), 03 September - 03 September. According to the National Police of Ukraine, 4 people were evacuated from Chuhuiv Raion on September 3 due to military operations.",https://www.npu.gov.ua/news/odna-zhinka-zahynula-shche-dvoie-liudei-distaly-poranennia-slidchi-zadokumentuvaly-naslidky-voiennykh-zlochyniv-na-kharkivshchyni,Conflict
160596.0,Ukraine,UKR,47.96067,37.834438,"[47.96067, 37.834438]",Recommended figure,Conflict,total,3444,2024-09-02 00:00:00,2024-09-02 00:00:00,2024-09-02 00:00:00,2024,22790.0,Ukraine: International armed conflict (IAC) - Donetsk - 2024,2024-01-01 00:00:00,2024-12-31 00:00:00,Unknown,Unknown,Unknown,Unknown,National Police of Ukraine,https://www.npu.gov.ua/news/piatero-meshkantsiv-donechchyny-zahynuly-11-otrymaly-poranennia-naslidky-voiennykh-zlochyniv-rosii-za-dobu,"Donetsk Oblast, Ukraine","47.96067, 37.834438",State/Region/Province (ADM1),Origin,Displacement without preventive evacuations reported,2024-09-03T08:29:38.626308Z,"Ukraine: 3,444 displacements (evacuated), 02 September - 02 September. According to the National Police of Ukraine, 3444 people have been evacuated in Donetsk Oblast on 02 September due to military operations.",https://www.npu.gov.ua/news/piatero-meshkantsiv-donechchyny-zahynuly-11-otrymaly-poranennia-naslidky-voiennykh-zlochyniv-rosii-za-dobu,Conflict
161406.0,Ukraine,UKR,52.016689,33.278831,"[52.016689, 33.278831]",Recommended figure,Conflict,total,1,2024-09-02 00:00:00,2024-09-02 00:00:00,2024-09-02 00:00:00,2024,20827.0,Ukraine: International armed conflict (IAC)  - Countrywide - 2024,2024-01-01 00:00:00,2024-12-31 00:00:00,Unknown,Unknown,Unknown,Unknown,National Police of Ukraine,https://www.npu.gov.ua/news/politsiia-zadokumentuvala-naslidky-vluchan-na-prykordonni-chernihivshchyny-ta-evakuiuvala-liudynu-z-okhoplenoho-pozhezheiu-sela,"Новгород-Сіверський, Novhorod-Siverskyi City Council, Chernihiv Oblast, Ukraine","52.016689, 33.278831",County/City/town/Village/Woreda (ADM3),Origin,Displacement without preventive evacuations reported,2024-09-16T07:50:29.843802Z,"Ukraine: 1 displacement (evacuated), 02 September - 02 September. According to the National Police of Ukraine, 1 person was evacuated in Semenivsk in the Novhorod-Sivers'kyi district on September 2 due to military operations.",https://www.npu.gov.ua/news/politsiia-zadokumentuvala-naslidky-vluchan-na-prykordonni-chernihivshchyny-ta-evakuiuvala-liudynu-z-okhoplenoho-pozhezheiu-sela,Conflict
160595.0,Ukraine,UKR,47.96067,37.834438,"[47.96067, 37.834438]",Recommended figure,Conflict,total,3516,2024-09-01 00:00:00,2024-09-01 00:00:00,2024-09-01 00:00:00,2024,22790.0,Ukraine: International armed conflict (IAC) - Donetsk - 2024,2024-01-01 00:00:00,2024-12-31 00:00:00,Unknown,Unknown,Unknown,Unknown,National Police of Ukraine,https://www.npu.gov.ua/news/rosiiany-obstrilialy-deviat-naselenykh-punktiv-donechchyny-odna-liudyna-zahynula-shestero-travmovani-politsiia-dokumentuie-naslidky,"Donetsk Oblast, Ukraine","47.96067, 37.834438",State/Region/Province (ADM1),Origin,Displacement without preventive evacuations reported,2024-09-03T08:28:30.685852Z,"Ukraine: 3,516 displacements (evacuated), 01 September - 01 September. According to the National Police of Ukraine, 3516 people have been evacuated in Donetsk Oblast on 01 September due to military operations.",https://www.npu.gov.ua/news/rosiiany-obstrilialy-deviat-naselenykh-punktiv-donechchyny-odna-liudyna-zahynula-shestero-travmovani-politsiia-dokumentuie-naslidky,Conflict
160787.0,Ukraine,UKR,49.940401,37.4306965,"[49.940401, 37.430696499999996]",Recommended figure,Conflict,total,14,2024-08-31 00:00:00,2024-08-31 00:00:00,2024-08-31 00:00:00,2024,20827.0,Ukraine: International armed conflict (IAC)  - Countrywide - 2024,2024-01-01 00:00:00,2024-12-31 00:00:00,Unknown,Unknown,Unknown,Unknown,National Police of Ukraine,https://www.npu.gov.ua/news/mynuloi-doby-rosiiski-viiskovi-byly-po-tsyvilnomu-naselenniu-kharkivshchyny-z-aviatsii-artylerii-minometiv-rszv-bpla-ie-zahybli-ta-poraneni-slidchizadokumentuvalynaslidkyvoiennykhzlochyniv,"Kupiansk Raion, Kharkiv Oblast, Ukraine; Vovchansk Raion, Kharkiv Oblast, Ukraine","49.674801, 37.834202; 50.206001, 37.027191",District/Zone/Department (ADM2); District/Zone/Department (ADM2),Origin; Origin,Displacement without preventive evacuations reported,2024-09-04T15:08:40.062999Z,"Ukraine: 14 displacements (evacuated), 31 August - 31 August. According to the National Police of Ukraine, 14 people were evacuated from Kupiansk Raion and Vovchansk Raion on 31 August due to military operations.",https://www.npu.gov.ua/news/mynuloi-doby-rosiiski-viiskovi-byly-po-tsyvilnomu-naselenniu-kharkivshchyny-z-aviatsii-artylerii-minometiv-rszv-bpla-ie-zahybli-ta-poraneni-slidchizadokumentuvalynaslidkyvoiennykhzlochyniv,Conflict
160594.0,Ukraine,UKR,47.96067,37.834438,"[47.96067, 37.834438]",Recommended figure,Conflict,total,3468,2024-08-31 00:00:00,2024-08-31 00:00:00,2024-08-31 00:00:00,2024,22790.0,Ukraine: International armed conflict (IAC) - Donetsk - 2024,2024-01-01 00:00:00,2024-12-31 00:00:00,Unknown,Unknown,Unknown,Unknown,National Police of Ukraine,https://www.npu.gov.ua/news/dvoie-vbytykh-i-deviat-poranenykh-myrnykh-zhyteliv-politsiia-zadokumentuvala-naslidky-rosiiskykh-obstriliv-donechchyny,"Donetsk Oblast, Ukraine","47.96067, 37.834438",State/Region/Province (ADM1),Origin,Displacement without preventive evacuations reported,2024-09-03T08:27:18.866226Z,"Ukraine: 3,468 displacements (evacuated), 31 August - 31 August. According to the National Police of Ukraine, 3468 people have been evacuated in Donetsk Oblast on 31 August due to military operations.",https://www.npu.gov.ua/news/dvoie-vbytykh-i-deviat-poranenykh-myrnykh-zhyteliv-politsiia-zadokumentuvala-naslidky-rosiiskykh-obstriliv-donechchyny,Conflict
160593.0,Ukraine,UKR,47.96067,37.834438,"[47.96067, 37.834438]",Recommended figure,Conflict,total,2928,2024-08-30 00:00:00,2024-08-30 00:00:00,2024-08-30 00:00:00,2024,22790.0,Ukraine: International armed conflict (IAC) - Donetsk - 2024,2024-01-01 00:00:00,2024-12-31 00:00:00,Unknown,Unknown,Unknown,Unknown,National Police of Ukraine,https://www.npu.gov.ua/news/odna-liudyna-zahynula-11-zaznaly-poranen-zokrema-dytyna-politsiia-donechchyny-dokumentuie-naslidky-rosiiskykh-obstriliv,"Donetsk Oblast, Ukraine","47.96067, 37.834438",State/Region/Province (ADM1),Origin,Displacement without preventive evacuations reported,2024-09-03T08:25:31.416637Z,"Ukraine: 2,928 displacements (evacuated), 30 August - 30 August. According to the National Police of Ukraine, 2928 people have been evacuated in Donetsk Oblast on 30 August due to military operations.",https://www.npu.gov.ua/news/odna-liudyna-zahynula-11-zaznaly-poranen-zokrema-dytyna-politsiia-donechchyny-dokumentuie-naslidky-rosiiskykh-obstriliv,Conflict
160786.0,Ukraine,UKR,49.990854,36.2513295,"[49.990854, 36.2513295]",Recommended figure,Conflict,total,172,2024-08-30 00:00:00,2024-08-30 00:00:00,2024-08-30 00:00:00,2024,20827.0,Ukraine: International armed conflict (IAC)  - Countrywide - 2024,2024-01-01 00:00:00,2024-12-31 00:00:00,Unknown,Unknown,Unknown,Unknown,State Emergency Service of Ukraine (SESU),https://t.me/dsns_telegram/31841,"Kharkiv city rada, Kharkiv Oblast, Ukraine; Kharkiv, Kharkiv city rada, Kharkiv Oblast, Ukraine","49.991428, 36.27227; 49.99028, 36.230389",District/Zone/Department (ADM2); County/City/town/Village/Woreda (ADM3),Origin; Origin,Displacement without preventive evacuations reported,2024-09-04T15:06:57.864504Z,"Ukraine: 172 displacements (evacuated), 30 August - 30 August. According to the State Emergency Service of Ukraine (SESU), 172 people were evacuated in Kharkiv on 30 August due to military operations.",https://t.me/dsns_telegram/31841,Conflict
160757.0,Ukraine,UKR,47.14571,35.73764,"[47.14571, 35.73764]",Recommended figure,Conflict,more than or equal to,5,2024-08-30 00:00:00,2024-08-30 00:00:00,2024-08-30 00:00:00,2024,20827.0,Ukraine: International armed conflict (IAC)  - Countrywide - 2024,2024-01-01 00:00:00,2024-12-31 00:00:00,Unknown,Unknown,Unknown,Unknown,National Police of Ukraine,https://www.npu.gov.ua/news/za-dobu-slidchi-zadokumentuvaly-naslidky-221-vorozhoho-vluchannia-po-naselenykh-punktakh-zaporizkoi-oblasti,"Zaporizhia Oblast, Ukraine","47.14571, 35.73764",State/Region/Province (ADM1),Origin,Unknown,2024-09-04T07:45:00.110682Z,"Ukraine: 5 displacements (destroyed housing), 30 August - 30 August. According to the National Police of Ukraine, residential apartments were destroyed in Zaporizhia Oblast on August 30 due to military operations.",https://www.npu.gov.ua/news/za-dobu-slidchi-zadokumentuvaly-naslidky-221-vorozhoho-vluchannia-po-naselenykh-punktakh-zaporizkoi-oblasti,Conflict
160592.0,Ukraine,UKR,47.96067,37.834438,"[47.96067, 37.834438]",Recommended figure,Conflict,total,3405,2024-08-29 00:00:00,2024-08-29 00:00:00,2024-08-29 00:00:00,2024,22790.0,Ukraine: International armed conflict (IAC) - Donetsk - 2024,2024-01-01 00:00:00,2024-12-31 00:00:00,Unknown,Unknown,Unknown,Unknown,National Police of Ukraine,https://www.npu.gov.ua/news/rosiiany-vbyly-piatokh-meshkantsiv-donechchyny-zokrema-dytynu-shche-shestero-liudei-zaznaly-poranen-politsiia-dokumentuie-voienni-zlochyny-rf,"Donetsk Oblast, Ukraine","47.96067, 37.834438",State/Region/Province (ADM1),Origin,Displacement without preventive evacuations reported,2024-09-03T08:24:29.521626Z,"Ukraine: 3,405 displacements (evacuated), 29 August - 29 August. According to the National Police of Ukraine, 3405 people have been evacuated in Donetsk Oblast on 29 August due to military operations.",https://www.npu.gov.ua/news/rosiiany-vbyly-piatokh-meshkantsiv-donechchyny-zokrema-dytynu-shche-shestero-liudei-zaznaly-poranen-politsiia-dokumentuie-voienni-zlochyny-rf,Conflict
160755.0,Ukraine,UKR,47.14571,35.73764,"[47.14571, 35.73764]",Triangulation,Conflict,more than or equal to,5,2024-08-29 00:00:00,2024-08-29 00:00:00,2024-08-29 00:00:00,2024,20827.0,Ukraine: International armed conflict (IAC)  - Countrywide - 2024,2024-01-01 00:00:00,2024-12-31 00:00:00,Unknown,Unknown,Unknown,Unknown,National Police of Ukraine,https://www.npu.gov.ua/news/za-dobu-politseiski-zareiestruvaly-43-povidomlennia-pro-ruinuvannia-obiektiv-infrastruktury-na-terytorii-zaporizkoi-oblasti,"Zaporizhia Oblast, Ukraine","47.14571, 35.73764",State/Region/Province (ADM1),Origin,Unknown,2024-09-04T07:42:47.207318Z,"Ukraine: 5 displacements (destroyed housing), 29 August - 29 August. According to the National Police of Ukraine, houses were destroyed in Zaporizhia Oblast on August 29 due to military operations.",https://www.npu.gov.ua/news/za-dobu-politseiski-zareiestruvaly-43-povidomlennia-pro-ruinuvannia-obiektiv-infrastruktury-na-terytorii-zaporizkoi-oblasti,Conflict
160785.0,Ukraine,UKR,49.741331,37.303282,"[49.741331, 37.303281999999996]",Triangulation,Conflict,total,12,2024-08-29 00:00:00,2024-08-29 00:00:00,2024-08-29 00:00:00,2024,20827.0,Ukraine: International armed conflict (IAC)  - Countrywide - 2024,2024-01-01 00:00:00,2024-12-31 00:00:00,Unknown,Unknown,Unknown,Unknown,National Police of Ukraine,https://www.npu.gov.ua/news/cherez-rosiiski-obstrily-poraneni-chotyry-zhyteli-kharkivshchyny-slidchi-zadokumentuvaly-naslidky-voiennykh-zlochyniv-rf,"Chuhuiv Raion, Kharkiv Oblast, Ukraine; Kupiansk Raion, Kharkiv Oblast, Ukraine","49.807861, 36.772362; 49.674801, 37.834202",District/Zone/Department (ADM2); District/Zone/Department (ADM2),Origin; Origin,Displacement without preventive evacuations reported,2024-09-04T15:00:55.588281Z,"Ukraine: 12 displacements (evacuated), 29 August - 29 August. According to the National Police of Ukraine, 12 people were evacuated from Kupiansk Raion and Chuhuiv Raion on 29 August due to military operations.",https://www.npu.gov.ua/news/cherez-rosiiski-obstrily-poraneni-chotyry-zhyteli-kharkivshchyny-slidchi-zadokumentuvaly-naslidky-voiennykh-zlochyniv-rf,Conflict
160783.0,Ukraine,UKR,50.204561,36.7247505,"[50.204561, 36.7247505]",Triangulation,Conflict,total,7,2024-08-28 00:00:00,2024-08-28 00:00:00,2024-08-28 00:00:00,2024,20827.0,Ukraine: International armed conflict (IAC)  - Countrywide - 2024,2024-01-01 00:00:00,2024-12-31 00:00:00,Unknown,Unknown,Unknown,Unknown,National Police of Ukraine,https://www.npu.gov.ua/news/cherez-obstrily-rosiian-distaly-poranennia-12-zhyteliv-kharkivshchyny-slidchi-zadokumentuvaly-naslidky-voiennykh-zlochyniv-rf,"Lyptsi, Kharkiv Raion, Kharkiv Oblast, Ukraine; Vovchansk Raion, Kharkiv Oblast, Ukraine","50.203121, 36.42231; 50.206001, 37.027191",County/City/town/Village/Woreda (ADM3); District/Zone/Department (ADM2),Origin; Origin,Displacement without preventive evacuations reported,2024-09-04T14:55:46.167824Z,"Ukraine: 7 displacements (evacuated), 28 August - 28 August. According to the National Police of Ukraine, 7 people were evacuated from Vovchansk Raion and Lyptsi on 28 August due to military operations.",https://www.npu.gov.ua/news/cherez-obstrily-rosiian-distaly-poranennia-12-zhyteliv-kharkivshchyny-slidchi-zadokumentuvaly-naslidky-voiennykh-zlochyniv-rf,Conflict
160754.0,Ukraine,UKR,47.14571,35.73764,"[47.14571, 35.73764]",Triangulation,Conflict,more than or equal to,5,2024-08-28 00:00:00,2024-08-28 00:00:00,2024-08-28 00:00:00,2024,20827.0,Ukraine: International armed conflict (IAC)  - Countrywide - 2024,2024-01-01 00:00:00,2024-12-31 00:00:00,Unknown,Unknown,Unknown,Unknown,National Police of Ukraine,https://www.npu.gov.ua/news/uprodovzh-doby-pid-vohnem-rosiian-perebuvaly-13-naselenykh-punktiv-zaporizkoi-oblasti-na-mistsiakh-voiennykh-zlochyniv-pratsiuvaly-politseiski,"Zaporizhia Oblast, Ukraine","47.14571, 35.73764",State/Region/Province (ADM1),Origin,Unknown,2024-09-04T07:40:35.934810Z,"Ukraine: 5 displacements (destroyed housing), 28 August - 28 August. According to the National Police of Ukraine, houses were destroyed in Zaporizhia Oblast on August 28 due to military operations.",https://www.npu.gov.ua/news/uprodovzh-doby-pid-vohnem-rosiian-perebuvaly-13-naselenykh-punktiv-zaporizkoi-oblasti-na-mistsiakh-voiennykh-zlochyniv-pratsiuvaly-politseiski,Conflict
160748.0,Ukraine,UKR,52.01416,33.24456,"[52.01416, 33.24456]",Recommended figure,Conflict,more than or equal to,5,2024-08-28 00:00:00,2024-08-28 00:00:00,2024-08-28 00:00:00,2024,20827.0,Ukraine: International armed conflict (IAC)  - Countrywide - 2024,2024-01-01 00:00:00,2024-12-31 00:00:00,Unknown,Unknown,Unknown,Unknown,State Emergency Service of Ukraine (SESU),https://t.me/dsns_telegram/31708,"Novhorod-Siverskyi City Council, Chernihiv Oblast, Ukraine","52.01416, 33.24456",District/Zone/Department (ADM2),Origin,Unknown,2024-09-04T07:16:08.514228Z,"Ukraine: 5 displacements (destroyed housing), 28 August - 28 August. According to the State Emergency Service of Ukraine (SESU), residential buildings were destroyed in Novhorod-Siverskyi district on August 28 due to military operations.",https://t.me/dsns_telegram/31708,Conflict
160591.0,Ukraine,UKR,47.96067,37.834438,"[47.96067, 37.834438]",Recommended figure,Conflict,total,2718,2024-08-28 00:00:00,2024-08-28 00:00:00,2024-08-28 00:00:00,2024,22790.0,Ukraine: International armed conflict (IAC) - Donetsk - 2024,2024-01-01 00:00:00,2024-12-31 00:00:00,Unknown,Unknown,Unknown,Unknown,National Police of Ukraine,https://www.npu.gov.ua/news/troie-meshkantsiv-donechchyny-zaznaly-poranen-cherez-obstrily-rosiian-politsiia-zadokumentuvala-voienni-zlochyny,"Donetsk Oblast, Ukraine","47.96067, 37.834438",State/Region/Province (ADM1),Origin,Displacement without preventive evacuations reported,2024-09-03T08:23:08.768996Z,"Ukraine: 2,718 displacements (evacuated), 28 August - 28 August. According to the National Police of Ukraine, 2718 people have been evacuated in Donetsk Oblast on 28 August due to military operations.",https://www.npu.gov.ua/news/troie-meshkantsiv-donechchyny-zaznaly-poranen-cherez-obstrily-rosiian-politsiia-zadokumentuvala-voienni-zlochyny,Conflict
160784.0,Ukraine,UKR,50.334641,36.194012,"[50.334641, 36.194012]",Triangulation,Conflict,total,3,2024-08-28 00:00:00,2024-08-28 00:00:00,2024-08-28 00:00:00,2024,20827.0,Ukraine: International armed conflict (IAC)  - Countrywide - 2024,2024-01-01 00:00:00,2024-12-31 00:00:00,Unknown,Unknown,Unknown,Unknown,Regional Government,https://t.me/synegubov/10855,"Kozacha Lopan, Козача Лопань, Kharkiv Oblast, Ukraine","50.334641, 36.194012",Point,Origin,Unknown,2024-09-04T14:58:57.447414Z,"Ukraine: 3 displacements (destroyed housing), 28 August - 28 August. According to the regional government, 1 house was destroyed in Kozacha Lopan on 28 August due to military operations.",https://t.me/synegubov/10855,Conflict
160753.0,Ukraine,UKR,47.14571,35.73764,"[47.14571, 35.73764]",Triangulation,Conflict,more than or equal to,5,2024-08-27 00:00:00,2024-08-27 00:00:00,2024-08-27 00:00:00,2024,20827.0,Ukraine: International armed conflict (IAC)  - Countrywide - 2024,2024-01-01 00:00:00,2024-12-31 00:00:00,Unknown,Unknown,Unknown,Unknown,National Police of Ukraine,https://www.npu.gov.ua/news/na-zaporizhzhi-slidchi-politsii-zadokumentuvaly-naslidky-205-vorozhykh-vluchan-po-obiektakh-tsyvilnoi-infrastruktury,"Zaporizhia Oblast, Ukraine","47.14571, 35.73764",State/Region/Province (ADM1),Origin,Unknown,2024-09-04T07:38:51.891759Z,"Ukraine: 5 displacements (destroyed housing), 27 August - 27 August. According to the National Police of Ukraine, houses were destroyed in several districts of Zaporizhia Oblast on August 27 due to military operations.",https://www.npu.gov.ua/news/na-zaporizhzhi-slidchi-politsii-zadokumentuvaly-naslidky-205-vorozhykh-vluchan-po-obiektakh-tsyvilnoi-infrastruktury,Conflict
160776.0,Ukraine,UKR,50.206001,37.027191,"[50.206001, 37.027191]",Triangulation,Conflict,total,6,2024-08-27 00:00:00,2024-08-27 00:00:00,2024-08-27 00:00:00,2024,20827.0,Ukraine: International armed conflict (IAC)  - Countrywide - 2024,2024-01-01 00:00:00,2024-12-31 00:00:00,Unknown,Unknown,Unknown,Unknown,National Police of Ukraine,https://www.npu.gov.ua/news/mynuloi-doby-rosiiany-vbyly-tsyvilnoho-cholovika-poranyly-21-liudynu-slidchi-zadokumentuvaly-naslidky-voiennykh-zlochyniv-rf-na-kharkivshchyni,"Vovchansk Raion, Kharkiv Oblast, Ukraine","50.206001, 37.027191",District/Zone/Department (ADM2),Origin,Displacement without preventive evacuations reported,2024-09-04T08:59:06.448413Z,"Ukraine: 6 displacements (evacuated), 27 August - 27 August. According to the National Police of Ukraine, 6 people were evacuated from Vovchansk Raion on 27 August due to military operations.",https://www.npu.gov.ua/news/mynuloi-doby-rosiiany-vbyly-tsyvilnoho-cholovika-poranyly-21-liudynu-slidchi-zadokumentuvaly-naslidky-voiennykh-zlochyniv-rf-na-kharkivshchyni,Conflict
160590.0,Ukraine,UKR,47.96067,37.834438,"[47.96067, 37.834438]",Recommended figure,Conflict,total,2888,2024-08-27 00:00:00,2024-08-27 00:00:00,2024-08-27 00:00:00,2024,22790.0,Ukraine: International armed conflict (IAC) - Donetsk - 2024,2024-01-01 00:00:00,2024-12-31 00:00:00,Unknown,Unknown,Unknown,Unknown,National Police of Ukraine,https://www.npu.gov.ua/news/vnaslidok-vorozhoho-obstrilu-donechchyny-ie-poranenyi-politsiia-dokumentuie-naslidky-ataky-rf,"Donetsk Oblast, Ukraine","47.96067, 37.834438",State/Region/Province (ADM1),Origin,Displacement without preventive evacuations reported,2024-09-03T08:21:55.560217Z,"Ukraine: 2,888 displacements (evacuated), 27 August - 27 August. According to the National Police of Ukraine, 2888 people have been evacuated in Donetsk Oblast on 27 August due to military operations.",https://www.npu.gov.ua/news/vnaslidok-vorozhoho-obstrilu-donechchyny-ie-poranenyi-politsiia-dokumentuie-naslidky-ataky-rf,Conflict
160775.0,Ukraine,UKR,50.048261,36.92859133333334,"[50.048261000000004, 36.92859133333334]",Triangulation,Conflict,total,7,2024-08-26 00:00:00,2024-08-26 00:00:00,2024-08-26 00:00:00,2024,20827.0,Ukraine: International armed conflict (IAC)  - Countrywide - 2024,2024-01-01 00:00:00,2024-12-31 00:00:00,Unknown,Unknown,Unknown,Unknown,National Police of Ukraine,https://www.npu.gov.ua/news/mynuloi-doby-rosiiany-masovano-obstriliuvaly-kharkivshchynu-odna-liudyna-zahynula-shche-odna-poranena-slidchi-zadokumentuvaly-voienni-zlochyny-rf,"Kupiansk Raion, Kharkiv Oblast, Ukraine; Vovchansk Raion, Kharkiv Oblast, Ukraine; Zolochiv Raion, Kharkiv Oblast, Ukraine","49.674801, 37.834202; 50.206001, 37.027191; 50.263981, 35.924381",District/Zone/Department (ADM2); District/Zone/Department (ADM2); District/Zone/Department (ADM2),Origin; Origin; Origin,Displacement without preventive evacuations reported,2024-09-04T08:56:52.262897Z,"Ukraine: 7 displacements (evacuated), 26 August - 26 August. According to the National Police of Ukraine, 7 people were evacuated from Kupiansk Raion, Vovchansk Raion, Zolochiv Raion on 26 August due to military operations.",https://www.npu.gov.ua/news/mynuloi-doby-rosiiany-masovano-obstriliuvaly-kharkivshchynu-odna-liudyna-zahynula-shche-odna-poranena-slidchi-zadokumentuvaly-voienni-zlochyny-rf,Conflict
160746.0,Ukraine,UKR,50.738972,25.307671,"[50.738972, 25.307671]",Recommended figure,Conflict,more than or equal to,3,2024-08-26 00:00:00,2024-08-26 00:00:00,2024-08-26 00:00:00,2024,20827.0,Ukraine: International armed conflict (IAC)  - Countrywide - 2024,2024-01-01 00:00:00,2024-12-31 00:00:00,Unknown,Unknown,Unknown,Unknown,State Emergency Service of Ukraine (SESU),https://t.me/dsns_telegram/31620,"Lutsk, Луцька міська рада, Volyn Oblast, Ukraine","50.738972, 25.307671",County/City/town/Village/Woreda (ADM3),Origin,Unknown,2024-09-04T06:51:35.979863Z,"Ukraine: 3 displacements (destroyed housing), 26 August - 26 August. According to the State Emergency Service of Ukraine (SESU), a residential building was destroyed in Lutsk on August 26 due to military operations.",https://t.me/dsns_telegram/31620,Conflict
160589.0,Ukraine,UKR,47.96067,37.834438,"[47.96067, 37.834438]",Recommended figure,Conflict,total,2724,2024-08-26 00:00:00,2024-08-26 00:00:00,2024-08-26 00:00:00,2024,22790.0,Ukraine: International armed conflict (IAC) - Donetsk - 2024,2024-01-01 00:00:00,2024-12-31 00:00:00,Unknown,Unknown,Unknown,Unknown,National Police of Ukraine,https://www.npu.gov.ua/news/troie-zhyteliv-donechchyny-zahynuly-ta-chetvero-otrymaly-poranennia-politsiia-zadokumentuvala-naslidky-rosiiskykh-atak,"Donetsk Oblast, Ukraine","47.96067, 37.834438",State/Region/Province (ADM1),Origin,Displacement without preventive evacuations reported,2024-09-03T08:19:22.800341Z,"Ukraine: 2,724 displacements (evacuated), 26 August - 26 August. According to the National Police of Ukraine, 2724 people have been evacuated in Donetsk Oblast on 26 August due to military operations.",https://www.npu.gov.ua/news/troie-zhyteliv-donechchyny-zahynuly-ta-chetvero-otrymaly-poranennia-politsiia-zadokumentuvala-naslidky-rosiiskykh-atak,Conflict
160773.0,Ukraine,UKR,49.940401,37.4306965,"[49.940401, 37.430696499999996]",Triangulation,Conflict,total,42,2024-08-25 00:00:00,2024-08-25 00:00:00,2024-08-25 00:00:00,2024,20827.0,Ukraine: International armed conflict (IAC)  - Countrywide - 2024,2024-01-01 00:00:00,2024-12-31 00:00:00,Unknown,Unknown,Unknown,Unknown,National Police of Ukraine,https://www.npu.gov.ua/news/protiahom-doby-voroh-byv-po-tsyvilnii-infrastrukturi-kharkivshchyny-z-rszv-fvp-droniv-bpla-artylerii-slidchi-zadokumentuvaly-naslidky-voiennykh-zlochyniv-rf,"Kupiansk Raion, Kharkiv Oblast, Ukraine; Vovchansk Raion, Kharkiv Oblast, Ukraine","49.674801, 37.834202; 50.206001, 37.027191",District/Zone/Department (ADM2); District/Zone/Department (ADM2),Origin; Origin,Displacement without preventive evacuations reported,2024-09-04T08:53:18.435419Z,"Ukraine: 42 displacements (evacuated), 25 August - 25 August. According to the National Police of Ukraine, 42 people were evacuated from Kupiansk Raion and Vovchansk Raion on 25 August due to military operations.",https://www.npu.gov.ua/news/protiahom-doby-voroh-byv-po-tsyvilnii-infrastrukturi-kharkivshchyny-z-rszv-fvp-droniv-bpla-artylerii-slidchi-zadokumentuvaly-naslidky-voiennykh-zlochyniv-rf,Conflict
160774.0,Ukraine,UKR,49.204342,37.274158,"[49.204342, 37.274158]",Triangulation,Conflict,total,15,2024-08-25 00:00:00,2024-08-25 00:00:00,2024-08-25 00:00:00,2024,20827.0,Ukraine: International armed conflict (IAC)  - Countrywide - 2024,2024-01-01 00:00:00,2024-12-31 00:00:00,Unknown,Unknown,Unknown,Unknown,Regional Government,https://t.me/synegubov/10824,"Izium Municipality, Kharkiv Oblast, Ukraine","49.204342, 37.274158",District/Zone/Department (ADM2),Origin,Unknown,2024-09-04T08:55:18.766255Z,"Ukraine: 15 displacements (destroyed housing), 25 August - 25 August. According to the regional government, 6 houses were destroyed in Izium Municipality on 25 August due to military operations.",https://t.me/synegubov/10824,Conflict
160588.0,Ukraine,UKR,47.96067,37.834438,"[47.96067, 37.834438]",Recommended figure,Conflict,total,2738,2024-08-25 00:00:00,2024-08-25 00:00:00,2024-08-25 00:00:00,2024,22790.0,Ukraine: International armed conflict (IAC) - Donetsk - 2024,2024-01-01 00:00:00,2024-12-31 00:00:00,Unknown,Unknown,Unknown,Unknown,National Police of Ukraine,https://www.npu.gov.ua/news/semero-zahyblykh-i-15-poranenykh-za-dobu-politsiia-donechchyny-dokumentuie-naslidky-udariv-rosii-po-tsyvilnykh,"Donetsk Oblast, Ukraine","47.96067, 37.834438",State/Region/Province (ADM1),Origin,Displacement without preventive evacuations reported,2024-09-03T08:17:59.597342Z,"Ukraine: 2,738 displacements (evacuated), 25 August - 25 August. According to the National Police of Ukraine, 2738 people have been evacuated in Donetsk Oblast on 25 August due to military operations.",https://www.npu.gov.ua/news/semero-zahyblykh-i-15-poranenykh-za-dobu-politsiia-donechchyny-dokumentuie-naslidky-udariv-rosii-po-tsyvilnykh,Conflict
160752.0,Ukraine,UKR,47.620535,36.0295335,"[47.620535000000004, 36.0295335]",Recommended figure,Conflict,more than or equal to,5,2024-08-25 00:00:00,2024-08-24 00:00:00,2024-08-25 00:00:00,2024,20827.0,Ukraine: International armed conflict (IAC)  - Countrywide - 2024,2024-01-01 00:00:00,2024-12-31 00:00:00,Unknown,Unknown,Unknown,Unknown,National Police of Ukraine,https://www.npu.gov.ua/news/za-dvi-doby-okupanty-zavdaly-622-udary-po-terytorii-zaporizkoi-oblasti-na-mistsiakh-vorozhykh-vluchan-pratsiuvala-politsiia,"Polohy Raion, Zaporizhia Oblast, Ukraine; Vasylivske, Orikhiv Raion, Zaporizhia Oblast, Ukraine","47.444809, 36.224838; 47.796261, 35.834229",District/Zone/Department (ADM2); County/City/town/Village/Woreda (ADM3),Origin; Origin,Unknown,2024-09-04T07:35:57.020988Z,"Ukraine: 5 displacements (destroyed housing), 24 August - 25 August. According to the National Police of Ukraine, homes were destroyed in Vasylivske and Polohy Raion (Zaporizhia Oblast) on August 24 and 25 due to military operations.",https://www.npu.gov.ua/news/za-dvi-doby-okupanty-zavdaly-622-udary-po-terytorii-zaporizkoi-oblasti-na-mistsiakh-vorozhykh-vluchan-pratsiuvala-politsiia,Conflict
160772.0,Ukraine,UKR,50.206001,37.027191,"[50.206001, 37.027191]",Triangulation,Conflict,total,6,2024-08-24 00:00:00,2024-08-24 00:00:00,2024-08-24 00:00:00,2024,20827.0,Ukraine: International armed conflict (IAC)  - Countrywide - 2024,2024-01-01 00:00:00,2024-12-31 00:00:00,Unknown,Unknown,Unknown,Unknown,National Police of Ukraine,https://www.npu.gov.ua/news/na-kharkivshchyni-protiahom-doby-cherez-vorozhi-obstrily-postrazhdaly-19-tsyvilnykh-osib-sered-iakykh-dvoie-ditei-slidchi-zadokumentuvaly-naslidky-voiennykh-zlochyniv-rf,"Vovchansk Raion, Kharkiv Oblast, Ukraine","50.206001, 37.027191",District/Zone/Department (ADM2),Origin,Displacement without preventive evacuations reported,2024-09-04T08:50:35.514310Z,"Ukraine: 6 displacements (evacuated), 24 August - 24 August. According to the National Police of Ukraine, 6 people were evacuated from Vovchansk Raion on 24 August due to military operations.",https://www.npu.gov.ua/news/na-kharkivshchyni-protiahom-doby-cherez-vorozhi-obstrily-postrazhdaly-19-tsyvilnykh-osib-sered-iakykh-dvoie-ditei-slidchi-zadokumentuvaly-naslidky-voiennykh-zlochyniv-rf,Conflict
160587.0,Ukraine,UKR,47.96067,37.834438,"[47.96067, 37.834438]",Recommended figure,Conflict,total,4992,2024-08-24 00:00:00,2024-08-24 00:00:00,2024-08-24 00:00:00,2024,22790.0,Ukraine: International armed conflict (IAC) - Donetsk - 2024,2024-01-01 00:00:00,2024-12-31 00:00:00,Unknown,Unknown,Unknown,Unknown,National Police of Ukraine,https://www.npu.gov.ua/news/piatero-zhyteliv-donechchyny-zaznaly-poranen-cherez-rosiiski-obstrily,"Donetsk Oblast, Ukraine","47.96067, 37.834438",State/Region/Province (ADM1),Origin,Displacement without preventive evacuations reported,2024-09-03T08:16:36.240754Z,"Ukraine: 4,992 displacements (evacuated), 24 August - 24 August. According to the National Police of Ukraine, 4992 people have been evacuated in Donetsk Oblast on 24 August due to military operations.",https://www.npu.gov.ua/news/piatero-zhyteliv-donechchyny-zaznaly-poranen-cherez-rosiiski-obstrily,Conflict
160586.0,Ukraine,UKR,47.96067,37.834438,"[47.96067, 37.834438]",Recommended figure,Conflict,total,3174,2024-08-23 00:00:00,2024-08-23 00:00:00,2024-08-23 00:00:00,2024,22790.0,Ukraine: International armed conflict (IAC) - Donetsk - 2024,2024-01-01 00:00:00,2024-12-31 00:00:00,Unknown,Unknown,Unknown,Unknown,National Police of Ukraine,https://www.npu.gov.ua/news/odyn-zahyblyi-i-visim-poranenykh-zhyteliv-donechchyny-za-dobu-politsiia-dokumentuie-naslidky-rosiiskykh-atak,"Donetsk Oblast, Ukraine","47.96067, 37.834438",State/Region/Province (ADM1),Origin,Displacement without preventive evacuations reported,2024-09-03T08:14:26.282462Z,"Ukraine: 3,174 displacements (evacuated), 23 August - 23 August. According to the National Police of Ukraine, 3174 people have been evacuated in Donetsk Oblast on 23 August due to military operations.",https://www.npu.gov.ua/news/odyn-zahyblyi-i-visim-poranenykh-zhyteliv-donechchyny-za-dobu-politsiia-dokumentuie-naslidky-rosiiskykh-atak,Conflict
160771.0,Ukraine,UKR,49.82469666666666,36.959611333333335,"[49.82469666666666, 36.959611333333335]",Triangulation,Conflict,total,9,2024-08-23 00:00:00,2024-08-23 00:00:00,2024-08-23 00:00:00,2024,20827.0,Ukraine: International armed conflict (IAC)  - Countrywide - 2024,2024-01-01 00:00:00,2024-12-31 00:00:00,Unknown,Unknown,Unknown,Unknown,National Police of Ukraine,https://www.npu.gov.ua/news/zahynuly-chotyry-liudyny-distaly-poranennia-troie-tsyvilnykh-osib-ta-troie-politseiskykh-slidchi-kharkivshchyny-zadokumentuvaly-naslidky-voiennykh-zlochyniv,"Chuhuiv Raion, Kharkiv Oblast, Ukraine; Kharkiv city rada, Kharkiv Oblast, Ukraine; Kupiansk Raion, Kharkiv Oblast, Ukraine","49.807861, 36.772362; 49.991428, 36.27227; 49.674801, 37.834202",District/Zone/Department (ADM2); District/Zone/Department (ADM2); District/Zone/Department (ADM2),Origin; Origin; Origin,Displacement without preventive evacuations reported,2024-09-04T08:49:01.531503Z,"Ukraine: 9 displacements (evacuated), 23 August - 23 August. According to the National Police of Ukraine, 9 people were evacuated from Chuhuiv Raion, Kharkiv city rada and Kupiansk Raion on 23 August due to military operations.",https://www.npu.gov.ua/news/zahynuly-chotyry-liudyny-distaly-poranennia-troie-tsyvilnykh-osib-ta-troie-politseiskykh-slidchi-kharkivshchyny-zadokumentuvaly-naslidky-voiennykh-zlochyniv,Conflict
160585.0,Ukraine,UKR,47.96067,37.834438,"[47.96067, 37.834438]",Recommended figure,Conflict,total,3174,2024-08-22 00:00:00,2024-08-22 00:00:00,2024-08-22 00:00:00,2024,22790.0,Ukraine: International armed conflict (IAC) - Donetsk - 2024,2024-01-01 00:00:00,2024-12-31 00:00:00,Unknown,Unknown,Unknown,Unknown,National Police of Ukraine,https://www.npu.gov.ua/news/chotyry-liudyny-zahynuly-try-poraneni-politseiski-dokumentuiut-naslidky-rosiiskykh-obstriliv-na-donechchyni,"Donetsk Oblast, Ukraine","47.96067, 37.834438",State/Region/Province (ADM1),Origin,Displacement without preventive evacuations reported,2024-09-03T08:09:05.346541Z,"Ukraine: 3,174 displacements (evacuated), 22 August - 22 August. According to the National Police of Ukraine, 3174 people have been evacuated in Donetsk Oblast on 22 August due to military operations.",https://www.npu.gov.ua/news/chotyry-liudyny-zahynuly-try-poraneni-politseiski-dokumentuiut-naslidky-rosiiskykh-obstriliv-na-donechchyni,Conflict
160770.0,Ukraine,UKR,49.807861,36.772362,"[49.807861, 36.772362]",Triangulation,Conflict,total,5,2024-08-22 00:00:00,2024-08-22 00:00:00,2024-08-22 00:00:00,2024,20827.0,Ukraine: International armed conflict (IAC)  - Countrywide - 2024,2024-01-01 00:00:00,2024-12-31 00:00:00,Unknown,Unknown,Unknown,Unknown,National Police of Ukraine,https://www.npu.gov.ua/news/cherez-rosiiski-obstrily-zahynuv-tsyvilnyi-cholovik-11-distaly-poranennia-slidchi-zadokumentuvaly-naslidky-voiennykh-zlochyniv,"Chuhuiv Raion, Kharkiv Oblast, Ukraine","49.807861, 36.772362",District/Zone/Department (ADM2),Origin,Displacement without preventive evacuations reported,2024-09-04T08:47:38.384655Z,"Ukraine: 5 displacements (evacuated), 22 August - 22 August. According to the National Police of Ukraine, 5 people were evacuated from Chuhuiv Raion on 22 August due to military operations.",https://www.npu.gov.ua/news/cherez-rosiiski-obstrily-zahynuv-tsyvilnyi-cholovik-11-distaly-poranennia-slidchi-zadokumentuvaly-naslidky-voiennykh-zlochyniv,Conflict
160769.0,Ukraine,UKR,49.8996445,36.522316,"[49.8996445, 36.522316000000004]",Triangulation,Conflict,total,8,2024-08-21 00:00:00,2024-08-21 00:00:00,2024-08-21 00:00:00,2024,20827.0,Ukraine: International armed conflict (IAC)  - Countrywide - 2024,2024-01-01 00:00:00,2024-12-31 00:00:00,Unknown,Unknown,Unknown,Unknown,National Police of Ukraine,https://www.npu.gov.ua/news/postrazhdaly-troie-tsyvilnykh-meshkantsiv-kharkivshchyny-slidchi-zadokumentuvaly-voienni-zlochyny-rf,"Chuhuiv Raion, Kharkiv Oblast, Ukraine; Kharkiv city rada, Kharkiv Oblast, Ukraine","49.807861, 36.772362; 49.991428, 36.27227",District/Zone/Department (ADM2); District/Zone/Department (ADM2),Origin; Origin,Displacement without preventive evacuations reported,2024-09-04T08:46:20.143246Z,"Ukraine: 8 displacements (evacuated), 21 August - 21 August. According to the National Police of Ukraine, 8 people were evacuated from Chuhuiv Raion and Kharkiv city rada on 21 August due to military operations.",https://www.npu.gov.ua/news/postrazhdaly-troie-tsyvilnykh-meshkantsiv-kharkivshchyny-slidchi-zadokumentuvaly-voienni-zlochyny-rf,Conflict
160584.0,Ukraine,UKR,47.96067,37.834438,"[47.96067, 37.834438]",Recommended figure,Conflict,total,5167,2024-08-21 00:00:00,2024-08-21 00:00:00,2024-08-21 00:00:00,2024,22790.0,Ukraine: International armed conflict (IAC) - Donetsk - 2024,2024-01-01 00:00:00,2024-12-31 00:00:00,Unknown,Unknown,Unknown,Unknown,National Police of Ukraine,https://www.npu.gov.ua/news/odyn-zahyblyi-chetvero-poranenykh-i-ponad-120-ruinuvan-naslidky-rosiiskoi-ahresii-na-donechchyni-za-dobu,"Donetsk Oblast, Ukraine","47.96067, 37.834438",State/Region/Province (ADM1),Origin,Displacement without preventive evacuations reported,2024-09-03T08:07:42.274332Z,"Ukraine: 5,167 displacements (evacuated), 21 August - 21 August. According to the National Police of Ukraine, 5167 people have been evacuated in Donetsk Oblast on 21 August due to military operations.",https://www.npu.gov.ua/news/odyn-zahyblyi-chetvero-poranenykh-i-ponad-120-ruinuvan-naslidky-rosiiskoi-ahresii-na-donechchyni-za-dobu,Conflict
160583.0,Ukraine,UKR,47.96067,37.834438,"[47.96067, 37.834438]",Recommended figure,Conflict,total,3426,2024-08-20 00:00:00,2024-08-20 00:00:00,2024-08-20 00:00:00,2024,22790.0,Ukraine: International armed conflict (IAC) - Donetsk - 2024,2024-01-01 00:00:00,2024-12-31 00:00:00,Unknown,Unknown,Unknown,Unknown,National Police of Ukraine,https://www.npu.gov.ua/news/rosiiany-vbyly-piatokh-meshkantsiv-donechchyny-shche-semero-zaznaly-poranen-politseiski-dokumentuiut-voienni-zlochyny,"Donetsk Oblast, Ukraine","47.96067, 37.834438",State/Region/Province (ADM1),Origin,Displacement without preventive evacuations reported,2024-09-03T08:05:53.165434Z,"Ukraine: 3,426 displacements (evacuated), 20 August - 20 August. According to the National Police of Ukraine, 3426 people have been evacuated in Donetsk Oblast on 20 August due to military operations.",https://www.npu.gov.ua/news/rosiiany-vbyly-piatokh-meshkantsiv-donechchyny-shche-semero-zaznaly-poranen-politseiski-dokumentuiut-voienni-zlochyny,Conflict
160751.0,Ukraine,UKR,47.14571,35.73764,"[47.14571, 35.73764]",Triangulation,Conflict,more than or equal to,5,2024-08-19 00:00:00,2024-08-19 00:00:00,2024-08-19 00:00:00,2024,20827.0,Ukraine: International armed conflict (IAC)  - Countrywide - 2024,2024-01-01 00:00:00,2024-12-31 00:00:00,Unknown,Unknown,Unknown,Unknown,National Police of Ukraine,https://www.npu.gov.ua/news/za-dvi-doby-okupanty-zavdaly-704-udary-po-terytorii-zaporizkoi-oblasti-na-mistsiakh-vorozhykh-vluchan-pratsiuvala-politsiia,"Zaporizhia Oblast, Ukraine","47.14571, 35.73764",State/Region/Province (ADM1),Origin,Unknown,2024-09-04T07:32:35.493191Z,"Ukraine: 5 displacements (destroyed housing), 19 August - 19 August. According to the National Police of Ukraine, houses were destroyed in the front-line settlements of Zaporizhia Oblast on August 19 due to military operations.",https://www.npu.gov.ua/news/za-dvi-doby-okupanty-zavdaly-704-udary-po-terytorii-zaporizkoi-oblasti-na-mistsiakh-vorozhykh-vluchan-pratsiuvala-politsiia,Conflict
160582.0,Ukraine,UKR,47.96067,37.834438,"[47.96067, 37.834438]",Recommended figure,Conflict,total,3097,2024-08-19 00:00:00,2024-08-19 00:00:00,2024-08-19 00:00:00,2024,22790.0,Ukraine: International armed conflict (IAC) - Donetsk - 2024,2024-01-01 00:00:00,2024-12-31 00:00:00,Unknown,Unknown,Unknown,Unknown,National Police of Ukraine,https://www.npu.gov.ua/news/troie-zahyblykh-i-deviat-poranenykh-za-dobu-politsiia-donechchyny-dokumentuie-naslidky-rosiiskykh-udariv-po-tsyvilnomu-naselenniu,"Donetsk Oblast, Ukraine","47.96067, 37.834438",State/Region/Province (ADM1),Origin,Displacement without preventive evacuations reported,2024-09-03T08:04:22.701738Z,"Ukraine: 3,097 displacements (evacuated), 19 August - 19 August. According to the National Police of Ukraine, 3097 people have been evacuated in Donetsk Oblast on 19 August due to military operations.",https://www.npu.gov.ua/news/troie-zahyblykh-i-deviat-poranenykh-za-dobu-politsiia-donechchyny-dokumentuie-naslidky-rosiiskykh-udariv-po-tsyvilnomu-naselenniu,Conflict
160581.0,Ukraine,UKR,47.96067,37.834438,"[47.96067, 37.834438]",Recommended figure,Conflict,total,1565,2024-08-18 00:00:00,2024-08-18 00:00:00,2024-08-18 00:00:00,2024,22790.0,Ukraine: International armed conflict (IAC) - Donetsk - 2024,2024-01-01 00:00:00,2024-12-31 00:00:00,Unknown,Unknown,Unknown,Unknown,National Police of Ukraine,https://www.npu.gov.ua/news/rosiiany-obstrilialy-14-naselenykh-punktiv-donechchyny-dvoie-liudei-zahynulo-visim-zaznaly-poranen,"Donetsk Oblast, Ukraine","47.96067, 37.834438",State/Region/Province (ADM1),Origin,Displacement without preventive evacuations reported,2024-09-03T08:02:41.573142Z,"Ukraine: 1,565 displacements (evacuated), 18 August - 18 August. According to the National Police of Ukraine, 1565 people have been evacuated in Donetsk Oblast on 18 August due to military operations.",https://www.npu.gov.ua/news/rosiiany-obstrilialy-14-naselenykh-punktiv-donechchyny-dvoie-liudei-zahynulo-visim-zaznaly-poranen,Conflict
160768.0,Ukraine,UKR,49.741331,37.303282,"[49.741331, 37.303281999999996]",Triangulation,Conflict,total,4,2024-08-18 00:00:00,2024-08-18 00:00:00,2024-08-18 00:00:00,2024,20827.0,Ukraine: International armed conflict (IAC)  - Countrywide - 2024,2024-01-01 00:00:00,2024-12-31 00:00:00,Unknown,Unknown,Unknown,Unknown,National Police of Ukraine,https://www.npu.gov.ua/news/kharkivshchynu-voroh-atakuvav-dronamy-byv-z-rszv-urahan-tornado-artylerii-poranena-zhinka-slidchi-zadokumentuvaly-voienni-zlochyny-rf,"Chuhuiv Raion, Kharkiv Oblast, Ukraine; Kupiansk Raion, Kharkiv Oblast, Ukraine","49.807861, 36.772362; 49.674801, 37.834202",District/Zone/Department (ADM2); District/Zone/Department (ADM2),Origin; Origin,Displacement without preventive evacuations reported,2024-09-04T08:45:07.734852Z,"Ukraine: 4 displacements (evacuated), 18 August - 18 August. According to the National Police of Ukraine, 4 people were evacuated from Kupiansk Raion and Chuhuiv Raion on 18 August due to military operations.",https://www.npu.gov.ua/news/kharkivshchynu-voroh-atakuvav-dronamy-byv-z-rszv-urahan-tornado-artylerii-poranena-zhinka-slidchi-zadokumentuvaly-voienni-zlochyny-rf,Conflict
160765.0,Ukraine,UKR,50.138599,35.523251,"[50.138599, 35.523251]",Triangulation,Conflict,total,3,2024-08-17 00:00:00,2024-08-17 00:00:00,2024-08-17 00:00:00,2024,20827.0,Ukraine: International armed conflict (IAC)  - Countrywide - 2024,2024-01-01 00:00:00,2024-12-31 00:00:00,Unknown,Unknown,Unknown,Unknown,Regional Government,https://t.me/synegubov/10733,"Bohodukhiv Raion, Kharkiv Oblast, Ukraine","50.138599, 35.523251",District/Zone/Department (ADM2),Origin,Unknown,2024-09-04T08:43:36.087956Z,"Ukraine: 3 displacements (destroyed housing), 17 August - 17 August. According to the regional government, a house was destroyed in Bohodukhiv Raion on 17 August due to military operations.",https://t.me/synegubov/10733,Conflict
160764.0,Ukraine,UKR,49.674801,37.834202,"[49.674801, 37.834202]",Triangulation,Conflict,total,2,2024-08-17 00:00:00,2024-08-17 00:00:00,2024-08-17 00:00:00,2024,20827.0,Ukraine: International armed conflict (IAC)  - Countrywide - 2024,2024-01-01 00:00:00,2024-12-31 00:00:00,Unknown,Unknown,Unknown,Unknown,National Police of Ukraine,https://www.npu.gov.ua/news/rosiiany-byly-po-kharkivshchyni-z-rszv-artylerii-atakuvaly-dronamy-slidchi-zadokumentuvaly-naslidky-voiennykh-zlochyniv,"Kupiansk Raion, Kharkiv Oblast, Ukraine","49.674801, 37.834202",District/Zone/Department (ADM2),Origin,Displacement without preventive evacuations reported,2024-09-04T08:41:40.375056Z,"Ukraine: 2 displacements (evacuated), 17 August - 17 August. According to the National Police of Ukraine, 2 people were evacuated from Kupiansk Raion on 17 August due to military operations.",https://www.npu.gov.ua/news/rosiiany-byly-po-kharkivshchyni-z-rszv-artylerii-atakuvaly-dronamy-slidchi-zadokumentuvaly-naslidky-voiennykh-zlochyniv,Conflict
160580.0,Ukraine,UKR,47.96067,37.834438,"[47.96067, 37.834438]",Recommended figure,Conflict,total,2610,2024-08-17 00:00:00,2024-08-17 00:00:00,2024-08-17 00:00:00,2024,22790.0,Ukraine: International armed conflict (IAC) - Donetsk - 2024,2024-01-01 00:00:00,2024-12-31 00:00:00,Unknown,Unknown,Unknown,Unknown,National Police of Ukraine,https://www.npu.gov.ua/news/dvi-liudyny-zahynuly-ta-dvi-poraneni-vnaslidok-rosiiskykh-atak-na-donechchyni,"Donetsk Oblast, Ukraine","47.96067, 37.834438",State/Region/Province (ADM1),Origin,Displacement without preventive evacuations reported,2024-09-03T08:01:17.651664Z,"Ukraine: 2,610 displacements (evacuated), 17 August - 17 August. According to the National Police of Ukraine, 2610 people have been evacuated in Donetsk Oblast on 17 August due to military operations.",https://www.npu.gov.ua/news/dvi-liudyny-zahynuly-ta-dvi-poraneni-vnaslidok-rosiiskykh-atak-na-donechchyni,Conflict
160763.0,Ukraine,UKR,50.206001,37.027191,"[50.206001, 37.027191]",Triangulation,Conflict,total,3,2024-08-16 00:00:00,2024-08-16 00:00:00,2024-08-16 00:00:00,2024,20827.0,Ukraine: International armed conflict (IAC)  - Countrywide - 2024,2024-01-01 00:00:00,2024-12-31 00:00:00,Unknown,Unknown,Unknown,Unknown,National Police of Ukraine,https://www.npu.gov.ua/news/vnaslidok-vorozhykh-obstriliv-prykordonnia-kharkivshchyny-zahynula-zhinka-slidchi-zadokumentuvaly-voienni-zlochyny-rf,"Vovchansk Raion, Kharkiv Oblast, Ukraine","50.206001, 37.027191",District/Zone/Department (ADM2),Origin,Displacement without preventive evacuations reported,2024-09-04T08:39:46.546479Z,"Ukraine: 3 displacements (evacuated), 16 August - 16 August. According to the National Police of Ukraine, 3 people were evacuated from Vovchansk District on 16 August due to military operations.",https://www.npu.gov.ua/news/vnaslidok-vorozhykh-obstriliv-prykordonnia-kharkivshchyny-zahynula-zhinka-slidchi-zadokumentuvaly-voienni-zlochyny-rf,Conflict
160579.0,Ukraine,UKR,47.96067,37.834438,"[47.96067, 37.834438]",Recommended figure,Conflict,total,5876,2024-08-16 00:00:00,2024-08-16 00:00:00,2024-08-16 00:00:00,2024,22790.0,Ukraine: International armed conflict (IAC) - Donetsk - 2024,2024-01-01 00:00:00,2024-12-31 00:00:00,Unknown,Unknown,Unknown,Unknown,National Police of Ukraine,https://www.npu.gov.ua/news/troie-zahyblykh-i-piatero-poranenykh-za-dobu-politsiia-donechchyny-zadokumentuvala-zlochyny-rf-proty-tsyvilnoho-naselennia,"Donetsk Oblast, Ukraine","47.96067, 37.834438",State/Region/Province (ADM1),Origin,Displacement without preventive evacuations reported,2024-09-03T08:00:00.292077Z,"Ukraine: 5,876 displacements (evacuated), 16 August - 16 August. According to the National Police of Ukraine, 5876 people have been evacuated in Donetsk Oblast on 16 August due to military operations.",https://www.npu.gov.ua/news/troie-zahyblykh-i-piatero-poranenykh-za-dobu-politsiia-donechchyny-zadokumentuvala-zlochyny-rf-proty-tsyvilnoho-naselennia,Conflict
160761.0,Ukraine,UKR,50.234991,36.475786,"[50.234991, 36.475786]",Triangulation,Conflict,total,5,2024-08-15 00:00:00,2024-08-15 00:00:00,2024-08-15 00:00:00,2024,20827.0,Ukraine: International armed conflict (IAC)  - Countrywide - 2024,2024-01-01 00:00:00,2024-12-31 00:00:00,Unknown,Unknown,Unknown,Unknown,National Police of Ukraine,https://www.npu.gov.ua/news/cherez-vorozhi-obstrily-dvi-liudyny-zahynuly-shche-12-distaly-poranennia-slidchi-kharkivshchyny-zadokumentuvaly-naslidky-voiennykh-zlochyniv,"Vovchansk Raion, Kharkiv Oblast, Ukraine; Zolochiv Raion, Kharkiv Oblast, Ukraine","50.206001, 37.027191; 50.263981, 35.924381",District/Zone/Department (ADM2); District/Zone/Department (ADM2),Origin; Origin,Displacement without preventive evacuations reported,2024-09-04T08:38:36.856461Z,"Ukraine: 5 displacements (evacuated), 15 August - 15 August. According to the National Police of Ukraine, 5 people were evacuated from Vovchansk District and Zolochiv District on 15 August due to military operations.",https://www.npu.gov.ua/news/cherez-vorozhi-obstrily-dvi-liudyny-zahynuly-shche-12-distaly-poranennia-slidchi-kharkivshchyny-zadokumentuvaly-naslidky-voiennykh-zlochyniv,Conflict
160578.0,Ukraine,UKR,47.96067,37.834438,"[47.96067, 37.834438]",Recommended figure,Conflict,total,2417,2024-08-15 00:00:00,2024-08-15 00:00:00,2024-08-15 00:00:00,2024,22790.0,Ukraine: International armed conflict (IAC) - Donetsk - 2024,2024-01-01 00:00:00,2024-12-31 00:00:00,Unknown,Unknown,Unknown,Unknown,National Police of Ukraine,https://www.npu.gov.ua/news/okupanty-obstrilialy-visim-naselenykh-punktiv-donechchyny-zahynulo-dvoie-myrnykh-meshkantsiv-politsiia-dokumentuie-naslidky,"Donetsk Oblast, Ukraine","47.96067, 37.834438",State/Region/Province (ADM1),Origin,Displacement without preventive evacuations reported,2024-09-03T07:58:22.636126Z,"Ukraine: 2,417 displacements (evacuated), 15 August - 15 August. According to the National Police of Ukraine, 2417 people have been evacuated in Donetsk Oblast on 15 August due to military operations.",https://www.npu.gov.ua/news/okupanty-obstrilialy-visim-naselenykh-punktiv-donechchyny-zahynulo-dvoie-myrnykh-meshkantsiv-politsiia-dokumentuie-naslidky,Conflict
160759.0,Ukraine,UKR,49.9067,36.6787265,"[49.9067, 36.678726499999996]",Triangulation,Conflict,total,15,2024-08-14 00:00:00,2024-08-14 00:00:00,2024-08-14 00:00:00,2024,20827.0,Ukraine: International armed conflict (IAC)  - Countrywide - 2024,2024-01-01 00:00:00,2024-12-31 00:00:00,Unknown,Unknown,Unknown,Unknown,National Police of Ukraine,https://www.npu.gov.ua/news/na-kharkivshchyni-cherez-vorozhi-obstrily-odna-liudyna-zahynula-shche-troie-poraneni-slidchi-zadokumentuvaly-naslidky-voiennykh-zlochyniv,"Bohodukhiv Raion, Kharkiv Oblast, Ukraine; Kupiansk Raion, Kharkiv Oblast, Ukraine","50.138599, 35.523251; 49.674801, 37.834202",District/Zone/Department (ADM2); District/Zone/Department (ADM2),Origin; Origin,Displacement without preventive evacuations reported,2024-09-04T08:36:42.993933Z,"Ukraine: 15 displacements (evacuated), 14 August - 14 August. According to the National Police of Ukraine, 15 people were evacuated in Bohodukhiv District, Kupiansk District on 14 August due to military operations.",https://www.npu.gov.ua/news/na-kharkivshchyni-cherez-vorozhi-obstrily-odna-liudyna-zahynula-shche-troie-poraneni-slidchi-zadokumentuvaly-naslidky-voiennykh-zlochyniv,Conflict
160577.0,Ukraine,UKR,47.96067,37.834438,"[47.96067, 37.834438]",Recommended figure,Conflict,total,1871,2024-08-14 00:00:00,2024-08-14 00:00:00,2024-08-14 00:00:00,2024,22790.0,Ukraine: International armed conflict (IAC) - Donetsk - 2024,2024-01-01 00:00:00,2024-12-31 00:00:00,Unknown,Unknown,Unknown,Unknown,National Police of Ukraine,https://www.npu.gov.ua/news/odna-liudyna-zahynula-ta-dvoie-zaznaly-poranen-politsiia-donechchyny-zadokumentuvala-naslidky-vorozhykh-atak-za-dobu,"Donetsk Oblast, Ukraine","47.96067, 37.834438",State/Region/Province (ADM1),Origin,Displacement without preventive evacuations reported,2024-09-03T07:53:52.195663Z,"Ukraine: 1,871 displacements (evacuated), 14 August - 14 August. According to the National Police of Ukraine, 1871 people have been evacuated in Donetsk Oblast on 14 August due to military operations.",https://www.npu.gov.ua/news/odna-liudyna-zahynula-ta-dvoie-zaznaly-poranen-politsiia-donechchyny-zadokumentuvala-naslidky-vorozhykh-atak-za-dobu,Conflict
158464.0,Ukraine,UKR,47.96067,37.834438,"[47.96067, 37.834438]",Recommended figure,Conflict,total,1839,2024-08-13 00:00:00,2024-08-13 00:00:00,2024-08-13 00:00:00,2024,22790.0,Ukraine: International armed conflict (IAC) - Donetsk - 2024,2024-01-01 00:00:00,2024-12-31 00:00:00,Unknown,Unknown,Unknown,Unknown,National Police of Ukraine,https://www.npu.gov.ua/news/viiska-rf-vbyly-na-donechchyni-chotyrokh-liudei-i-chotyrokh-poranyly,"Donetsk Oblast, Ukraine","47.96067, 37.834438",State/Region/Province (ADM1),Origin,Displacement without preventive evacuations reported,2024-08-13T13:16:25.447758Z,"Ukraine: 1,839 displacements (evacuated), 13 August - 13 August. According to the National Police of Ukraine, 1,839 people have been evacuated in Donetsk Oblast on 13 August due to military operations.",https://www.npu.gov.ua/news/viiska-rf-vbyly-na-donechchyni-chotyrokh-liudei-i-chotyrokh-poranyly,Conflict
160747.0,Ukraine,UKR,46.678699,33.35677,"[46.678699, 33.35677]",Recommended figure,Conflict,more than or equal to,5,2024-08-13 00:00:00,2024-08-13 00:00:00,2024-08-13 00:00:00,2024,20827.0,Ukraine: International armed conflict (IAC)  - Countrywide - 2024,2024-01-01 00:00:00,2024-12-31 00:00:00,Unknown,Unknown,Unknown,Unknown,State Emergency Service of Ukraine (SESU),https://t.me/dsns_telegram/31117,"Kherson Oblast, Ukraine","46.678699, 33.35677",State/Region/Province (ADM1),Origin,Unknown,2024-09-04T06:58:19.760875Z,"Ukraine: 5 displacements (destroyed housing), 13 August - 13 August. According to the State Emergency Service of Ukraine (SESU), residential buildings were destroyed in Kherson Oblast on August 13 due to military operations.",https://t.me/dsns_telegram/31117,Conflict
160758.0,Ukraine,UKR,49.495609,36.663502,"[49.495609, 36.663502]",Triangulation,Conflict,total,58,2024-08-13 00:00:00,2024-08-13 00:00:00,2024-08-13 00:00:00,2024,20827.0,Ukraine: International armed conflict (IAC)  - Countrywide - 2024,2024-01-01 00:00:00,2024-12-31 00:00:00,Unknown,Unknown,Unknown,Unknown,Regional Government,https://t.me/synegubov/10711,"Kharkiv Oblast, Ukraine","49.495609, 36.663502",State/Region/Province (ADM1),Origin,Displacement without preventive evacuations reported,2024-09-04T08:32:45.099918Z,"Ukraine: 58 displacements (evacuated), 13 August - 13 August. According to the regional government, 58 people were evacuated in Kharkiv Oblast on 13 August due to military operations.",https://t.me/synegubov/10711,Conflict
158463.0,Ukraine,UKR,47.96067,37.834438,"[47.96067, 37.834438]",Recommended figure,Conflict,total,1201,2024-08-12 00:00:00,2024-08-12 00:00:00,2024-08-12 00:00:00,2024,22790.0,Ukraine: International armed conflict (IAC) - Donetsk - 2024,2024-01-01 00:00:00,2024-12-31 00:00:00,Unknown,Unknown,Unknown,Unknown,National Police of Ukraine,https://www.npu.gov.ua/news/politsiia-donechchyny-zafiksuvala-2820-rosiiskykh-udariv-za-dobu-poraneno-10-myrnykh-zhyteliv,"Donetsk Oblast, Ukraine","47.96067, 37.834438",State/Region/Province (ADM1),Origin,Displacement without preventive evacuations reported,2024-08-13T13:14:52.173097Z,"Ukraine: 1,201 displacements (evacuated), 12 August - 12 August. According to the National Police of Ukraine, 1,201 people have been evacuated in Donetsk Oblast on 12 August due to military operations.",https://www.npu.gov.ua/news/politsiia-donechchyny-zafiksuvala-2820-rosiiskykh-udariv-za-dobu-poraneno-10-myrnykh-zhyteliv,Conflict
158473.0,Ukraine,UKR,50.138599,35.523251,"[50.138599, 35.523251]",Triangulation,Conflict,less than or equal to,55,2024-08-12 00:00:00,2024-08-12 00:00:00,2024-08-12 00:00:00,2024,20827.0,Ukraine: International armed conflict (IAC)  - Countrywide - 2024,2024-01-01 00:00:00,2024-12-31 00:00:00,Unknown,Unknown,Unknown,Unknown,Regional Government,https://t.me/synegubov/10707,"Bohodukhiv Raion, Kharkiv Oblast, Ukraine","50.138599, 35.523251",District/Zone/Department (ADM2),Origin,Displacement without preventive evacuations reported,2024-08-13T13:40:42.108679Z,"Ukraine: 55 displacements (evacuated), 12 August - 12 August. According to the regional government, 55 people were evacuated from Kharkiv Oblast on August 12 due to military operations.",https://t.me/synegubov/10707,Conflict
158468.0,Ukraine,UKR,49.741331,37.303282,"[49.741331, 37.303281999999996]",Triangulation,Conflict,total,8,2024-08-11 00:00:00,2024-08-11 00:00:00,2024-08-11 00:00:00,2024,20827.0,Ukraine: International armed conflict (IAC)  - Countrywide - 2024,2024-01-01 00:00:00,2024-12-31 00:00:00,Unknown,Unknown,Unknown,Unknown,National Police of Ukraine,https://www.npu.gov.ua/news/vnaslidok-vorozhykh-obstriliv-prykordonnia-kharkivshchyny-postrazhdav-tsyvilnyi-cholovik-slidchi-zadokumentuvaly-voienni-zlochyny,"Chuhuiv Raion, Kharkiv Oblast, Ukraine; Kupiansk Raion, Kharkiv Oblast, Ukraine","49.807861, 36.772362; 49.674801, 37.834202",District/Zone/Department (ADM2); District/Zone/Department (ADM2),Origin; Origin,Displacement without preventive evacuations reported,2024-08-13T13:30:05.829240Z,"Ukraine: 8 displacements (evacuated), 11 August - 11 August. According to the National Police of Ukraine, 8 people were evacuated from Chuhuiv Raion and Kupiansk Raion (Kharkiv Oblast) on August 11 due to military operations.",https://www.npu.gov.ua/news/vnaslidok-vorozhykh-obstriliv-prykordonnia-kharkivshchyny-postrazhdav-tsyvilnyi-cholovik-slidchi-zadokumentuvaly-voienni-zlochyny,Conflict
158462.0,Ukraine,UKR,47.96067,37.834438,"[47.96067, 37.834438]",Recommended figure,Conflict,total,1177,2024-08-11 00:00:00,2024-08-11 00:00:00,2024-08-11 00:00:00,2024,22790.0,Ukraine: International armed conflict (IAC) - Donetsk - 2024,2024-01-01 00:00:00,2024-12-31 00:00:00,Unknown,Unknown,Unknown,Unknown,National Police of Ukraine,https://www.npu.gov.ua/news/aviaudar-po-hrodivtsi-ekipazh-bilyi-ianhol-pryishov-na-poriatunok-poranenym-liudiam,"Donetsk Oblast, Ukraine","47.96067, 37.834438",State/Region/Province (ADM1),Origin,Displacement without preventive evacuations reported,2024-08-13T13:13:29.232678Z,"Ukraine: 1,177 displacements (evacuated), 11 August - 11 August. According to the National Police of Ukraine, 1,177 people have been evacuated in Donetsk Oblast on 11 August due to military operations.",https://www.npu.gov.ua/news/aviaudar-po-hrodivtsi-ekipazh-bilyi-ianhol-pryishov-na-poriatunok-poranenym-liudiam,Conflict
158461.0,Ukraine,UKR,47.96067,37.834438,"[47.96067, 37.834438]",Recommended figure,Conflict,total,1661,2024-08-10 00:00:00,2024-08-10 00:00:00,2024-08-10 00:00:00,2024,22790.0,Ukraine: International armed conflict (IAC) - Donetsk - 2024,2024-01-01 00:00:00,2024-12-31 00:00:00,Unknown,Unknown,Unknown,Unknown,National Police of Ukraine,https://www.npu.gov.ua/news/14-zahyblykh-i-42-poranenykh-myrnykh-meshkantsiv-politsiia-donechchyny-zadokumentuvala-zlochyny-rosii-proty-tsyvilnoho-naselennia,"Donetsk Oblast, Ukraine","47.96067, 37.834438",State/Region/Province (ADM1),Origin,Displacement without preventive evacuations reported,2024-08-13T13:12:09.543957Z,"Ukraine: 1,661 displacements (evacuated), 10 August - 10 August. According to the National Police of Ukraine, 1,661 people have been evacuated in Donetsk Oblast on 10 August due to military operations.",https://www.npu.gov.ua/news/14-zahyblykh-i-42-poranenykh-myrnykh-meshkantsiv-politsiia-donechchyny-zadokumentuvala-zlochyny-rosii-proty-tsyvilnoho-naselennia,Conflict
158465.0,Ukraine,UKR,46.864578,33.583488,"[46.864578, 33.583488]",Triangulation,Conflict,total,3,2024-08-10 00:00:00,2024-08-10 00:00:00,2024-08-10 00:00:00,2024,20827.0,Ukraine: International armed conflict (IAC)  - Countrywide - 2024,2024-01-01 00:00:00,2024-12-31 00:00:00,Unknown,Unknown,Unknown,Unknown,National Police of Ukraine,https://www.npu.gov.ua/news/na-khersonshchyni-cherez-rosiiski-obstrily-poshkodzheno-27-obiektiv-zahynula-odna-liudyna-ta-shche-piat-otrymaly-poranennia-politsiia-fiksuie-naslidky,"Zmiivka, Beryslav Raion, Kherson Oblast, Ukraine","46.864578, 33.583488",County/City/town/Village/Woreda (ADM3),Origin,Unknown,2024-08-13T13:18:55.561566Z,"Ukraine: 3 displacements (destroyed housing), 10 August - 10 August. According to the National Police of Ukraine, a house was destroyed in Zmiivka (Kherson Oblast) on August 10 due to military operations.",https://www.npu.gov.ua/news/na-khersonshchyni-cherez-rosiiski-obstrily-poshkodzheno-27-obiektiv-zahynula-odna-liudyna-ta-shche-piat-otrymaly-poranennia-politsiia-fiksuie-naslidky,Conflict
158467.0,Ukraine,UKR,49.807861,36.772362,"[49.807861, 36.772362]",Triangulation,Conflict,total,11,2024-08-10 00:00:00,2024-08-10 00:00:00,2024-08-10 00:00:00,2024,20827.0,Ukraine: International armed conflict (IAC)  - Countrywide - 2024,2024-01-01 00:00:00,2024-12-31 00:00:00,Unknown,Unknown,Unknown,Unknown,National Police of Ukraine,https://www.npu.gov.ua/news/viiskovi-rf-zavdavaly-udary-po-kharkivshchyni-z-riznoho-vydu-ozbroiennia-zahynuv-cholovik-slidchi-zadokumentuvaly-naslidky-voiennykh-zlochyniv,"Chuhuiv Raion, Kharkiv Oblast, Ukraine","49.807861, 36.772362",District/Zone/Department (ADM2),Origin,Displacement without preventive evacuations reported,2024-08-13T13:28:04.999395Z,"Ukraine: 11 displacements (evacuated), 10 August - 10 August. According to the National Police of Ukraine, 11 people were evacuated from Chuhuiv Raion on August 10 due to military operations.",https://www.npu.gov.ua/news/viiskovi-rf-zavdavaly-udary-po-kharkivshchyni-z-riznoho-vydu-ozbroiennia-zahynuv-cholovik-slidchi-zadokumentuvaly-naslidky-voiennykh-zlochyniv,Conflict
158008.0,Ukraine,UKR,47.96067,37.834438,"[47.96067, 37.834438]",Recommended figure,Conflict,total,617,2024-08-09 00:00:00,2024-08-09 00:00:00,2024-08-09 00:00:00,2024,22790.0,Ukraine: International armed conflict (IAC) - Donetsk - 2024,2024-01-01 00:00:00,2024-12-31 00:00:00,Unknown,Unknown,Unknown,Unknown,National Police of Ukraine,https://www.npu.gov.ua/news/rosiiany-vbyly-chotyrokh-zhyteliv-donechchyny-shche-12-liudei-zaznaly-poranen-zokrema-dytyna,"Donetsk Oblast, Ukraine","47.96067, 37.834438",State/Region/Province (ADM1),Origin,Displacement without preventive evacuations reported,2024-08-09T09:14:21.929197Z,"Ukraine: 617 displacements (evacuated), 09 August - 09 August. According to the National Police of Ukraine, 617 people have been evacuated in Donetsk Oblast on 09 August due to military operations.",https://www.npu.gov.ua/news/rosiiany-vbyly-chotyrokh-zhyteliv-donechchyny-shche-12-liudei-zaznaly-poranen-zokrema-dytyna,Conflict
158466.0,Ukraine,UKR,49.98539,35.448761,"[49.98539, 35.448761]",Recommended figure,Conflict,total,3,2024-08-09 00:00:00,2024-08-09 00:00:00,2024-08-09 00:00:00,2024,24004.0,Ukraine: International armed conflict (IAC) - Kharkiv Oblast - 10/05/2024,2024-05-10 00:00:00,2024-06-17 00:00:00,Unknown,Unknown,Unknown,Unknown,National Police of Ukraine,https://www.npu.gov.ua/news/vnaslidok-rosiiskykh-obstriliv-kharkivshchyny-ie-zahybli-ta-poraneni-slidchi-zadokumentuvaly-naslidky-voiennykh-zlochyniv-rf,"Pershotravneve, Bohodukhiv Raion, Kharkiv Oblast, Ukraine","49.98539, 35.448761",County/City/town/Village/Woreda (ADM3),Origin,Unknown,2024-08-13T13:26:02.467409Z,"Ukraine: 3 displacements (destroyed housing), 09 August - 09 August. According to the National Police of Ukraine, a house was destroyed in Pershotravneve on August 9 due to military operations.",https://www.npu.gov.ua/news/vnaslidok-rosiiskykh-obstriliv-kharkivshchyny-ie-zahybli-ta-poraneni-slidchi-zadokumentuvaly-naslidky-voiennykh-zlochyniv-rf,Conflict
158469.0,Ukraine,UKR,49.383808,37.633011,"[49.383808, 37.633011]",Triangulation,Conflict,total,3,2024-08-09 00:00:00,2024-08-09 00:00:00,2024-08-09 00:00:00,2024,20827.0,Ukraine: International armed conflict (IAC)  - Countrywide - 2024,2024-01-01 00:00:00,2024-12-31 00:00:00,Unknown,Unknown,Unknown,Unknown,Regional Government,https://t.me/synegubov/10672,"Borova, Borova Raion, Kharkiv Oblast, Ukraine","49.383808, 37.633011",County/City/town/Village/Woreda (ADM3),Origin,Unknown,2024-08-13T13:32:38.675755Z,"Ukraine: 3 displacements (destroyed housing), 09 August - 09 August. According to the regional government, a house was destroyed in Borova (Kharkiv Oblast) on August 9 due to military operations.",https://t.me/synegubov/10672,Conflict
160750.0,Ukraine,UKR,51.237358,33.808262,"[51.237358, 33.808262]",Recommended figure,Conflict,more than or equal to,15000,2024-08-30 00:00:00,2024-08-08 00:00:00,2024-08-30 00:00:00,2024,20827.0,Ukraine: International armed conflict (IAC)  - Countrywide - 2024,2024-01-01 00:00:00,2024-12-31 00:00:00,Unknown,Unknown,Unknown,Unknown,Regional Government,https://t.me/Sumy_news_ODA/29384,"Sumy Oblast, Ukraine","51.237358, 33.808262",State/Region/Province (ADM1),Origin,Displacement without preventive evacuations reported,2024-09-04T07:27:33.361759Z,"Ukraine: 15,000 displacements (evacuated), 08 August - 30 August. According to the regional government, a total of more than 21,000 people have been evacuated from the border areas of Sumy Oblast between 7 and 30 August. Taking into account previous updates, this means that over 15,000 people have been evacuated from the border areas between August 8 and 30.",https://t.me/Sumy_news_ODA/29384,Conflict
157918.0,Ukraine,UKR,47.96067,37.834438,"[47.96067, 37.834438]",Recommended figure,Conflict,total,944,2024-08-08 00:00:00,2024-08-08 00:00:00,2024-08-08 00:00:00,2024,22790.0,Ukraine: International armed conflict (IAC) - Donetsk - 2024,2024-01-01 00:00:00,2024-12-31 00:00:00,Unknown,Unknown,Unknown,Unknown,National Police of Ukraine,https://www.npu.gov.ua/news/okupanty-vbyly-dvokh-myrnykh-meshkantsiv-donechchyny-shche-chetvero-zaznaly-poranen-politsiia-zadokumentuvala-naslidky-obstriliv,"Donetsk Oblast, Ukraine","47.96067, 37.834438",State/Region/Province (ADM1),Origin,Displacement without preventive evacuations reported,2024-08-08T12:47:03.693037Z,"Ukraine: 944 displacements (evacuated), 08 August - 08 August. According to the National Police of Ukraine, 944 people have been evacuated in Donetsk Oblast on 08 August due to military operations.",https://www.npu.gov.ua/news/okupanty-vbyly-dvokh-myrnykh-meshkantsiv-donechchyny-shche-chetvero-zaznaly-poranen-politsiia-zadokumentuvala-naslidky-obstriliv,Conflict
157936.0,Ukraine,UKR,49.674801,37.834202,"[49.674801, 37.834202]",Triangulation,Conflict,total,4,2024-08-07 00:00:00,2024-08-07 00:00:00,2024-08-07 00:00:00,2024,20827.0,Ukraine: International armed conflict (IAC)  - Countrywide - 2024,2024-01-01 00:00:00,2024-12-31 00:00:00,Unknown,Unknown,Unknown,Unknown,National Police of Ukraine,https://www.npu.gov.ua/news/mynuloi-doby-rosiiany-obstriliuvaly-meshkantsiv-prykordonnia-kharkivshchyny-z-riznykh-vydiv-ozbroiennia-slidchi-zadokumentuvaly-naslidky-voiennykh-zlochyniv-rf,"Kupiansk Raion, Kharkiv Oblast, Ukraine","49.674801, 37.834202",District/Zone/Department (ADM2),Origin,Displacement without preventive evacuations reported,2024-08-08T14:19:24.661933Z,"Ukraine: 4 displacements (evacuated), 07 August - 07 August. According to the National Police of Ukraine, 4 people were evacuated from Kupiansk Raion on August 7 due to military operations.",https://www.npu.gov.ua/news/mynuloi-doby-rosiiany-obstriliuvaly-meshkantsiv-prykordonnia-kharkivshchyny-z-riznykh-vydiv-ozbroiennia-slidchi-zadokumentuvaly-naslidky-voiennykh-zlochyniv-rf,Conflict
157917.0,Ukraine,UKR,47.96067,37.834438,"[47.96067, 37.834438]",Recommended figure,Conflict,total,625,2024-08-07 00:00:00,2024-08-07 00:00:00,2024-08-07 00:00:00,2024,22790.0,Ukraine: International armed conflict (IAC) - Donetsk - 2024,2024-01-01 00:00:00,2024-12-31 00:00:00,Unknown,Unknown,Unknown,Unknown,National Police of Ukraine,https://www.npu.gov.ua/news/voroh-nakryv-vohnem-12-naselenykh-punktiv-donechchyny-poraneno-12-liudei-politsiia-zafiksuvala-naslidky-vorozhykh-atak,"Donetsk Oblast, Ukraine","47.96067, 37.834438",State/Region/Province (ADM1),Origin,Displacement without preventive evacuations reported,2024-08-08T12:45:52.642000Z,"Ukraine: 625 displacements (evacuated), 07 August - 07 August. According to the National Police of Ukraine, 625 people have been evacuated in Donetsk Oblast on 07 August due to military operations.",https://www.npu.gov.ua/news/voroh-nakryv-vohnem-12-naselenykh-punktiv-donechchyny-poraneno-12-liudei-politsiia-zafiksuvala-naslidky-vorozhykh-atak,Conflict
157923.0,Ukraine,UKR,51.237358,33.808262,"[51.237358, 33.808262]",Recommended figure,Conflict,approximately,6000,2024-08-07 00:00:00,2024-08-07 00:00:00,2024-08-07 00:00:00,2024,20827.0,Ukraine: International armed conflict (IAC)  - Countrywide - 2024,2024-01-01 00:00:00,2024-12-31 00:00:00,Unknown,Unknown,Unknown,Unknown,Regional Government,https://minre.gov.ua/2024/08/07/na-sumshhyni-rozpochato-obovyazkovu-evakuacziyu-z-naselenyh-punktiv-5-gromad/,"Sumy Oblast, Ukraine","51.237358, 33.808262",State/Region/Province (ADM1),Origin,Displacement without preventive evacuations reported,2024-08-08T13:33:19.550758Z,"Ukraine: 6,000 displacements (evacuated), 07 August - 07 August. According to the regional government, approximately 6,000 people have been ordered to evacuate from 23 settlements of Sumy Oblast on August 7 due to military operations.",https://minre.gov.ua/2024/08/07/na-sumshhyni-rozpochato-obovyazkovu-evakuacziyu-z-naselenyh-punktiv-5-gromad/,Conflict
157919.0,Ukraine,UKR,50.355141,31.42798,"[50.355141, 31.42798]",Recommended figure,Conflict,more than or equal to,5,2024-08-07 00:00:00,2024-08-06 00:00:00,2024-08-07 00:00:00,2024,20827.0,Ukraine: International armed conflict (IAC)  - Countrywide - 2024,2024-01-01 00:00:00,2024-12-31 00:00:00,Unknown,Unknown,Unknown,Unknown,National Police of Ukraine,https://www.npu.gov.ua/news/vnaslidok-vorozhoi-ataky-bpla-na-kyivshchyni-postrazhdala-zhinka-politseiski-fiksuiut-voienni-zlochyny-rf,"Kyiv Oblast, Ukraine","50.355141, 31.42798",State/Region/Province (ADM1),Origin,Unknown,2024-08-08T12:50:16.529375Z,"Ukraine: 5 displacements (destroyed housing), 06 August - 07 August. According to the National Police of Ukraine, houses were destroyed in Kyiv Oblast between August 6 and 7 due to military operations.",https://www.npu.gov.ua/news/vnaslidok-vorozhoi-ataky-bpla-na-kyivshchyni-postrazhdala-zhinka-politseiski-fiksuiut-voienni-zlochyny-rf,Conflict
157920.0,Ukraine,UKR,47.72633,34.413109,"[47.72633, 34.413109]",Recommended figure,Conflict,more than or equal to,5,2024-08-06 00:00:00,2024-08-06 00:00:00,2024-08-06 00:00:00,2024,20827.0,Ukraine: International armed conflict (IAC)  - Countrywide - 2024,2024-01-01 00:00:00,2024-12-31 00:00:00,Unknown,Unknown,Unknown,Unknown,National Police of Ukraine,https://www.npu.gov.ua/news/u-nikopolskomu-raioni-cherez-rosiiski-obstrily-postrazhdaly-liudy-politseiski-dokumentuiut-voienni-zlochyny-okupantiv,"Nikopol Raion, Dnipropetrovsk Oblast, Ukraine","47.72633, 34.413109",District/Zone/Department (ADM2),Origin,Unknown,2024-08-08T12:53:37.644100Z,"Ukraine: 5 displacements (destroyed housing), 06 August - 06 August. According to the National Police, several houses were destroyed in Nikopol Raion (Dnipropetrovsk Oblast) on August 6 due to military operations.",https://www.npu.gov.ua/news/u-nikopolskomu-raioni-cherez-rosiiski-obstrily-postrazhdaly-liudy-politseiski-dokumentuiut-voienni-zlochyny-okupantiv,Conflict
157916.0,Ukraine,UKR,47.96067,37.834438,"[47.96067, 37.834438]",Recommended figure,Conflict,total,610,2024-08-06 00:00:00,2024-08-06 00:00:00,2024-08-06 00:00:00,2024,22790.0,Ukraine: International armed conflict (IAC) - Donetsk - 2024,2024-01-01 00:00:00,2024-12-31 00:00:00,Unknown,Unknown,Unknown,Unknown,National Police of Ukraine,https://www.npu.gov.ua/news/odna-liudyna-zahynula-dvoie-zaznaly-poranen-politseiski-donechchyny-zadokumentuvaly-naslidky-rosiiskoi-ahresii,"Donetsk Oblast, Ukraine","47.96067, 37.834438",State/Region/Province (ADM1),Origin,Displacement without preventive evacuations reported,2024-08-08T12:44:28.918367Z,"Ukraine: 610 displacements (evacuated), 06 August - 06 August. According to the National Police of Ukraine, 610 people have been evacuated in Donetsk Oblast on 06 August due to military operations.",https://www.npu.gov.ua/news/odna-liudyna-zahynula-dvoie-zaznaly-poranen-politseiski-donechchyny-zadokumentuvaly-naslidky-rosiiskoi-ahresii,Conflict
157915.0,Ukraine,UKR,47.96067,37.834438,"[47.96067, 37.834438]",Recommended figure,Conflict,total,256,2024-08-05 00:00:00,2024-08-05 00:00:00,2024-08-05 00:00:00,2024,22790.0,Ukraine: International armed conflict (IAC) - Donetsk - 2024,2024-01-01 00:00:00,2024-12-31 00:00:00,Unknown,Unknown,Unknown,Unknown,National Police of Ukraine,https://www.npu.gov.ua/news/odna-liudyna-zahynula-ta-troie-otrymaly-poranennia-politsiia-donechchyny-dokumentuie-voienni-zlochyny-rf,"Donetsk Oblast, Ukraine","47.96067, 37.834438",State/Region/Province (ADM1),Origin,Displacement without preventive evacuations reported,2024-08-08T12:43:19.390292Z,"Ukraine: 256 displacements (evacuated), 05 August - 05 August. According to the National Police of Ukraine, 256 people have been evacuated in Donetsk Oblast on 05 August due to military operations.",https://www.npu.gov.ua/news/odna-liudyna-zahynula-ta-troie-otrymaly-poranennia-politsiia-donechchyny-dokumentuie-voienni-zlochyny-rf,Conflict
157914.0,Ukraine,UKR,47.96067,37.834438,"[47.96067, 37.834438]",Recommended figure,Conflict,total,123,2024-08-04 00:00:00,2024-08-04 00:00:00,2024-08-04 00:00:00,2024,22790.0,Ukraine: International armed conflict (IAC) - Donetsk - 2024,2024-01-01 00:00:00,2024-12-31 00:00:00,Unknown,Unknown,Unknown,Unknown,National Police of Ukraine,https://www.npu.gov.ua/news/odna-liudyna-zahynula-ta-chetvero-zaznaly-poranen-cherez-rosiiski-obstrily-na-donechchyni,"Donetsk Oblast, Ukraine","47.96067, 37.834438",State/Region/Province (ADM1),Origin,Displacement without preventive evacuations reported,2024-08-08T12:41:40.015564Z,"Ukraine: 123 displacements (evacuated), 04 August - 04 August. According to the National Police of Ukraine, 123 people have been evacuated in Donetsk Oblast on 04 August due to military operations.",https://www.npu.gov.ua/news/odna-liudyna-zahynula-ta-chetvero-zaznaly-poranen-cherez-rosiiski-obstrily-na-donechchyni,Conflict
157934.0,Ukraine,UKR,50.204561,36.7247505,"[50.204561, 36.7247505]",Triangulation,Conflict,total,7,2024-08-03 00:00:00,2024-08-03 00:00:00,2024-08-03 00:00:00,2024,20827.0,Ukraine: International armed conflict (IAC)  - Countrywide - 2024,2024-01-01 00:00:00,2024-12-31 00:00:00,Unknown,Unknown,Unknown,Unknown,National Police of Ukraine,https://www.npu.gov.ua/news/rosiiany-prodovzhuiut-shchodenni-obstrily-prykordonnia-kharkivshchyny-slidchi-zadokumentuvaly-naslidky-voiennykh-zlochyniv,"Lyptsi, Kharkiv Raion, Kharkiv Oblast, Ukraine; Vovchansk Raion, Kharkiv Oblast, Ukraine","50.203121, 36.42231; 50.206001, 37.027191",County/City/town/Village/Woreda (ADM3); District/Zone/Department (ADM2),Origin; Origin,Displacement without preventive evacuations reported,2024-08-08T14:15:27.045861Z,"Ukraine: 7 displacements (evacuated), 03 August - 03 August. According to the National Police of Ukraine, 7 people were evacuated from the Lyptsi and Vovchansk communities on August 3 due to military operations.",https://www.npu.gov.ua/news/rosiiany-prodovzhuiut-shchodenni-obstrily-prykordonnia-kharkivshchyny-slidchi-zadokumentuvaly-naslidky-voiennykh-zlochyniv,Conflict
157922.0,Ukraine,UKR,46.678699,33.35677,"[46.678699, 33.35677]",Recommended figure,Conflict,total,3,2024-08-03 00:00:00,2024-08-03 00:00:00,2024-08-03 00:00:00,2024,20827.0,Ukraine: International armed conflict (IAC)  - Countrywide - 2024,2024-01-01 00:00:00,2024-12-31 00:00:00,Unknown,Unknown,Unknown,Unknown,State Emergency Service of Ukraine (SESU),https://t.me/minre_ua/6368,"Kherson Oblast, Ukraine","46.678699, 33.35677",State/Region/Province (ADM1),Origin,Displacement without preventive evacuations reported,2024-08-08T13:11:05.173598Z,"Ukraine: 3 displacements (evacuated), 03 August - 03 August. According to the State Emergency Service of Ukraine (SESU), 3 people were evacuated from a village in Kherson Oblast on August 3 due to military operations.",https://t.me/minre_ua/6368,Conflict
157932.0,Ukraine,UKR,49.769779,37.586632,"[49.769779, 37.586632]",Triangulation,Conflict,total,2,2024-08-03 00:00:00,2024-08-03 00:00:00,2024-08-03 00:00:00,2024,20827.0,Ukraine: International armed conflict (IAC)  - Countrywide - 2024,2024-01-01 00:00:00,2024-12-31 00:00:00,Unknown,Unknown,Unknown,Unknown,National Police of Ukraine,https://www.npu.gov.ua/news/na-kharkivshchyni-politsiia-razom-z-volonteramy-evakuiuie-mistsevykh-meshkantsiv-z-kindrashivskoi-hromady-kupianskoho-raionu,"Kindrashivka, Kupiansk Raion, Kharkiv Oblast, Ukraine","49.769779, 37.586632",County/City/town/Village/Woreda (ADM3),Origin,Displacement without preventive evacuations reported,2024-08-08T14:10:26.442143Z,"Ukraine: 2 displacements (evacuated), 03 August - 03 August. According to the National Police of Ukraine, 2 people were evacuated from Kindrashivka in Kharkiv Oblast on August 3 due to military operations.",https://www.npu.gov.ua/news/na-kharkivshchyni-politsiia-razom-z-volonteramy-evakuiuie-mistsevykh-meshkantsiv-z-kindrashivskoi-hromady-kupianskoho-raionu,Conflict
157933.0,Ukraine,UKR,50.39336,35.824749,"[50.39336, 35.824749]",Triangulation,Conflict,total,3,2024-08-03 00:00:00,2024-08-03 00:00:00,2024-08-03 00:00:00,2024,20827.0,Ukraine: International armed conflict (IAC)  - Countrywide - 2024,2024-01-01 00:00:00,2024-12-31 00:00:00,Unknown,Unknown,Unknown,Unknown,National Police of Ukraine,https://www.npu.gov.ua/news/mynuloi-doby-rosiiany-vdaryly-po-kharkivshchyni-artyleriieiu-kabamy-dronamy-rszv-slidchi-zadokumentuvaly-voienni-zlochyny-proty-tsyvilnoho-naselennia,"Ivashky, Zolochiv Raion, Kharkiv Oblast, Ukraine","50.39336, 35.824749",County/City/town/Village/Woreda (ADM3),Origin,Unknown,2024-08-08T14:12:30.522910Z,"Ukraine: 3 displacements (destroyed housing), 03 August - 03 August. According to the National Police of Ukraine, a house was destroyed in Ivashky (Kharkiv Oblast) on August 3 due to military operations.",https://www.npu.gov.ua/news/mynuloi-doby-rosiiany-vdaryly-po-kharkivshchyni-artyleriieiu-kabamy-dronamy-rszv-slidchi-zadokumentuvaly-voienni-zlochyny-proty-tsyvilnoho-naselennia,Conflict
157913.0,Ukraine,UKR,47.96067,37.834438,"[47.96067, 37.834438]",Recommended figure,Conflict,total,3323,2024-08-03 00:00:00,2024-08-03 00:00:00,2024-08-03 00:00:00,2024,22790.0,Ukraine: International armed conflict (IAC) - Donetsk - 2024,2024-01-01 00:00:00,2024-12-31 00:00:00,Unknown,Unknown,Unknown,Unknown,National Police of Ukraine,https://www.npu.gov.ua/news/troie-zahyblykh-i-visim-poranenykh-tsyvilnykh-liudei-zokrema-dvoie-ditei-politsiia-donechchyny-zadokumentuvala-zlochyny-rosii,"Donetsk Oblast, Ukraine","47.96067, 37.834438",State/Region/Province (ADM1),Origin,Displacement without preventive evacuations reported,2024-08-08T12:40:29.247952Z,"Ukraine: 3,323 displacements (evacuated), 03 August - 03 August. According to the National Police of Ukraine, 3,323 people have been evacuated in Donetsk Oblast on 03 August due to military operations.",https://www.npu.gov.ua/news/troie-zahyblykh-i-visim-poranenykh-tsyvilnykh-liudei-zokrema-dvoie-ditei-politsiia-donechchyny-zadokumentuvala-zlochyny-rosii,Conflict
157928.0,Ukraine,UKR,49.709961,37.621769,"[49.709961, 37.621769]",Triangulation,Conflict,total,4,2024-08-02 00:00:00,2024-08-02 00:00:00,2024-08-02 00:00:00,2024,20827.0,Ukraine: International armed conflict (IAC)  - Countrywide - 2024,2024-01-01 00:00:00,2024-12-31 00:00:00,Unknown,Unknown,Unknown,Unknown,National Police of Ukraine,https://www.npu.gov.ua/news/politsiia-prodovzhuie-evakuiuvaty-myrnykh-meshkantsiv-z-pryfrontovykh-naselenykh-punktiv-kharkivskoi-oblasti,"Kupiansk, Куп’янська міська рада, Kharkiv Oblast, Ukraine","49.709961, 37.621769",County/City/town/Village/Woreda (ADM3),Origin,Displacement without preventive evacuations reported,2024-08-08T14:07:20.319639Z,"Ukraine: 4 displacements (evacuated), 02 August - 02 August. According to the National Police of Ukraine, 4 people were evacuated from Kupiansk in Kharkiv Oblast on August 2 due to military operations.",https://www.npu.gov.ua/news/politsiia-prodovzhuie-evakuiuvaty-myrnykh-meshkantsiv-z-pryfrontovykh-naselenykh-punktiv-kharkivskoi-oblasti,Conflict
157929.0,Ukraine,UKR,49.660351,37.698311,"[49.660351, 37.698311]",Triangulation,Conflict,total,1,2024-08-02 00:00:00,2024-08-02 00:00:00,2024-08-02 00:00:00,2024,20827.0,Ukraine: International armed conflict (IAC)  - Countrywide - 2024,2024-01-01 00:00:00,2024-12-31 00:00:00,Unknown,Unknown,Unknown,Unknown,National Police of Ukraine,https://www.npu.gov.ua/news/politsiia-prodovzhuie-evakuiuvaty-myrnykh-meshkantsiv-z-pryfrontovykh-naselenykh-punktiv-kharkivskoi-oblasti,"Kurylivka, Kupiansk Raion, Kharkiv Oblast, Ukraine","49.660351, 37.698311",County/City/town/Village/Woreda (ADM3),Origin,Displacement without preventive evacuations reported,2024-08-08T14:07:20.365250Z,"Ukraine: 1 displacement (evacuated), 02 August - 02 August. According to the National Police of Ukraine, 1 person was evacuated from Kurylivka in Kharkiv Oblast on August 2 due to military operations.",https://www.npu.gov.ua/news/politsiia-prodovzhuie-evakuiuvaty-myrnykh-meshkantsiv-z-pryfrontovykh-naselenykh-punktiv-kharkivskoi-oblasti,Conflict
157912.0,Ukraine,UKR,47.96067,37.834438,"[47.96067, 37.834438]",Recommended figure,Conflict,total,515,2024-08-02 00:00:00,2024-08-02 00:00:00,2024-08-02 00:00:00,2024,22790.0,Ukraine: International armed conflict (IAC) - Donetsk - 2024,2024-01-01 00:00:00,2024-12-31 00:00:00,Unknown,Unknown,Unknown,Unknown,National Police of Ukraine,https://www.npu.gov.ua/news/rosiiany-za-dobu-poranyly-piatokh-meshkantsiv-donechchyny-ta-zavdaly-blyzko-piv-sotni-ruinuvan-politsiia-dokumentuie-naslidky-obstriliv,"Donetsk Oblast, Ukraine","47.96067, 37.834438",State/Region/Province (ADM1),Origin,Displacement without preventive evacuations reported,2024-08-08T12:38:19.750824Z,"Ukraine: 515 displacements (evacuated), 02 August - 02 August. According to the National Police of Ukraine, 515 people have been evacuated in Donetsk Oblast on 02 August due to military operations.",https://www.npu.gov.ua/news/rosiiany-za-dobu-poranyly-piatokh-meshkantsiv-donechchyny-ta-zavdaly-blyzko-piv-sotni-ruinuvan-politsiia-dokumentuie-naslidky-obstriliv,Conflict
157924.0,Ukraine,UKR,51.146679,34.297001,"[51.146679, 34.297001]",Recommended figure,Conflict,more than or equal to,2,2024-08-02 00:00:00,2024-08-02 00:00:00,2024-08-02 00:00:00,2024,20827.0,Ukraine: International armed conflict (IAC)  - Countrywide - 2024,2024-01-01 00:00:00,2024-12-31 00:00:00,Unknown,Unknown,Unknown,Unknown,State Emergency Service of Ukraine (SESU),https://t.me/dsns_telegram/30813,"Bilopillia, Білопільська міська рада, Bilopillia Raion, Sumy Oblast, Ukraine","51.146679, 34.297001",County/City/town/Village/Woreda (ADM3),Origin,Displacement without preventive evacuations reported,2024-08-08T13:36:03.277247Z,"Ukraine: 2 displacements (evacuated), 02 August - 02 August. According to the State Emergency Service of Ukraine (SESU), residents of Bilopillia (Sumy Oblast) were evacuated on August 2 due to military operations.",https://t.me/dsns_telegram/30813,Conflict
157925.0,Ukraine,UKR,44.61073760835646,33.54419715010377,"[44.61073760835646, 33.54419715010377]",Recommended figure,Conflict,more than or equal to,4,2024-08-02 00:00:00,2024-08-02 00:00:00,2024-08-02 00:00:00,2024,20827.0,Ukraine: International armed conflict (IAC)  - Countrywide - 2024,2024-01-01 00:00:00,2024-12-31 00:00:00,Unknown,Unknown,Unknown,Unknown,"Ministry of the Russian Federation for Civil Defence, Emergencies and Elimination of Consequences of Natural Disasters (EMERCOM)",https://t.me/mchs_official/20905,"Karla Libknekhta Street, Sevastopol, Sevastopol, South federal district, Russia","44.61073760835646, 33.54419715010377",County/City/town/Village/Woreda (ADM3),Origin,Displacement without preventive evacuations reported,2024-08-08T13:42:12.429905Z,"Ukraine: 4 displacements (evacuated), 02 August - 02 August. According to the Ministry of the Russian Federation for Civil Defence, Emergencies and Elimination of Consequences of Natural Disasters (EMERCOM), people were evacuated in Sevastopol on August 2 due to military operations.",https://t.me/mchs_official/20905,Conflict
157931.0,Ukraine,UKR,49.629639,37.679619,"[49.629639, 37.679619]",Triangulation,Conflict,total,3,2024-08-02 00:00:00,2024-08-02 00:00:00,2024-08-02 00:00:00,2024,20827.0,Ukraine: International armed conflict (IAC)  - Countrywide - 2024,2024-01-01 00:00:00,2024-12-31 00:00:00,Unknown,Unknown,Unknown,Unknown,National Police of Ukraine,https://www.npu.gov.ua/news/politsiia-prodovzhuie-evakuiuvaty-myrnykh-meshkantsiv-z-pryfrontovykh-naselenykh-punktiv-kharkivskoi-oblasti,"Ківшарівка, Куп’янська міська рада, Kharkiv Oblast, Ukraine","49.629639, 37.679619",County/City/town/Village/Woreda (ADM3),Origin,Displacement without preventive evacuations reported,2024-08-08T14:07:20.548464Z,"Ukraine: 3 displacements (evacuated), 02 August - 02 August. According to the National Police of Ukraine, 3 person was evacuated from Kivsharivka (Ківшарівка) in Kharkiv Oblast on August 2 due to military operations.",https://www.npu.gov.ua/news/politsiia-prodovzhuie-evakuiuvaty-myrnykh-meshkantsiv-z-pryfrontovykh-naselenykh-punktiv-kharkivskoi-oblasti,Conflict
157927.0,Ukraine,UKR,49.741331,37.303282,"[49.741331, 37.303281999999996]",Triangulation,Conflict,total,15,2024-08-01 00:00:00,2024-08-01 00:00:00,2024-08-01 00:00:00,2024,20827.0,Ukraine: International armed conflict (IAC)  - Countrywide - 2024,2024-01-01 00:00:00,2024-12-31 00:00:00,Unknown,Unknown,Unknown,Unknown,National Police of Ukraine,https://www.npu.gov.ua/news/mynuloi-doby-rosiiany-zastosuvaly-proty-myrnykh-zhyteliv-kharkivshchyny-aviatsiiu-rszv-ta-artyleriiu-slidchi-zadokumentuvaly-naslidky-voiennykh-zlochyniv,"Chuhuiv Raion, Kharkiv Oblast, Ukraine; Kupiansk Raion, Kharkiv Oblast, Ukraine","49.807861, 36.772362; 49.674801, 37.834202",District/Zone/Department (ADM2); District/Zone/Department (ADM2),Origin; Origin,Displacement without preventive evacuations reported,2024-08-08T14:01:06.830225Z,"Ukraine: 15 displacements (evacuated), 01 August - 01 August. According to the National Police of Ukraine, 15 people were evacuated from Kupiansk Raion and Chuhuiv Raion in Kharkiv Oblast on August 1 due to military operations.",https://www.npu.gov.ua/news/mynuloi-doby-rosiiany-zastosuvaly-proty-myrnykh-zhyteliv-kharkivshchyny-aviatsiiu-rszv-ta-artyleriiu-slidchi-zadokumentuvaly-naslidky-voiennykh-zlochyniv,Conflict
157911.0,Ukraine,UKR,47.96067,37.834438,"[47.96067, 37.834438]",Recommended figure,Conflict,total,727,2024-08-01 00:00:00,2024-08-01 00:00:00,2024-08-01 00:00:00,2024,22790.0,Ukraine: International armed conflict (IAC) - Donetsk - 2024,2024-01-01 00:00:00,2024-12-31 00:00:00,Unknown,Unknown,Unknown,Unknown,National Police of Ukraine,https://www.npu.gov.ua/news/odyn-ubytyi-i-10-poranenykh-zokrema-dvoie-ditei-naslidky-rosiiskykh-obstriliv-donechchyny-za-dobu,"Donetsk Oblast, Ukraine","47.96067, 37.834438",State/Region/Province (ADM1),Origin,Displacement without preventive evacuations reported,2024-08-08T12:36:52.498469Z,"Ukraine: 727 displacements (evacuated), 01 August - 01 August. According to the National Police of Ukraine, 727 people have been evacuated in Donetsk Oblast on 01 August due to military operations.",https://www.npu.gov.ua/news/odyn-ubytyi-i-10-poranenykh-zokrema-dvoie-ditei-naslidky-rosiiskykh-obstriliv-donechchyny-za-dobu,Conflict
156841.0,Ukraine,UKR,47.96067,37.834438,"[47.96067, 37.834438]",Recommended figure,Conflict,total,450,2024-07-31 00:00:00,2024-07-31 00:00:00,2024-07-31 00:00:00,2024,22790.0,Ukraine: International armed conflict (IAC) - Donetsk - 2024,2024-01-01 00:00:00,2024-12-31 00:00:00,Unknown,Unknown,Unknown,Unknown,National Police of Ukraine,https://www.npu.gov.ua/news/odna-liudyna-zahynula-ta-chetvero-zaznaly-poranen-cherez-rosiiski-ataky-na-donechchyni,"Donetsk Oblast, Ukraine","47.96067, 37.834438",State/Region/Province (ADM1),Origin,Displacement without preventive evacuations reported,2024-07-31T11:28:51.112434Z,"Ukraine: 450 displacements (evacuated), 31 July - 31 July. Accoridng to the National Police of Ukraine, 450 people have been evacuated in Donetsk Oblast on 31 July due to military operations.",https://www.npu.gov.ua/news/odna-liudyna-zahynula-ta-chetvero-zaznaly-poranen-cherez-rosiiski-ataky-na-donechchyni,Conflict
157921.0,Ukraine,UKR,47.14571,35.73764,"[47.14571, 35.73764]",Triangulation,Conflict,more than or equal to,5,2024-07-31 00:00:00,2024-07-31 00:00:00,2024-07-31 00:00:00,2024,20827.0,Ukraine: International armed conflict (IAC)  - Countrywide - 2024,2024-01-01 00:00:00,2024-12-31 00:00:00,Unknown,Unknown,Unknown,Unknown,National Police of Ukraine,https://www.npu.gov.ua/news/cherez-nevpynni-obstrily-zaporizkoho-rehionu-ie-postrazhdali-politseiski-dokumentuiut-naslidky-voiennykh-zlochyniv-armii-rf,"Zaporizhia Oblast, Ukraine","47.14571, 35.73764",State/Region/Province (ADM1),Origin,Unknown,2024-08-08T12:57:20.418276Z,"Ukraine: 5 displacements (destroyed housing), 31 July - 31 July. According to the National Police of Ukraine, houses were destroyed in various settlements of Zaporizhia Oblast on July 31 due to military operations.",https://www.npu.gov.ua/news/cherez-nevpynni-obstrily-zaporizkoho-rehionu-ie-postrazhdali-politseiski-dokumentuiut-naslidky-voiennykh-zlochyniv-armii-rf,Conflict
157926.0,Ukraine,UKR,49.741331,37.303282,"[49.741331, 37.303281999999996]",Triangulation,Conflict,total,9,2024-07-31 00:00:00,2024-07-31 00:00:00,2024-07-31 00:00:00,2024,20827.0,Ukraine: International armed conflict (IAC)  - Countrywide - 2024,2024-01-01 00:00:00,2024-12-31 00:00:00,Unknown,Unknown,Unknown,Unknown,National Police of Ukraine,https://www.npu.gov.ua/news/cherez-obstrily-rosiian-zahynula-zhinka-troie-liudei-poraneni-sered-nykh-dytyna-na-kharkivshchyni-slidchi-zadokumentuvaly-naslidky-voiennykh-zlochyniv,"Chuhuiv Raion, Kharkiv Oblast, Ukraine; Kupiansk Raion, Kharkiv Oblast, Ukraine","49.807861, 36.772362; 49.674801, 37.834202",District/Zone/Department (ADM2); District/Zone/Department (ADM2),Origin; Origin,Displacement without preventive evacuations reported,2024-08-08T13:59:08.165020Z,"Ukraine: 9 displacements (evacuated), 31 July - 31 July. According to the National Police of Ukraine, 9 people were evacuated from Kupiansk Raion and Chuhuiv Raion in Kharkiv Oblast on July 31 due to military operations.",https://www.npu.gov.ua/news/cherez-obstrily-rosiian-zahynula-zhinka-troie-liudei-poraneni-sered-nykh-dytyna-na-kharkivshchyni-slidchi-zadokumentuvaly-naslidky-voiennykh-zlochyniv,Conflict
156895.0,Ukraine,UKR,49.807861,36.772362,"[49.807861, 36.772362]",Triangulation,Conflict,total,6,2024-07-30 00:00:00,2024-07-30 00:00:00,2024-07-30 00:00:00,2024,20827.0,Ukraine: International armed conflict (IAC)  - Countrywide - 2024,2024-01-01 00:00:00,2024-12-31 00:00:00,Unknown,Unknown,Unknown,Unknown,National Police of Ukraine,https://www.npu.gov.ua/news/voroh-ne-prypyniaie-obstrily-prykordonnia-kharkivshchyny-ie-postrazhdali-slidchi-zadokumentuvaly-naslidky-voiennykh-zlochyniv,"Chuhuiv Raion, Kharkiv Oblast, Ukraine","49.807861, 36.772362",District/Zone/Department (ADM2),Origin,Displacement without preventive evacuations reported,2024-07-31T14:24:16.641608Z,"Ukraine: 6 displacements (evacuated), 30 July - 30 July. According to the National Police of Ukraine, 6 people were evacuated from Chuhuiv Raion on July 30 due to military operations.",https://www.npu.gov.ua/news/voroh-ne-prypyniaie-obstrily-prykordonnia-kharkivshchyny-ie-postrazhdali-slidchi-zadokumentuvaly-naslidky-voiennykh-zlochyniv,Conflict
156840.0,Ukraine,UKR,47.96067,37.834438,"[47.96067, 37.834438]",Recommended figure,Conflict,total,306,2024-07-30 00:00:00,2024-07-30 00:00:00,2024-07-30 00:00:00,2024,22790.0,Ukraine: International armed conflict (IAC) - Donetsk - 2024,2024-01-01 00:00:00,2024-12-31 00:00:00,Unknown,Unknown,Unknown,Unknown,National Police of Ukraine,https://www.npu.gov.ua/news/rosiiany-vbyly-chotyrokh-meshkantsiv-donechchyny-shche-piatero-zaznaly-poranen-politsiia-zadokumentuvala-naslidky-obstriliv,"Donetsk Oblast, Ukraine","47.96067, 37.834438",State/Region/Province (ADM1),Origin,Displacement without preventive evacuations reported,2024-07-31T11:26:58.656070Z,"Ukraine: 306 displacements (evacuated), 30 July - 30 July. According to the National Police of Ukraine, 306 people have been evacuated in Donetsk Oblast on 30 July due to military operations.",https://www.npu.gov.ua/news/rosiiany-vbyly-chotyrokh-meshkantsiv-donechchyny-shche-piatero-zaznaly-poranen-politsiia-zadokumentuvala-naslidky-obstriliv,Conflict
156887.0,Ukraine,UKR,49.98539,35.448761,"[49.98539, 35.448761]",Triangulation,Conflict,total,3,2024-07-29 00:00:00,2024-07-29 00:00:00,2024-07-29 00:00:00,2024,20827.0,Ukraine: International armed conflict (IAC)  - Countrywide - 2024,2024-01-01 00:00:00,2024-12-31 00:00:00,Unknown,Unknown,Unknown,Unknown,National Police of Ukraine,https://www.npu.gov.ua/news/na-kharkivshchyni-vnaslidok-vorozhoi-ataky-poraneno-cholovika-slidchi-zadokumentuvaly-voienni-zlochyny,"Pershotravneve, Bohodukhiv Raion, Kharkiv Oblast, Ukraine","49.98539, 35.448761",County/City/town/Village/Woreda (ADM3),Origin,Unknown,2024-07-31T14:20:58.226377Z,"Ukraine: 3 displacements (destroyed housing), 29 July - 29 July. According to the National Police of Ukraine, a house was destroyed in Pershotravneve on July 29 due to military operations.",https://www.npu.gov.ua/news/na-kharkivshchyni-vnaslidok-vorozhoi-ataky-poraneno-cholovika-slidchi-zadokumentuvaly-voienni-zlochyny,Conflict
156839.0,Ukraine,UKR,47.96067,37.834438,"[47.96067, 37.834438]",Recommended figure,Conflict,total,367,2024-07-29 00:00:00,2024-07-29 00:00:00,2024-07-29 00:00:00,2024,22790.0,Ukraine: International armed conflict (IAC) - Donetsk - 2024,2024-01-01 00:00:00,2024-12-31 00:00:00,Unknown,Unknown,Unknown,Unknown,National Police of Ukraine,https://www.npu.gov.ua/news/troie-zhyteliv-donechchyny-zaznaly-poranen-cherez-rosiiski-obstrily-politseiski-zadokumentuvaly-naslidky,"Donetsk Oblast, Ukraine","47.96067, 37.834438",State/Region/Province (ADM1),Origin,Displacement without preventive evacuations reported,2024-07-31T11:25:04.614433Z,"Ukraine: 367 displacements (evacuated), 29 July - 29 July. According to the National Police of Ukraine, 367 people have been evacuated in Donetsk Oblast on 29 July due to military operations.",https://www.npu.gov.ua/news/troie-zhyteliv-donechchyny-zaznaly-poranen-cherez-rosiiski-obstrily-politseiski-zadokumentuvaly-naslidky,Conflict
156868.0,Ukraine,UKR,49.709961,37.621769,"[49.709961, 37.621769]",Triangulation,Conflict,more than or equal to,5,2024-07-29 00:00:00,2024-07-29 00:00:00,2024-07-29 00:00:00,2024,20827.0,Ukraine: International armed conflict (IAC)  - Countrywide - 2024,2024-01-01 00:00:00,2024-12-31 00:00:00,Unknown,Unknown,Unknown,Unknown,National Police of Ukraine,https://www.npu.gov.ua/news/rosiiany-prodovzhuiut-obstrily-myrnoho-naselennia-slidchi-kharkivshchyny-zadokumentuvaly-naslidky-voiennykh-zlochyniv,"Kupiansk, Куп’янська міська рада, Kharkiv Oblast, Ukraine","49.709961, 37.621769",County/City/town/Village/Woreda (ADM3),Origin,Unknown,2024-07-31T14:09:58.950654Z,"Ukraine: 5 displacements (destroyed housing), 29 July - 29 July. According to the National Police, residential buildings were destroyed in Kupiansk on July 29 due to military operations.",https://www.npu.gov.ua/news/rosiiany-prodovzhuiut-obstrily-myrnoho-naselennia-slidchi-kharkivshchyny-zadokumentuvaly-naslidky-voiennykh-zlochyniv,Conflict
156888.0,Ukraine,UKR,50.2862305,36.468115,"[50.2862305, 36.468115]",Triangulation,Conflict,total,29,2024-07-29 00:00:00,2024-07-29 00:00:00,2024-07-29 00:00:00,2024,20827.0,Ukraine: International armed conflict (IAC)  - Countrywide - 2024,2024-01-01 00:00:00,2024-12-31 00:00:00,Unknown,Unknown,Unknown,Unknown,National Police of Ukraine,https://www.npu.gov.ua/news/na-kharkivshchyni-vnaslidok-vorozhoi-ataky-poraneno-cholovika-slidchi-zadokumentuvaly-voienni-zlochyny,"Vovchansk, Vovchansk Raion, Kharkiv Oblast, Ukraine; Zolochiv, Zolochiv Raion, Kharkiv Oblast, Ukraine","50.286591, 36.95269; 50.28587, 35.98354",County/City/town/Village/Woreda (ADM3); County/City/town/Village/Woreda (ADM3),Origin; Origin,Unknown,2024-07-31T14:22:08.624979Z,"Ukraine: 29 displacements (evacuated), 29 July - 29 July. According to the National Police of Ukraine, 29 people were evacuated from Vovchansk and Zolochiv on July 29 due to military operations.",https://www.npu.gov.ua/news/na-kharkivshchyni-vnaslidok-vorozhoi-ataky-poraneno-cholovika-slidchi-zadokumentuvaly-voienni-zlochyny,Conflict
156838.0,Ukraine,UKR,47.96067,37.834438,"[47.96067, 37.834438]",Recommended figure,Conflict,total,364,2024-07-28 00:00:00,2024-07-28 00:00:00,2024-07-28 00:00:00,2024,22790.0,Ukraine: International armed conflict (IAC) - Donetsk - 2024,2024-01-01 00:00:00,2024-12-31 00:00:00,Unknown,Unknown,Unknown,Unknown,National Police of Ukraine,https://www.npu.gov.ua/news/okupanty-vbyly-piatokh-zhyteliv-donechchyny-shche-15-liudei-zaznaly-poranen-zokrema-dytyna-politsiia-dokumentuie-voienni-zlochyny-rf,"Donetsk Oblast, Ukraine","47.96067, 37.834438",State/Region/Province (ADM1),Origin,Displacement without preventive evacuations reported,2024-07-31T11:23:36.456145Z,"Ukraine: 364 displacements (evacuated), 28 July - 28 July. According to the National Police of Ukraine, 364 people have been evacuated in Donetsk Oblast on 28 July due to military operations.",https://www.npu.gov.ua/news/okupanty-vbyly-piatokh-zhyteliv-donechchyny-shche-15-liudei-zaznaly-poranen-zokrema-dytyna-politsiia-dokumentuie-voienni-zlochyny-rf,Conflict
156865.0,Ukraine,UKR,49.520641,37.719601,"[49.520641, 37.719601]",Triangulation,Conflict,total,3,2024-07-28 00:00:00,2024-07-28 00:00:00,2024-07-28 00:00:00,2024,20827.0,Ukraine: International armed conflict (IAC)  - Countrywide - 2024,2024-01-01 00:00:00,2024-12-31 00:00:00,Unknown,Unknown,Unknown,Unknown,National Police of Ukraine,https://t.me/synegubov/10558,"Kruhliakivka, Kupiansk Raion, Kharkiv Oblast, Ukraine","49.520641, 37.719601",County/City/town/Village/Woreda (ADM3),Origin,Unknown,2024-07-31T14:06:12.299476Z,"Ukraine: 3 displacements (destroyed housing), 28 July - 28 July. According to the regional government, a house was destroyed in Kruhliakivka on July 28 due to military operations.",https://t.me/synegubov/10558,Conflict
156837.0,Ukraine,UKR,47.96067,37.834438,"[47.96067, 37.834438]",Recommended figure,Conflict,total,660,2024-07-27 00:00:00,2024-07-27 00:00:00,2024-07-27 00:00:00,2024,22790.0,Ukraine: International armed conflict (IAC) - Donetsk - 2024,2024-01-01 00:00:00,2024-12-31 00:00:00,Unknown,Unknown,Unknown,Unknown,National Police of Ukraine,https://www.npu.gov.ua/news/byly-bombamy-ta-dronamy-za-dobu-rosiiany-poranyly-trokh-meshkantsiv-donechchyny,"Donetsk Oblast, Ukraine","47.96067, 37.834438",State/Region/Province (ADM1),Origin,Displacement without preventive evacuations reported,2024-07-31T11:21:45.749058Z,"Ukraine: 660 displacements (evacuated), 27 July - 27 July. According to the National Police of Ukraine, 660 people have been evacuated in Donetsk Oblast on 27 July due to military operations.",https://www.npu.gov.ua/news/byly-bombamy-ta-dronamy-za-dobu-rosiiany-poranyly-trokh-meshkantsiv-donechchyny,Conflict
156860.0,Ukraine,UKR,49.659451,37.6474,"[49.659451, 37.6474]",Triangulation,Conflict,total,10,2024-07-27 00:00:00,2024-07-27 00:00:00,2024-07-27 00:00:00,2024,20827.0,Ukraine: International armed conflict (IAC)  - Countrywide - 2024,2024-01-01 00:00:00,2024-12-31 00:00:00,Unknown,Unknown,Unknown,Unknown,National Police of Ukraine,https://www.npu.gov.ua/news/politseiski-razom-z-volonteramy-evakuiuvaly-z-kupianskoho-raionu-10-liudei,"Kupiansk-Vuzlovyi, Куп'янськ-Вузлова селищна рада, Куп’янська міська рада, Kharkiv Oblast, Ukraine","49.659451, 37.6474",County/City/town/Village/Woreda (ADM3),Origin,Displacement without preventive evacuations reported,2024-07-31T13:59:37.546321Z,"Ukraine: 10 displacements (evacuated), 27 July - 27 July. According to the National Police of Ukraine, 10 people were evacuated form Kupiansk-Vuzlovyi on July 27 due to military operations.",https://www.npu.gov.ua/news/politseiski-razom-z-volonteramy-evakuiuvaly-z-kupianskoho-raionu-10-liudei,Conflict
156855.0,Ukraine,UKR,50.206001,37.027191,"[50.206001, 37.027191]",Triangulation,Conflict,total,13,2024-07-27 00:00:00,2024-07-27 00:00:00,2024-07-27 00:00:00,2024,20827.0,Ukraine: International armed conflict (IAC)  - Countrywide - 2024,2024-01-01 00:00:00,2024-12-31 00:00:00,Unknown,Unknown,Unknown,Unknown,National Police of Ukraine,https://www.npu.gov.ua/news/rosiiany-byly-po-kharkivshchyni-z-artylerii-aviatsii-dronamy-poraneno-cholovika-zahynula-zhinka-slidchi-zadokumentuvaly-naslidky-voiennykh-zlochyniv,"Vovchansk Raion, Kharkiv Oblast, Ukraine","50.206001, 37.027191",District/Zone/Department (ADM2),Origin,Displacement without preventive evacuations reported,2024-07-31T13:57:34.613104Z,"Ukraine: 13 displacements (evacuated), 27 July - 27 July. According to the National Police of Ukraine, 13 people were evacuated from Vovchansk Raion on July 27 due to military operations.",https://www.npu.gov.ua/news/rosiiany-byly-po-kharkivshchyni-z-artylerii-aviatsii-dronamy-poraneno-cholovika-zahynula-zhinka-slidchi-zadokumentuvaly-naslidky-voiennykh-zlochyniv,Conflict
156836.0,Ukraine,UKR,47.96067,37.834438,"[47.96067, 37.834438]",Recommended figure,Conflict,total,229,2024-07-26 00:00:00,2024-07-26 00:00:00,2024-07-26 00:00:00,2024,22790.0,Ukraine: International armed conflict (IAC) - Donetsk - 2024,2024-01-01 00:00:00,2024-12-31 00:00:00,Unknown,Unknown,Unknown,Unknown,National Police of Ukraine,https://www.npu.gov.ua/news/dvoie-vbytykh-i-chetvero-poranenykh-za-dobu-politsiia-donechchyny-fiksuie-voienni-zlochyny-rosii-proty-tsyvilnoho-naselennia,"Donetsk Oblast, Ukraine","47.96067, 37.834438",State/Region/Province (ADM1),Origin,Displacement without preventive evacuations reported,2024-07-31T11:19:14.504604Z,"Ukraine: 229 displacements (evacuated), 26 July - 26 July. According to the National Police of Ukraine, 229 people have been evacuated in Donetsk Oblast on 26 July due to military operations.",https://www.npu.gov.ua/news/dvoie-vbytykh-i-chetvero-poranenykh-za-dobu-politsiia-donechchyny-fiksuie-voienni-zlochyny-rosii-proty-tsyvilnoho-naselennia,Conflict
156850.0,Ukraine,UKR,49.659451,37.6474,"[49.659451, 37.6474]",Triangulation,Conflict,total,18,2024-07-25 00:00:00,2024-07-25 00:00:00,2024-07-25 00:00:00,2024,20827.0,Ukraine: International armed conflict (IAC)  - Countrywide - 2024,2024-01-01 00:00:00,2024-12-31 00:00:00,Unknown,Unknown,Unknown,Unknown,National Police of Ukraine,https://www.npu.gov.ua/news/cherez-rosiiski-obstrily-ie-poraneni-ta-zahybli-tsyvilni-meshkantsi-kharkivshchyny-slidchi-zadokumentuvaly-voienni-zlochyny,"Kupiansk-Vuzlovyi, Куп'янськ-Вузлова селищна рада, Куп’янська міська рада, Kharkiv Oblast, Ukraine","49.659451, 37.6474",County/City/town/Village/Woreda (ADM3),Origin,Unknown,2024-07-31T13:53:15.001860Z,"Ukraine: 18 displacements (destroyed housing), 25 July - 25 July. According to the National Police of Ukraine, 7 houses burned down in Kupiansk-Vuzlovyi on July 25 due to military operations.",https://www.npu.gov.ua/news/cherez-rosiiski-obstrily-ie-poraneni-ta-zahybli-tsyvilni-meshkantsi-kharkivshchyny-slidchi-zadokumentuvaly-voienni-zlochyny,Conflict
156835.0,Ukraine,UKR,47.96067,37.834438,"[47.96067, 37.834438]",Recommended figure,Conflict,total,337,2024-07-25 00:00:00,2024-07-25 00:00:00,2024-07-25 00:00:00,2024,22790.0,Ukraine: International armed conflict (IAC) - Donetsk - 2024,2024-01-01 00:00:00,2024-12-31 00:00:00,Unknown,Unknown,Unknown,Unknown,National Police of Ukraine,https://www.npu.gov.ua/news/okupanty-obstrilialy-11-naselenykh-punktiv-donechchyny-poraneno-trokh-liudei-politseiski-dokumentuiut-voienni-zlochyny-rf,"Donetsk Oblast, Ukraine","47.96067, 37.834438",State/Region/Province (ADM1),Origin,Displacement without preventive evacuations reported,2024-07-31T11:17:17.805128Z,"Ukraine: 337 displacements (evacuated), 25 July - 25 July. According to the National Police of Ukraine, 337 people have been evacuated in Donetsk Oblast on 25 July due to military operations.",https://www.npu.gov.ua/news/okupanty-obstrilialy-11-naselenykh-punktiv-donechchyny-poraneno-trokh-liudei-politseiski-dokumentuiut-voienni-zlochyny-rf,Conflict
156044.0,Ukraine,UKR,49.709961,37.621769,"[49.709961, 37.621769]",Triangulation,Conflict,total,3,2024-07-24 00:00:00,2024-07-24 00:00:00,2024-07-24 00:00:00,2024,20827.0,Ukraine: International armed conflict (IAC)  - Countrywide - 2024,2024-01-01 00:00:00,2024-12-31 00:00:00,Unknown,Unknown,Unknown,Unknown,Regional Government,https://t.me/synegubov/10470,"Kupiansk, Куп’янська міська рада, Kharkiv Oblast, Ukraine","49.709961, 37.621769",County/City/town/Village/Woreda (ADM3),Origin,Unknown,2024-07-24T11:51:41.951836Z,"Ukraine: 3 displacements (destroyed housing), 24 July - 24 July. According to the regional government, a house was destroyed in Kupiansk (Kharkiv Oblast) on July 24 due to military operations.",https://t.me/synegubov/10470,Conflict
156031.0,Ukraine,UKR,47.96067,37.834438,"[47.96067, 37.834438]",Recommended figure,Conflict,total,360,2024-07-24 00:00:00,2024-07-24 00:00:00,2024-07-24 00:00:00,2024,22790.0,Ukraine: International armed conflict (IAC) - Donetsk - 2024,2024-01-01 00:00:00,2024-12-31 00:00:00,Unknown,Unknown,Unknown,Unknown,National Police of Ukraine,https://www.npu.gov.ua/news/troie-meshkantsiv-donechchyny-zahynuly-ta-shist-zaznaly-poranen-vnaslidok-rosiiskoi-viiskovoi-ahresii,"Donetsk Oblast, Ukraine","47.96067, 37.834438",State/Region/Province (ADM1),Origin,Displacement without preventive evacuations reported,2024-07-24T09:35:13.201933Z,"Ukraine: 360 displacements (evacuated), 24 July - 24 July. According to the National Police of Ukraine, 360 people have been evacuated in Donetsk Oblast on 24 July due to military operations.",https://www.npu.gov.ua/news/troie-meshkantsiv-donechchyny-zahynuly-ta-shist-zaznaly-poranen-vnaslidok-rosiiskoi-viiskovoi-ahresii,Conflict
156849.0,Ukraine,UKR,50.286591,36.95269,"[50.286591, 36.95269]",Triangulation,Conflict,total,8,2024-07-23 00:00:00,2024-07-23 00:00:00,2024-07-23 00:00:00,2024,20827.0,Ukraine: International armed conflict (IAC)  - Countrywide - 2024,2024-01-01 00:00:00,2024-12-31 00:00:00,Unknown,Unknown,Unknown,Unknown,National Police of Ukraine,https://www.npu.gov.ua/news/politsiia-razom-z-volonteramy-evakuiuie-ditei-z-vovchanskoi-hromady,"Vovchansk, Vovchansk Raion, Kharkiv Oblast, Ukraine","50.286591, 36.95269",County/City/town/Village/Woreda (ADM3),Origin,Displacement without preventive evacuations reported,2024-07-31T13:50:20.429685Z,"Ukraine: 8 displacements (evacuated), 23 July - 23 July. According to the National Police of Ukraine, 8 people were evacuated from Vovchansk on July 23 due to military operations.",https://www.npu.gov.ua/news/politsiia-razom-z-volonteramy-evakuiuie-ditei-z-vovchanskoi-hromady,Conflict
156041.0,Ukraine,UKR,49.63932,37.331539,"[49.63932, 37.331539]",Triangulation,Conflict,total,40,2024-07-23 00:00:00,2024-07-23 00:00:00,2024-07-23 00:00:00,2024,20827.0,Ukraine: International armed conflict (IAC)  - Countrywide - 2024,2024-01-01 00:00:00,2024-12-31 00:00:00,Unknown,Unknown,Unknown,Unknown,Regional Government,https://t.me/synegubov/10461,"Borivske, Shevchenkove Raion, Kharkiv Oblast, Ukraine","49.63932, 37.331539",County/City/town/Village/Woreda (ADM3),Origin,Displacement without preventive evacuations reported,2024-07-24T11:49:45.190152Z,"Ukraine: 40 displacements (evacuated), 23 July - 23 July. According to the regional government of Ukraine, 40 people have been evacuated from the settlement of Borivske (Kharkiv Oblast) on July 23 due to military operations.",https://t.me/synegubov/10461,Conflict
156028.0,Ukraine,UKR,47.96067,37.834438,"[47.96067, 37.834438]",Recommended figure,Conflict,total,416,2024-07-23 00:00:00,2024-07-23 00:00:00,2024-07-23 00:00:00,2024,22790.0,Ukraine: International armed conflict (IAC) - Donetsk - 2024,2024-01-01 00:00:00,2024-12-31 00:00:00,Unknown,Unknown,Unknown,Unknown,National Police of Ukraine,https://www.npu.gov.ua/news/29-bomb-rosiiany-skynuly-na-tsyvilne-naselennia-donechchyny-za-dobu-poraneno-15-liudei-politsiia-dokumentuie-voienni-zlochyny,"Donetsk Oblast, Ukraine","47.96067, 37.834438",State/Region/Province (ADM1),Origin,Displacement without preventive evacuations reported,2024-07-24T09:32:30.780203Z,"Ukraine: 416 displacements (evacuated), 23 July - 23 July. According to the National Police of Ukraine, 416 people have been evacuated in Donetsk Oblast on 23 July due to military operations.",https://www.npu.gov.ua/news/29-bomb-rosiiany-skynuly-na-tsyvilne-naselennia-donechchyny-za-dobu-poraneno-15-liudei-politsiia-dokumentuie-voienni-zlochyny,Conflict
156042.0,Ukraine,UKR,50.286591,36.95269,"[50.286591, 36.95269]",Triangulation,Conflict,total,32,2024-07-23 00:00:00,2024-07-23 00:00:00,2024-07-23 00:00:00,2024,20827.0,Ukraine: International armed conflict (IAC)  - Countrywide - 2024,2024-01-01 00:00:00,2024-12-31 00:00:00,Unknown,Unknown,Unknown,Unknown,Regional Government,https://t.me/synegubov/10461,"Vovchansk, Vovchansk Raion, Kharkiv Oblast, Ukraine","50.286591, 36.95269",County/City/town/Village/Woreda (ADM3),Origin,Displacement without preventive evacuations reported,2024-07-24T11:49:45.242630Z,"Ukraine: 32 displacements (evacuated), 23 July - 23 July. According to the regional government of Ukraine, 32 people have been evacuated from the Vovchansk (Kharkiv Oblast) on July 23 due to military operations.",https://t.me/synegubov/10461,Conflict
156043.0,Ukraine,UKR,49.769779,37.586632,"[49.769779, 37.586632]",Triangulation,Conflict,total,20,2024-07-23 00:00:00,2024-07-23 00:00:00,2024-07-23 00:00:00,2024,20827.0,Ukraine: International armed conflict (IAC)  - Countrywide - 2024,2024-01-01 00:00:00,2024-12-31 00:00:00,Unknown,Unknown,Unknown,Unknown,Regional Government,https://t.me/synegubov/10461,"Kindrashivka, Kupiansk Raion, Kharkiv Oblast, Ukraine","49.769779, 37.586632",County/City/town/Village/Woreda (ADM3),Origin,Displacement without preventive evacuations reported,2024-07-24T11:49:45.306953Z,"Ukraine: 20 displacements (evacuated), 23 July - 23 July. According to the regional government of Ukraine, 20 people have been evacuated from the Kindrashivka (Kharkiv Oblast) on July 23 due to military operations.",https://t.me/synegubov/10461,Conflict
156027.0,Ukraine,UKR,47.96067,37.834438,"[47.96067, 37.834438]",Recommended figure,Conflict,total,475,2024-07-22 00:00:00,2024-07-22 00:00:00,2024-07-22 00:00:00,2024,22790.0,Ukraine: International armed conflict (IAC) - Donetsk - 2024,2024-01-01 00:00:00,2024-12-31 00:00:00,Unknown,Unknown,Unknown,Unknown,National Police of Ukraine,https://www.npu.gov.ua/news/odna-liudyna-zahynula-piatero-zaznaly-poranen-politseiski-donechchyny-zadokumentuvaly-naslidky-rosiiskoi-ahresii,"Donetsk Oblast, Ukraine","47.96067, 37.834438",State/Region/Province (ADM1),Origin,Displacement without preventive evacuations reported,2024-07-24T09:30:47.600570Z,"Ukraine: 475 displacements (evacuated), 22 July - 22 July. According to the National Police of Ukraine, 475 people have been evacuated in Donetsk Oblast on 22 July due to military operations.",https://www.npu.gov.ua/news/odna-liudyna-zahynula-piatero-zaznaly-poranen-politseiski-donechchyny-zadokumentuvaly-naslidky-rosiiskoi-ahresii,Conflict
156022.0,Ukraine,UKR,47.14571,35.73764,"[47.14571, 35.73764]",Recommended figure,Conflict,more than or equal to,5,2024-07-22 00:00:00,2024-07-22 00:00:00,2024-07-22 00:00:00,2024,20827.0,Ukraine: International armed conflict (IAC)  - Countrywide - 2024,2024-01-01 00:00:00,2024-12-31 00:00:00,Unknown,Unknown,Unknown,Unknown,National Police of Ukraine,https://www.npu.gov.ua/news/na-zaporizhzhi-politseiski-zadokumentuvaly-naslidky-463-vluchan-armii-rf-po-12-naselenykh-punktakh,"Zaporizhia Oblast, Ukraine","47.14571, 35.73764",State/Region/Province (ADM1),Origin,Unknown,2024-07-24T09:23:11.475068Z,"Ukraine: 5 displacements (destroyed housing), 22 July - 22 July. According to the National Police of Ukraine, homes were destroyed in Zaporizhia Oblast on July 22 due to military operations.",https://www.npu.gov.ua/news/na-zaporizhzhi-politseiski-zadokumentuvaly-naslidky-463-vluchan-armii-rf-po-12-naselenykh-punktakh,Conflict
155912.0,Ukraine,UKR,49.98539,35.448761,"[49.98539, 35.448761]",Triangulation,Conflict,total,3,2024-07-21 00:00:00,2024-07-21 00:00:00,2024-07-21 00:00:00,2024,20827.0,Ukraine: International armed conflict (IAC)  - Countrywide - 2024,2024-01-01 00:00:00,2024-12-31 00:00:00,Unknown,Unknown,Unknown,Unknown,National Police of Ukraine,https://www.npu.gov.ua/news/na-kharkivshchyni-cherez-vorozhi-obstrily-poraneni-dvoie-tsyvilnykh-hromadian-slidchi-zadokumentuvaly-voienni-zlochyny-rf,"Pershotravneve, Bohodukhiv Raion, Kharkiv Oblast, Ukraine","49.98539, 35.448761",County/City/town/Village/Woreda (ADM3),Origin,Unknown,2024-07-23T12:27:39.880091Z,"Ukraine: 3 displacements (destroyed housing), 21 July - 21 July. According to the National Police of Ukraine, a house was destroyed in Pershotravneve on July 21 due to military operations.",https://www.npu.gov.ua/news/na-kharkivshchyni-cherez-vorozhi-obstrily-poraneni-dvoie-tsyvilnykh-hromadian-slidchi-zadokumentuvaly-voienni-zlochyny-rf,Conflict
155914.0,Ukraine,UKR,50.286591,36.95269,"[50.286591, 36.95269]",Triangulation,Conflict,total,3,2024-07-21 00:00:00,2024-07-21 00:00:00,2024-07-21 00:00:00,2024,20827.0,Ukraine: International armed conflict (IAC)  - Countrywide - 2024,2024-01-01 00:00:00,2024-12-31 00:00:00,Unknown,Unknown,Unknown,Unknown,National Police of Ukraine,https://www.npu.gov.ua/news/visim-tsyvilnykh-meshkantsiv-kharkivshchyny-poraneni-cherez-obstrily-z-boku-viiskovykh-rf-slidchi-zadokumentuvaly-naslidky-voiennykh-zlochyniv,"Vovchansk, Vovchansk Raion, Kharkiv Oblast, Ukraine","50.286591, 36.95269",County/City/town/Village/Woreda (ADM3),Origin,Unknown,2024-07-23T12:34:49.766531Z,"Ukraine: 3 displacements (destroyed housing), 21 July - 21 July. According to the National Police of Ukraine, a house was destroyed in Vovchansk on 21 July due to military operations.",https://www.npu.gov.ua/news/visim-tsyvilnykh-meshkantsiv-kharkivshchyny-poraneni-cherez-obstrily-z-boku-viiskovykh-rf-slidchi-zadokumentuvaly-naslidky-voiennykh-zlochyniv,Conflict
155911.0,Ukraine,UKR,47.96067,37.834438,"[47.96067, 37.834438]",Recommended figure,Conflict,total,81,2024-07-21 00:00:00,2024-07-21 00:00:00,2024-07-21 00:00:00,2024,22790.0,Ukraine: International armed conflict (IAC) - Donetsk - 2024,2024-01-01 00:00:00,2024-12-31 00:00:00,Unknown,Unknown,Unknown,Unknown,National Police of Ukraine,https://www.npu.gov.ua/news/voroh-nakryv-vohnem-18-naselenykh-punktiv-donechchyny-poraneno-visim-liudei,"Donetsk Oblast, Ukraine","47.96067, 37.834438",State/Region/Province (ADM1),Origin,Displacement without preventive evacuations reported,2024-07-23T12:24:25.508930Z,"Ukraine: 81 displacements (evacuated), 21 July - 21 July. According to the National Police of Ukraine, 81 people have been evacuated in Donetsk Oblast on 21 July due to military operations.",https://www.npu.gov.ua/news/voroh-nakryv-vohnem-18-naselenykh-punktiv-donechchyny-poraneno-visim-liudei,Conflict
156040.0,Ukraine,UKR,50.202961,37.11216,"[50.202961, 37.11216]",Triangulation,Conflict,total,3,2024-07-21 00:00:00,2024-07-21 00:00:00,2024-07-21 00:00:00,2024,20827.0,Ukraine: International armed conflict (IAC)  - Countrywide - 2024,2024-01-01 00:00:00,2024-12-31 00:00:00,Unknown,Unknown,Unknown,Unknown,Regional Government,https://t.me/synegubov/10444,"Bilyi Kolodiaz, Vovchansk Raion, Kharkiv Oblast, Ukraine","50.202961, 37.11216",County/City/town/Village/Woreda (ADM3),Origin,Unknown,2024-07-24T11:44:59.753539Z,"Ukraine: 3 displacements (destroyed housing), 21 July - 21 July. According to the regional government of Ukraine, a house was destroyed in Bilyi Kolodiaz (Kharkiv Oblast) on July 21 due to military operations.",https://t.me/synegubov/10444,Conflict
155910.0,Ukraine,UKR,47.96067,37.834438,"[47.96067, 37.834438]",Recommended figure,Conflict,total,421,2024-07-20 00:00:00,2024-07-20 00:00:00,2024-07-20 00:00:00,2024,22790.0,Ukraine: International armed conflict (IAC) - Donetsk - 2024,2024-01-01 00:00:00,2024-12-31 00:00:00,Unknown,Unknown,Unknown,Unknown,National Police of Ukraine,https://www.npu.gov.ua/news/odna-liudyna-zahynula-shist-zaznaly-poranen-politsiia-donechchyny-dokumentuie-naslidky-rosiiskykh-obstriliv-za-dobu,"Donetsk Oblast, Ukraine","47.96067, 37.834438",State/Region/Province (ADM1),Origin,Displacement without preventive evacuations reported,2024-07-23T12:22:48.955803Z,"Ukraine: 421 displacements (evacuated), 20 July - 20 July. According to the National Police of Ukraine, 421 people have been evacuated in Donetsk Oblast on 20 July due to military operations.",https://www.npu.gov.ua/news/odna-liudyna-zahynula-shist-zaznaly-poranen-politsiia-donechchyny-dokumentuie-naslidky-rosiiskykh-obstriliv-za-dobu,Conflict
155909.0,Ukraine,UKR,47.96067,37.834438,"[47.96067, 37.834438]",Recommended figure,Conflict,total,205,2024-07-19 00:00:00,2024-07-19 00:00:00,2024-07-19 00:00:00,2024,22790.0,Ukraine: International armed conflict (IAC) - Donetsk - 2024,2024-01-01 00:00:00,2024-12-31 00:00:00,Unknown,Unknown,Unknown,Unknown,National Police of Ukraine,https://www.npu.gov.ua/news/doba-pid-bombamy-rosiia-vbyla-piatokh-meshkantsiv-donechchyny-shche-semero-zaznaly-poranen,"Donetsk Oblast, Ukraine","47.96067, 37.834438",State/Region/Province (ADM1),Origin,Displacement without preventive evacuations reported,2024-07-23T12:20:54.462791Z,"Ukraine: 205 displacements (evacuated), 19 July - 19 July. According to the National Police of Ukraine, 205 people have been evacuated in Donetsk Oblast on 19 July due to military operations.",https://www.npu.gov.ua/news/doba-pid-bombamy-rosiia-vbyla-piatokh-meshkantsiv-donechchyny-shche-semero-zaznaly-poranen,Conflict
156039.0,Ukraine,UKR,50.138599,35.523251,"[50.138599, 35.523251]",Triangulation,Conflict,total,3,2024-07-19 00:00:00,2024-07-19 00:00:00,2024-07-19 00:00:00,2024,20827.0,Ukraine: International armed conflict (IAC)  - Countrywide - 2024,2024-01-01 00:00:00,2024-12-31 00:00:00,Unknown,Unknown,Unknown,Unknown,Regional Government,https://t.me/synegubov/10428,"Bohodukhiv Raion, Kharkiv Oblast, Ukraine","50.138599, 35.523251",District/Zone/Department (ADM2),Origin,Unknown,2024-07-24T11:42:06.335189Z,"Ukraine: 3 displacements (destroyed housing), 19 July - 19 July. According to the regional government, 1 house was destroyed in Zolochivska (Bohodukhiv Raion, Kharkiv Oblast) on July 19 due to military operations.",https://t.me/synegubov/10428,Conflict
155389.0,Ukraine,UKR,47.96067,37.834438,"[47.96067, 37.834438]",Recommended figure,Conflict,total,325,2024-07-18 00:00:00,2024-07-18 00:00:00,2024-07-18 00:00:00,2024,22790.0,Ukraine: International armed conflict (IAC) - Donetsk - 2024,2024-01-01 00:00:00,2024-12-31 00:00:00,Unknown,Unknown,Unknown,Unknown,National Police of Ukraine,https://www.npu.gov.ua/news/vnaslidok-rosiiskykh-obstriliv-donechchyny-dvi-liudyny-zahynuly-17-zaznaly-poranen-politsiia-zadokumentuvala-voienni-zlochyny,"Donetsk Oblast, Ukraine","47.96067, 37.834438",State/Region/Province (ADM1),Origin,Displacement without preventive evacuations reported,2024-07-18T08:12:52.652106Z,"Ukraine: 325 displacements (evacuated), 18 July - 18 July. According to the National Police of Ukraine, 325 people have been evacuated in Donetsk Oblast on 18 July due to military operations.",https://www.npu.gov.ua/news/vnaslidok-rosiiskykh-obstriliv-donechchyny-dvi-liudyny-zahynuly-17-zaznaly-poranen-politsiia-zadokumentuvala-voienni-zlochyny,Conflict
155339.0,Ukraine,UKR,47.96067,37.834438,"[47.96067, 37.834438]",Recommended figure,Conflict,total,254,2024-07-17 00:00:00,2024-07-17 00:00:00,2024-07-17 00:00:00,2024,22790.0,Ukraine: International armed conflict (IAC) - Donetsk - 2024,2024-01-01 00:00:00,2024-12-31 00:00:00,Unknown,Unknown,Unknown,Unknown,National Police of Ukraine,https://www.npu.gov.ua/news/odyn-zahyblyi-i-sim-poranenykh-za-dobu-politsiia-donechchyny-dokumentuie-naslidky-vorozhykh-atak,"Donetsk Oblast, Ukraine","47.96067, 37.834438",State/Region/Province (ADM1),Origin,Displacement without preventive evacuations reported,2024-07-17T14:52:22.026123Z,"Ukraine: 254 displacements (evacuated), 17 July - 17 July. According to the National Police of Ukraine, 254 people have been evacuated in Donetsk Oblast on 17 July due to military operations.",https://www.npu.gov.ua/news/odyn-zahyblyi-i-sim-poranenykh-za-dobu-politsiia-donechchyny-dokumentuie-naslidky-vorozhykh-atak,Conflict
155913.0,Ukraine,UKR,47.14571,35.73764,"[47.14571, 35.73764]",Recommended figure,Conflict,more than or equal to,5,2024-07-17 00:00:00,2024-07-17 00:00:00,2024-07-17 00:00:00,2024,20827.0,Ukraine: International armed conflict (IAC)  - Countrywide - 2024,2024-01-01 00:00:00,2024-12-31 00:00:00,Unknown,Unknown,Unknown,Unknown,National Police of Ukraine,https://www.npu.gov.ua/news/na-zaporizhzhi-u-rezultati-rosiiskykh-atak-ie-postrazhdali-pravookhorontsi-dokumentuiut-naslidky-vorozhykh-vluchan,"Zaporizhia Oblast, Ukraine","47.14571, 35.73764",State/Region/Province (ADM1),Origin,Unknown,2024-07-23T12:32:02.153906Z,"Ukraine: 5 displacements (destroyed housing), 17 July - 17 July. According to the National Police of Ukraine, homes were destroyed in Zaporizhia Oblast on July 21 due to military operations.",https://www.npu.gov.ua/news/na-zaporizhzhi-u-rezultati-rosiiskykh-atak-ie-postrazhdali-pravookhorontsi-dokumentuiut-naslidky-vorozhykh-vluchan,Conflict
155338.0,Ukraine,UKR,47.96067,37.834438,"[47.96067, 37.834438]",Recommended figure,Conflict,total,322,2024-07-16 00:00:00,2024-07-16 00:00:00,2024-07-16 00:00:00,2024,22790.0,Ukraine: International armed conflict (IAC) - Donetsk - 2024,2024-01-01 00:00:00,2024-12-31 00:00:00,Unknown,Unknown,Unknown,Unknown,National Police of Ukraine,https://www.npu.gov.ua/news/visim-meshkantsiv-donechchyny-otrymaly-poranennia-vnaslidok-rosiiskykh-bombarduvan-politseiski-zadokumentuvaly-naslidky-atak-rf,"Donetsk Oblast, Ukraine","47.96067, 37.834438",State/Region/Province (ADM1),Origin,Displacement without preventive evacuations reported,2024-07-17T14:49:59.752898Z,"Ukraine: 322 displacements (evacuated), 16 July - 16 July. According to the National Police of Ukraine, 322 people have been evacuated in Donetsk Oblast on 16 July due to military operations.",https://www.npu.gov.ua/news/visim-meshkantsiv-donechchyny-otrymaly-poranennia-vnaslidok-rosiiskykh-bombarduvan-politseiski-zadokumentuvaly-naslidky-atak-rf,Conflict
154833.0,Ukraine,UKR,44.605437779304566,33.522078338664784,"[44.605437779304566, 33.522078338664784]",Recommended figure,Disaster,more than or equal to,5,2024-07-15 00:00:00,2024-07-15 00:00:00,2024-07-15 00:00:00,2024,25354.0,Ukraine: Wildfire - Crimea (Sevastopol) - 15/07/2024,2024-07-15 00:00:00,2024-07-15 00:00:00,Weather related,Climatological,Wildfire,Wildfire,Regional Government Russia ,https://crimea.ria.ru/20240715/pod-sevastopolem-gorit-trava---lyudey-evakuirovali-1138865156.html,"Sevastopol, Ленинский район, Sevastopol, South federal district, Russia","44.605437779304566, 33.522078338664784",County/City/town/Village/Woreda (ADM3),Origin,Displacement without preventive evacuations reported,2024-07-16T09:57:18.950277Z,"Ukraine: 5 displacements (evacuated), 15 July - 15 July. According to the regional government of Russia, people were evacuated on the northern side of Sevastopol on July 15 due to wildfire.",https://crimea.ria.ru/20240715/pod-sevastopolem-gorit-trava---lyudey-evakuirovali-1138865156.html,Wildfire
155337.0,Ukraine,UKR,47.96067,37.834438,"[47.96067, 37.834438]",Recommended figure,Conflict,total,77,2024-07-15 00:00:00,2024-07-15 00:00:00,2024-07-15 00:00:00,2024,22790.0,Ukraine: International armed conflict (IAC) - Donetsk - 2024,2024-01-01 00:00:00,2024-12-31 00:00:00,Unknown,Unknown,Unknown,Unknown,National Police of Ukraine,https://www.npu.gov.ua/news/voroh-obstriliav-donechchynu-3380-raziv-za-dobu-zahynula-tsyvilna-osoba-11-zhyteliv-zaznaly-poranen,"Donetsk Oblast, Ukraine","47.96067, 37.834438",State/Region/Province (ADM1),Origin,Displacement without preventive evacuations reported,2024-07-17T14:47:54.009354Z,"Ukraine: 77 displacements (evacuated), 15 July - 15 July. According to the National Police of Ukraine, 77 people have been evacuated in Donetsk Oblast on 15 July due to military operations.",https://www.npu.gov.ua/news/voroh-obstriliav-donechchynu-3380-raziv-za-dobu-zahynula-tsyvilna-osoba-11-zhyteliv-zaznaly-poranen,Conflict
155379.0,Ukraine,UKR,49.709961,37.621769,"[49.709961, 37.621769]",Triangulation,Conflict,more than or equal to,5,2024-07-14 00:00:00,2024-07-14 00:00:00,2024-07-14 00:00:00,2024,20827.0,Ukraine: International armed conflict (IAC)  - Countrywide - 2024,2024-01-01 00:00:00,2024-12-31 00:00:00,Unknown,Unknown,Unknown,Unknown,National Police of Ukraine,https://www.npu.gov.ua/news/vnaslidok-vorozhykh-obstriliv-postrazhdaly-troie-tsyvilnykh-liudei-slidchi-kharkivshchyny-zadokumentuvaly-voienni-zlochyny,"Kupiansk, Куп’янська міська рада, Kharkiv Oblast, Ukraine","49.709961, 37.621769",County/City/town/Village/Woreda (ADM3),Origin,Unknown,2024-07-18T07:57:44.368976Z,"Ukraine: 5 displacements (destroyed housing), 14 July - 14 July. According to the National Police of Ukraine, houses were destroyed in Kupiansk city on July 14 due to military operations.",https://www.npu.gov.ua/news/vnaslidok-vorozhykh-obstriliv-postrazhdaly-troie-tsyvilnykh-liudei-slidchi-kharkivshchyny-zadokumentuvaly-voienni-zlochyny,Conflict
155383.0,Ukraine,UKR,49.520641,37.719601,"[49.520641, 37.719601]",Triangulation,Conflict,more than or equal to,3,2024-07-14 00:00:00,2024-07-14 00:00:00,2024-07-14 00:00:00,2024,20827.0,Ukraine: International armed conflict (IAC)  - Countrywide - 2024,2024-01-01 00:00:00,2024-12-31 00:00:00,Unknown,Unknown,Unknown,Unknown,National Police of Ukraine,https://www.npu.gov.ua/news/vnaslidok-vorozhykh-obstriliv-postrazhdaly-troie-tsyvilnykh-liudei-slidchi-kharkivshchyny-zadokumentuvaly-voienni-zlochyny,"Kruhliakivka, Kupiansk Raion, Kharkiv Oblast, Ukraine","49.520641, 37.719601",County/City/town/Village/Woreda (ADM3),Origin,Unknown,2024-07-18T08:05:45.237722Z,"Ukraine: 3 displacements (destroyed housing), 14 July - 14 July. According to the National Police of Ukraine, houses were destroyed in Kruhliakivka on July 14 due to military operations.",https://www.npu.gov.ua/news/vnaslidok-vorozhykh-obstriliv-postrazhdaly-troie-tsyvilnykh-liudei-slidchi-kharkivshchyny-zadokumentuvaly-voienni-zlochyny,Conflict
155336.0,Ukraine,UKR,47.96067,37.834438,"[47.96067, 37.834438]",Recommended figure,Conflict,total,128,2024-07-14 00:00:00,2024-07-14 00:00:00,2024-07-14 00:00:00,2024,22790.0,Ukraine: International armed conflict (IAC) - Donetsk - 2024,2024-01-01 00:00:00,2024-12-31 00:00:00,Unknown,Unknown,Unknown,Unknown,National Police of Ukraine,https://www.npu.gov.ua/news/shestero-zhyteliv-donechchyny-zahynuly-ta-11-otrymaly-travmy-zokrema-dytyna-naslidky-rosiiskykh-bombarduvan,"Donetsk Oblast, Ukraine","47.96067, 37.834438",State/Region/Province (ADM1),Origin,Displacement without preventive evacuations reported,2024-07-17T14:45:12.664827Z,"Ukraine: 128 displacements (evacuated), 14 July - 14 July. According to the National Police of Ukraine, 128 people have been evacuated in Donetsk Oblast on 14 July due to military operations.",https://www.npu.gov.ua/news/shestero-zhyteliv-donechchyny-zahynuly-ta-11-otrymaly-travmy-zokrema-dytyna-naslidky-rosiiskykh-bombarduvan,Conflict
155335.0,Ukraine,UKR,47.96067,37.834438,"[47.96067, 37.834438]",Recommended figure,Conflict,total,232,2024-07-13 00:00:00,2024-07-13 00:00:00,2024-07-13 00:00:00,2024,22790.0,Ukraine: International armed conflict (IAC) - Donetsk - 2024,2024-01-01 00:00:00,2024-12-31 00:00:00,Unknown,Unknown,Unknown,Unknown,National Police of Ukraine,https://www.npu.gov.ua/news/rosiiski-okupanty-vbyly-shistokh-zhyteliv-donechchyny-shche-22-osoby-zaznaly-poranen-zokrema-dytyna,"Donetsk Oblast, Ukraine","47.96067, 37.834438",State/Region/Province (ADM1),Origin,Displacement without preventive evacuations reported,2024-07-17T14:42:40.183205Z,"Ukraine: 232 displacements (evacuated), 13 July - 13 July. According to the National Police of Ukraine, 232 people have been evacuated in Donetsk Oblast on 13 July due to military operations.",https://www.npu.gov.ua/news/rosiiski-okupanty-vbyly-shistokh-zhyteliv-donechchyny-shche-22-osoby-zaznaly-poranen-zokrema-dytyna,Conflict
155334.0,Ukraine,UKR,47.96067,37.834438,"[47.96067, 37.834438]",Recommended figure,Conflict,total,157,2024-07-12 00:00:00,2024-07-12 00:00:00,2024-07-12 00:00:00,2024,22790.0,Ukraine: International armed conflict (IAC) - Donetsk - 2024,2024-01-01 00:00:00,2024-12-31 00:00:00,Unknown,Unknown,Unknown,Unknown,National Police of Ukraine,https://www.npu.gov.ua/news/chetvero-zahyblykh-i-21-poranenyi-sered-zhertv-ie-dity-naslidky-rosiiskykh-obstriliv-donechchyny-za-dobu,"Donetsk Oblast, Ukraine","47.96067, 37.834438",State/Region/Province (ADM1),Origin,Displacement without preventive evacuations reported,2024-07-17T14:40:12.707387Z,"Ukraine: 157 displacements (evacuated), 12 July - 12 July. According to the National Police of Ukraine, 157 people have been evacuated in Donetsk Oblast on 12 July due to military operations.",https://www.npu.gov.ua/news/chetvero-zahyblykh-i-21-poranenyi-sered-zhertv-ie-dity-naslidky-rosiiskykh-obstriliv-donechchyny-za-dobu,Conflict
155378.0,Ukraine,UKR,49.598991,36.52422,"[49.598991, 36.52422]",Triangulation,Conflict,total,33,2024-07-12 00:00:00,2024-07-12 00:00:00,2024-07-12 00:00:00,2024,20827.0,Ukraine: International armed conflict (IAC)  - Countrywide - 2024,2024-01-01 00:00:00,2024-12-31 00:00:00,Unknown,Unknown,Unknown,Unknown,National Police of Ukraine,https://www.npu.gov.ua/news/mynuloi-doby-okupanty-byly-po-kharkivshchyni-z-riznoho-vydu-ozbroiennia-ie-zahybli-ta-poraneni-slidchi-zadokumentuvaly-naslidky-voiennykh-zlochyniv,"Slobozhanske, Zmiiv Raion, Kharkiv Oblast, Ukraine","49.598991, 36.52422",County/City/town/Village/Woreda (ADM3),Origin,Unknown,2024-07-18T07:46:14.467325Z,"Ukraine: 33 displacements (destroyed housing), 12 July - 12 July. According to the National Police of Ukraine, 13 houses were destroyed in Slobozhanske on July 12 due to military operations.",https://www.npu.gov.ua/news/mynuloi-doby-okupanty-byly-po-kharkivshchyni-z-riznoho-vydu-ozbroiennia-ie-zahybli-ta-poraneni-slidchi-zadokumentuvaly-naslidky-voiennykh-zlochyniv,Conflict
155377.0,Ukraine,UKR,50.30434,37.051731,"[50.30434, 37.051731]",Triangulation,Conflict,total,3,2024-07-11 00:00:00,2024-07-11 00:00:00,2024-07-11 00:00:00,2024,20827.0,Ukraine: International armed conflict (IAC)  - Countrywide - 2024,2024-01-01 00:00:00,2024-12-31 00:00:00,Unknown,Unknown,Unknown,Unknown,National Police of Ukraine,https://www.npu.gov.ua/news/za-dobu-cherez-vorozhi-obstrily-po-kharkivshchyni-troie-liudei-zahynuly-16-zaznaly-poranen-slidchi-zadokumentuvaly-naslidky-voiennykh-zlochyniv,"Vovchanski Khutory, Vovchansk Raion, Kharkiv Oblast, Ukraine","50.30434, 37.051731",County/City/town/Village/Woreda (ADM3),Origin,Unknown,2024-07-18T07:42:25.693090Z,"Ukraine: 3 displacements (destroyed housing), 11 July - 11 July. According to the National Police of Ukraine, a house was destroyed in Vovchanski Khutory on July 11 due to military operations.",https://www.npu.gov.ua/news/za-dobu-cherez-vorozhi-obstrily-po-kharkivshchyni-troie-liudei-zahynuly-16-zaznaly-poranen-slidchi-zadokumentuvaly-naslidky-voiennykh-zlochyniv,Conflict
155376.0,Ukraine,UKR,49.383808,37.633011,"[49.383808, 37.633011]",Triangulation,Conflict,total,3,2024-07-11 00:00:00,2024-07-11 00:00:00,2024-07-11 00:00:00,2024,20827.0,Ukraine: International armed conflict (IAC)  - Countrywide - 2024,2024-01-01 00:00:00,2024-12-31 00:00:00,Unknown,Unknown,Unknown,Unknown,National Police of Ukraine,https://www.npu.gov.ua/news/cherez-aviaudar-po-selyshchu-borova-postrazhdaly-chotyry-liudyny-politsiia-pratsiuie-na-mistsi-podii,"Borova, Borova Raion, Kharkiv Oblast, Ukraine","49.383808, 37.633011",County/City/town/Village/Woreda (ADM3),Origin,Unknown,2024-07-18T07:39:16.923442Z,"Ukraine: 3 displacements (destroyed housing), 11 July - 11 July. According to the National Police of Ukraine, a house was destroyed in Borova (Kharkiv Oblast) on July 11 due to military operations.",https://www.npu.gov.ua/news/cherez-aviaudar-po-selyshchu-borova-postrazhdaly-chotyry-liudyny-politsiia-pratsiuie-na-mistsi-podii,Conflict
155333.0,Ukraine,UKR,47.96067,37.834438,"[47.96067, 37.834438]",Recommended figure,Conflict,total,146,2024-07-11 00:00:00,2024-07-11 00:00:00,2024-07-11 00:00:00,2024,22790.0,Ukraine: International armed conflict (IAC) - Donetsk - 2024,2024-01-01 00:00:00,2024-12-31 00:00:00,Unknown,Unknown,Unknown,Unknown,National Police of Ukraine,https://www.npu.gov.ua/news/za-dobu-rosiiany-vbyly-dvokh-meshkantsiv-donechchyny-ta-odnoho-poranyly-politsiia-zadokumentuvala-naslidky-atak-rf,"Donetsk Oblast, Ukraine","47.96067, 37.834438",State/Region/Province (ADM1),Origin,Displacement without preventive evacuations reported,2024-07-17T14:38:03.779346Z,"Ukraine: 146 displacements (evacuated), 11 July - 11 July. According to the National Police of Ukraine, 146 people have been evacuated in Donetsk Oblast on 11 July due to military operations.",https://www.npu.gov.ua/news/za-dobu-rosiiany-vbyly-dvokh-meshkantsiv-donechchyny-ta-odnoho-poranyly-politsiia-zadokumentuvala-naslidky-atak-rf,Conflict
154129.0,Ukraine,UKR,49.709961,37.621769,"[49.709961, 37.621769]",Triangulation,Conflict,total,5,2024-07-10 00:00:00,2024-07-10 00:00:00,2024-07-10 00:00:00,2024,20827.0,Ukraine: International armed conflict (IAC)  - Countrywide - 2024,2024-01-01 00:00:00,2024-12-31 00:00:00,Unknown,Unknown,Unknown,Unknown,Regional Government,https://t.me/synegubov/10308,"Kupiansk, Куп’янська міська рада, Kharkiv Oblast, Ukraine","49.709961, 37.621769",County/City/town/Village/Woreda (ADM3),Origin,Displacement without preventive evacuations reported,2024-07-10T14:48:52.388929Z,"Ukraine: 5 displacements (evacuated), 10 July - 10 July. According to the regional government, 2 houses were destroyed in Kupiansk on July 10 due to military operations.",https://t.me/synegubov/10308,Conflict
154130.0,Ukraine,UKR,49.659451,37.6474,"[49.659451, 37.6474]",Triangulation,Conflict,total,3,2024-07-10 00:00:00,2024-07-10 00:00:00,2024-07-10 00:00:00,2024,20827.0,Ukraine: International armed conflict (IAC)  - Countrywide - 2024,2024-01-01 00:00:00,2024-12-31 00:00:00,Unknown,Unknown,Unknown,Unknown,Regional Government,https://t.me/synegubov/10308,"Kupiansk-Vuzlovyi, Куп'янськ-Вузлова селищна рада, Куп’янська міська рада, Kharkiv Oblast, Ukraine","49.659451, 37.6474",County/City/town/Village/Woreda (ADM3),Origin,Displacement without preventive evacuations reported,2024-07-10T14:48:52.451840Z,"Ukraine: 3 displacements (evacuated), 10 July - 10 July. According to the regional government, a house was destroyed in Kupiansk-Vuzlovyi on July 10 due to military operations.",https://t.me/synegubov/10308,Conflict
154128.0,Ukraine,UKR,47.96067,37.834438,"[47.96067, 37.834438]",Recommended figure,Conflict,total,126,2024-07-10 00:00:00,2024-07-10 00:00:00,2024-07-10 00:00:00,2024,22790.0,Ukraine: International armed conflict (IAC) - Donetsk - 2024,2024-01-01 00:00:00,2024-12-31 00:00:00,Unknown,Unknown,Unknown,Unknown,National Police of Ukraine,https://www.npu.gov.ua/news/odna-liudyna-zahynula-semero-zaznaly-poranen-zokrema-dytyna-politsiia-donechchyny-dokumentuie-voienni-zlochyny-rf,"Donetsk Oblast, Ukraine","47.96067, 37.834438",State/Region/Province (ADM1),Origin,Displacement without preventive evacuations reported,2024-07-10T14:38:14.916332Z,"Ukraine: 126 displacements (evacuated), 10 July - 10 July. According to the National Police of Ukraine, 126 people have been evacuated in Donetsk Oblast on 10 July due to military operations.",https://www.npu.gov.ua/news/odna-liudyna-zahynula-semero-zaznaly-poranen-zokrema-dytyna-politsiia-donechchyny-dokumentuie-voienni-zlochyny-rf,Conflict
153984.0,Ukraine,UKR,47.96067,37.834438,"[47.96067, 37.834438]",Recommended figure,Conflict,total,194,2024-07-09 00:00:00,2024-07-09 00:00:00,2024-07-09 00:00:00,2024,22790.0,Ukraine: International armed conflict (IAC) - Donetsk - 2024,2024-01-01 00:00:00,2024-12-31 00:00:00,Unknown,Unknown,Unknown,Unknown,National Police of Ukraine,https://www.npu.gov.ua/news/okupanty-atakuvaly-20-naselenykh-punktiv-donechchyny-chotyry-liudyny-zahynuly-ta-10-osib-poraneno-zokrema-dytyna,"Donetsk Oblast, Ukraine","47.96067, 37.834438",State/Region/Province (ADM1),Origin,Displacement without preventive evacuations reported,2024-07-09T12:49:11.599119Z,"Ukraine: 194 displacements (evacuated), 09 July - 09 July. According to the National Police of Ukraine, 194 people have been evacuated in Donetsk Oblast on 09 July due to military operations.",https://www.npu.gov.ua/news/okupanty-atakuvaly-20-naselenykh-punktiv-donechchyny-chotyry-liudyny-zahynuly-ta-10-osib-poraneno-zokrema-dytyna,Conflict
153983.0,Ukraine,UKR,47.96067,37.834438,"[47.96067, 37.834438]",Recommended figure,Conflict,total,117,2024-07-08 00:00:00,2024-07-08 00:00:00,2024-07-08 00:00:00,2024,22790.0,Ukraine: International armed conflict (IAC) - Donetsk - 2024,2024-01-01 00:00:00,2024-12-31 00:00:00,Unknown,Unknown,Unknown,Unknown,National Police of Ukraine,https://www.npu.gov.ua/news/shchonaimenshe-dvoie-vbytykh-i-chetvero-poranenykh-meshkantsiv-donechchyny-politseiski-zadokumentuvaly-naslidky-rosiiskykh-atak,"Donetsk Oblast, Ukraine","47.96067, 37.834438",State/Region/Province (ADM1),Origin,Displacement without preventive evacuations reported,2024-07-09T12:47:58.270047Z,"Ukraine: 117 displacements (evacuated), 08 July - 08 July. According to the National Police of Ukraine, 117 people have been evacuated in Donetsk Oblast on 08 July due to military operations.",https://www.npu.gov.ua/news/shchonaimenshe-dvoie-vbytykh-i-chetvero-poranenykh-meshkantsiv-donechchyny-politseiski-zadokumentuvaly-naslidky-rosiiskykh-atak,Conflict
154132.0,Ukraine,UKR,50.402088,30.614679,"[50.402088, 30.614679]",Recommended figure,Conflict,more than or equal to,2,2024-07-08 00:00:00,2024-07-08 00:00:00,2024-07-08 00:00:00,2024,20827.0,Ukraine: International armed conflict (IAC)  - Countrywide - 2024,2024-01-01 00:00:00,2024-12-31 00:00:00,Unknown,Unknown,Unknown,Unknown,Local Authorities,https://t.me/vitaliy_klitschko/3261,"Kyiv, Ukraine","50.402088, 30.614679",County/City/town/Village/Woreda (ADM3),Origin,Displacement without preventive evacuations reported,2024-07-10T14:57:31.059186Z,"Ukraine: 2 displacements (evacuated), 08 July - 08 July. According to the mayor of Kyiv, people were evacuated in Syrka (Kyiv) on July 8 due to military operations.",https://t.me/vitaliy_klitschko/3261,Conflict
154133.0,Ukraine,UKR,50.46265,30.451651,"[50.46265, 30.451651]",Recommended figure,Conflict,total,3,2024-07-08 00:00:00,2024-07-08 00:00:00,2024-07-08 00:00:00,2024,20827.0,Ukraine: International armed conflict (IAC)  - Countrywide - 2024,2024-01-01 00:00:00,2024-12-31 00:00:00,Unknown,Unknown,Unknown,Unknown,Local Authorities,https://t.me/vitaliy_klitschko/3259,"Shevchenkivskyi district, Kyiv, Ukraine","50.46265, 30.451651",Point,Origin,Displacement without preventive evacuations reported,2024-07-10T15:15:49.755012Z,"Ukraine: 3 displacements (evacuated), 08 July - 08 July. According to the mayor of Ukraine, a house was destroyed in Shevchenkivskyi district of Kyiv on July 8 due to military operations.",https://t.me/vitaliy_klitschko/3259,Conflict
153985.0,Ukraine,UKR,46.969471,33.303101,"[46.969471, 33.303101]",Recommended figure,Conflict,total,3,2024-07-07 00:00:00,2024-07-07 00:00:00,2024-07-07 00:00:00,2024,20827.0,Ukraine: International armed conflict (IAC)  - Countrywide - 2024,2024-01-01 00:00:00,2024-12-31 00:00:00,Unknown,Unknown,Unknown,Unknown,National Police of Ukraine,https://www.npu.gov.ua/news/na-khersonshchyni-politseiski-evakuiuvaly-z-pid-rosiiskykh-obstriliv-trokh-litnikh-zhinok,"Beryslav Raion, Kherson Oblast, Ukraine","46.969471, 33.303101",District/Zone/Department (ADM2),Origin,Displacement without preventive evacuations reported,2024-07-09T12:56:28.259373Z,"Ukraine: 3 displacements (evacuated), 07 July - 07 July. According to the , 3 people were evacuated from Khreshchenivka in Beryslav Raion on July 7 due to military operations.",https://www.npu.gov.ua/news/na-khersonshchyni-politseiski-evakuiuvaly-z-pid-rosiiskykh-obstriliv-trokh-litnikh-zhinok,Conflict
153982.0,Ukraine,UKR,47.96067,37.834438,"[47.96067, 37.834438]",Recommended figure,Conflict,total,61,2024-07-07 00:00:00,2024-07-07 00:00:00,2024-07-07 00:00:00,2024,22790.0,Ukraine: International armed conflict (IAC) - Donetsk - 2024,2024-01-01 00:00:00,2024-12-31 00:00:00,Unknown,Unknown,Unknown,Unknown,National Police of Ukraine,https://www.npu.gov.ua/news/voroh-atakuvav-16-naselenykh-punktiv-donechchyny-dvoie-liudei-zahynulo-visim-zaznaly-poranen,"Donetsk Oblast, Ukraine","47.96067, 37.834438",State/Region/Province (ADM1),Origin,Displacement without preventive evacuations reported,2024-07-09T12:46:35.177686Z,"Ukraine: 61 displacements (evacuated), 07 July - 07 July. According to the National Police of Ukraine, 61 people have been evacuated in Donetsk Oblast on 07 July due to military operations.",https://www.npu.gov.ua/news/voroh-atakuvav-16-naselenykh-punktiv-donechchyny-dvoie-liudei-zahynulo-visim-zaznaly-poranen,Conflict
153981.0,Ukraine,UKR,47.96067,37.834438,"[47.96067, 37.834438]",Recommended figure,Conflict,total,302,2024-07-06 00:00:00,2024-07-06 00:00:00,2024-07-06 00:00:00,2024,22790.0,Ukraine: International armed conflict (IAC) - Donetsk - 2024,2024-01-01 00:00:00,2024-12-31 00:00:00,Unknown,Unknown,Unknown,Unknown,National Police of Ukraine,https://www.npu.gov.ua/news/za-dobu-rosiiany-vbyly-11-zhyteliv-donechchyny-shche-43-zaznaly-poranen-politsiia-zadokumentuvala-voienni-zlochyny,"Donetsk Oblast, Ukraine","47.96067, 37.834438",State/Region/Province (ADM1),Origin,Displacement without preventive evacuations reported,2024-07-09T12:43:01.092965Z,"Ukraine: 302 displacements (evacuated), 06 July - 06 July. According to the National Police of Ukraine, 302 people have been evacuated in Donetsk Oblast on 06 July due to military operations.",https://www.npu.gov.ua/news/za-dobu-rosiiany-vbyly-11-zhyteliv-donechchyny-shche-43-zaznaly-poranen-politsiia-zadokumentuvala-voienni-zlochyny,Conflict
153986.0,Ukraine,UKR,52.016689,33.278831,"[52.016689, 33.278831]",Triangulation,Conflict,total,5,2024-07-06 00:00:00,2024-07-06 00:00:00,2024-07-06 00:00:00,2024,20827.0,Ukraine: International armed conflict (IAC)  - Countrywide - 2024,2024-01-01 00:00:00,2024-12-31 00:00:00,Unknown,Unknown,Unknown,Unknown,National Police of Ukraine,https://www.npu.gov.ua/news/na-prykordonni-chernihivshchyny-rosiiany-atakuvaly-zhytlovi-budynky-politsiia-dokumentuie-naslidky,"Новгород-Сіверський, Novhorod-Siverskyi City Council, Chernihiv Oblast, Ukraine","52.016689, 33.278831",County/City/town/Village/Woreda (ADM3),Origin,Unknown,2024-07-09T12:58:40.937372Z,"Ukraine: 5 displacements (destroyed housing), 06 July - 06 July. According to the National Police of Ukraine, two houses were destroyed in Novhorod-Sivers'kyi (Новгород-Сіверський) in Chernihiv Oblast on July 6 due to military operations.",https://www.npu.gov.ua/news/na-prykordonni-chernihivshchyny-rosiiany-atakuvaly-zhytlovi-budynky-politsiia-dokumentuie-naslidky,Conflict
153444.0,Ukraine,UKR,47.96067,37.834438,"[47.96067, 37.834438]",Recommended figure,Conflict,total,245,2024-07-05 00:00:00,2024-07-05 00:00:00,2024-07-05 00:00:00,2024,22790.0,Ukraine: International armed conflict (IAC) - Donetsk - 2024,2024-01-01 00:00:00,2024-12-31 00:00:00,Unknown,Unknown,Unknown,Unknown,National Police of Ukraine,https://www.npu.gov.ua/news/troie-vbytykh-24-poranenykh-zokrema-piat-ditei-politsiia-donechchyny-fiksuie-naslidky-rosiiskykh-bombarduvan,"Donetsk Oblast, Ukraine","47.96067, 37.834438",State/Region/Province (ADM1),Origin,Displacement without preventive evacuations reported,2024-07-05T13:43:38.320301Z,"Ukraine: 245 displacements (evacuated), 05 July - 05 July. According to the National Police of Ukraine, 245 people have been evacuated in Donetsk Oblast on 05 July due to military operations.",https://www.npu.gov.ua/news/troie-vbytykh-24-poranenykh-zokrema-piat-ditei-politsiia-donechchyny-fiksuie-naslidky-rosiiskykh-bombarduvan,Conflict
153399.0,Ukraine,UKR,49.82996,36.378899,"[49.82996, 36.378899]",Triangulation,Conflict,total,3,2024-07-04 00:00:00,2024-07-04 00:00:00,2024-07-04 00:00:00,2024,20827.0,Ukraine: International armed conflict (IAC)  - Countrywide - 2024,2024-01-01 00:00:00,2024-12-31 00:00:00,Unknown,Unknown,Unknown,Unknown,State Emergency Service of Ukraine (SESU),https://t.me/dsns_telegram/29842,"Kharkiv Oblast, Ukraine","49.82996, 36.378899",State/Region/Province (ADM1),Origin,Unknown,2024-07-04T15:58:55.949511Z,"Ukraine: 3 displacements (destroyed housing), 04 July - 04 July. According to the State Emergency Service of Ukraine (SESU), a house was destroyed in Kharkiv Oblast on the left bank of the Oskil river on July 4 due to military operations.",https://t.me/dsns_telegram/29842,Conflict
153401.0,Ukraine,UKR,46.767673333333335,33.12950933333334,"[46.767673333333335, 33.12950933333334]",Triangulation,Conflict,total,10,2024-07-04 00:00:00,2024-07-04 00:00:00,2024-07-04 00:00:00,2024,20827.0,Ukraine: International armed conflict (IAC)  - Countrywide - 2024,2024-01-01 00:00:00,2024-12-31 00:00:00,Unknown,Unknown,Unknown,Unknown,National Police of Ukraine,https://www.npu.gov.ua/news/na-khersonshchyni-politsiia-fiksuie-naslidky-rosiiskykh-atak-na-medychnyi-ta-navchalnyi-zaklady-zhytlovi-budynky-ta-ekosystemy-ie-zahybla-ta-poraneni-tsyvilni,"Kozatske, Beryslav Raion, Kherson Oblast, Ukraine; Sadove, Bilozerka Raion, Kherson Oblast, Ukraine; Бургунка, Beryslav Raion, Kherson Oblast, Ukraine","46.78738, 33.34063; 46.70528, 32.823029; 46.81036, 33.224869",County/City/town/Village/Woreda (ADM3); County/City/town/Village/Woreda (ADM3); County/City/town/Village/Woreda (ADM3),Origin; Origin; Origin,Unknown,2024-07-04T16:02:49.022863Z,"Ukraine: 10 displacements (destroyed housing), 04 July - 04 July. According to the National Police of Ukraine, 4 homes were destroyed in Sadove, Burhunka, and Kozastke (Kherson Oblast) on July 4 due to military operations.",https://www.npu.gov.ua/news/na-khersonshchyni-politsiia-fiksuie-naslidky-rosiiskykh-atak-na-medychnyi-ta-navchalnyi-zaklady-zhytlovi-budynky-ta-ekosystemy-ie-zahybla-ta-poraneni-tsyvilni,Conflict
153384.0,Ukraine,UKR,50.432701,35.922722,"[50.432701, 35.922722]",Triangulation,Conflict,total,30,2024-07-04 00:00:00,2024-07-04 00:00:00,2024-07-04 00:00:00,2024,20827.0,Ukraine: International armed conflict (IAC)  - Countrywide - 2024,2024-01-01 00:00:00,2024-12-31 00:00:00,Unknown,Unknown,Unknown,Unknown,Regional Government,https://t.me/synegubov/10247,"Sotnytskyi Kozachok, Zolochiv Raion, Kharkiv Oblast, Ukraine","50.432701, 35.922722",County/City/town/Village/Woreda (ADM3),Origin,Displacement without preventive evacuations reported,2024-07-04T15:15:40.366612Z,"Ukraine: 30 displacements (evacuated), 04 July - 04 July. According to the regional government, 30 people were eacuated in Sotnytskyi Kozachok (Kharkiv Oblast) on July 4 due to military operations.",https://t.me/synegubov/10247,Conflict
153460.0,Ukraine,UKR,46.788952,33.30069,"[46.788952, 33.30069]",Triangulation,Conflict,total,3,2024-07-04 00:00:00,2024-07-04 00:00:00,2024-07-04 00:00:00,2024,20827.0,Ukraine: International armed conflict (IAC)  - Countrywide - 2024,2024-01-01 00:00:00,2024-12-31 00:00:00,Unknown,Unknown,Unknown,Unknown,National Police of Ukraine,https://www.npu.gov.ua/news/na-khersonshchyni-cherez-rosiiski-ataky-postrazhdaly-troie-liudei-ta-poshkodzheno-ponad-40-zhytlovykh-budynkiv-politsiia-fiksuie-naslidky,"Одрадокам’янка, Beryslav Raion, Kherson Oblast, Ukraine","46.788952, 33.30069",County/City/town/Village/Woreda (ADM3),Origin,Unknown,2024-07-05T13:46:29.282144Z,"Ukraine: 3 displacements (destroyed housing), 04 July - 04 July. According to the National Police of Ukraine, a house was destroyed in Odradokamyanka (Одрадокам’янка) in Kherson Oblast on July 4 due to military operations.",https://www.npu.gov.ua/news/na-khersonshchyni-cherez-rosiiski-ataky-postrazhdaly-troie-liudei-ta-poshkodzheno-ponad-40-zhytlovykh-budynkiv-politsiia-fiksuie-naslidky,Conflict
153397.0,Ukraine,UKR,47.96067,37.834438,"[47.96067, 37.834438]",Recommended figure,Conflict,total,220,2024-07-04 00:00:00,2024-07-04 00:00:00,2024-07-04 00:00:00,2024,22790.0,Ukraine: International armed conflict (IAC) - Donetsk - 2024,2024-01-01 00:00:00,2024-12-31 00:00:00,Unknown,Unknown,Unknown,Unknown,National Police of Ukraine,https://www.npu.gov.ua/news/za-dobu-poranen-zaznaly-troie-meshkantsiv-donechchyny-politseiski-zibraly-dokazy-voiennykh-zlochyniv-rf,"Donetsk Oblast, Ukraine","47.96067, 37.834438",State/Region/Province (ADM1),Origin,Displacement without preventive evacuations reported,2024-07-04T15:51:10.077068Z,"Ukraine: 220 displacements (evacuated), 04 July - 04 July. According to the National Police of Ukraine, 220 people have been evacuated in Donetsk Oblast on 04 July due to military operations.",https://www.npu.gov.ua/news/za-dobu-poranen-zaznaly-troie-meshkantsiv-donechchyny-politseiski-zibraly-dokazy-voiennykh-zlochyniv-rf,Conflict
153385.0,Ukraine,UKR,50.138599,35.523251,"[50.138599, 35.523251]",Triangulation,Conflict,more than or equal to,12,2024-07-04 00:00:00,2024-07-04 00:00:00,2024-07-04 00:00:00,2024,20827.0,Ukraine: International armed conflict (IAC)  - Countrywide - 2024,2024-01-01 00:00:00,2024-12-31 00:00:00,Unknown,Unknown,Unknown,Unknown,Regional Government,https://t.me/synegubov/10247,"Bohodukhiv Raion, Kharkiv Oblast, Ukraine","50.138599, 35.523251",District/Zone/Department (ADM2),Origin,Displacement without preventive evacuations reported,2024-07-04T15:15:40.440351Z,"Ukraine: 12 displacements (evacuated), 04 July - 04 July. According to the regional government, 12 people were eacuated in Oleksandrivka and Skorika in Bohodukhiv Raion (Kharkiv Oblast) on July 4 due to military operations.",https://t.me/synegubov/10247,Conflict
153400.0,Ukraine,UKR,49.589062,37.7089,"[49.589062, 37.7089]",Triangulation,Conflict,total,15,2024-07-04 00:00:00,2024-07-04 00:00:00,2024-07-04 00:00:00,2024,20827.0,Ukraine: International armed conflict (IAC)  - Countrywide - 2024,2024-01-01 00:00:00,2024-12-31 00:00:00,Unknown,Unknown,Unknown,Unknown,State Emergency Service of Ukraine (SESU),https://t.me/dsns_telegram/29842,"Hlushkivka, Kupiansk Raion, Kharkiv Oblast, Ukraine","49.589062, 37.7089",County/City/town/Village/Woreda (ADM3),Origin,Unknown,2024-07-04T15:58:56.018328Z,"Ukraine: 15 displacements (destroyed housing), 04 July - 04 July. According to the State Emergency Service of Ukraine (SESU), 6 houses were destroyed in Hlushkivka (Kharkiv Oblast) on July 4 due to military operations.",https://t.me/dsns_telegram/29842,Conflict
153398.0,Ukraine,UKR,49.99028,36.230389,"[49.99028, 36.230389]",Triangulation,Conflict,more than or equal to,5,2024-07-03 00:00:00,2024-07-03 00:00:00,2024-07-03 00:00:00,2024,20827.0,Ukraine: International armed conflict (IAC)  - Countrywide - 2024,2024-01-01 00:00:00,2024-12-31 00:00:00,Unknown,Unknown,Unknown,Unknown,National Police of Ukraine,https://www.npu.gov.ua/news/vnaslidok-obstrilu-kharkova-postrazhdaly-shestero-liudei-politsiia-pratsiuie-na-mistsi-podii,"Kharkiv, Kharkiv city rada, Kharkiv Oblast, Ukraine","49.99028, 36.230389",County/City/town/Village/Woreda (ADM3),Origin,Displacement without preventive evacuations reported,2024-07-04T15:54:19.125013Z,"Ukraine: 5 displacements (evacuated), 03 July - 03 July. According to the National Police of Ukraine, homes were destroyed in Kharkiv on July 3 due to military operations.",https://www.npu.gov.ua/news/vnaslidok-obstrilu-kharkova-postrazhdaly-shestero-liudei-politsiia-pratsiuie-na-mistsi-podii,Conflict
153463.0,Ukraine,UKR,50.142151,36.29213,"[50.142151, 36.29213]",Triangulation,Conflict,total,28,2024-07-03 00:00:00,2024-07-03 00:00:00,2024-07-03 00:00:00,2024,20827.0,Ukraine: International armed conflict (IAC)  - Countrywide - 2024,2024-01-01 00:00:00,2024-12-31 00:00:00,Unknown,Unknown,Unknown,Unknown,Regional Government,https://t.me/synegubov/10244,"Ruska Lozova, Derhachi Raion, Kharkiv Oblast, Ukraine","50.142151, 36.29213",County/City/town/Village/Woreda (ADM3),Origin,Unknown,2024-07-05T14:16:40.245521Z,"Ukraine: 28 displacements (destroyed housing), 03 July - 03 July. According to the regional government, 11 homes were destroyed in Ruska Lozova on July 3 due to military operations.",https://t.me/synegubov/10244,Conflict
153395.0,Ukraine,UKR,47.96067,37.834438,"[47.96067, 37.834438]",Recommended figure,Conflict,total,351,2024-07-03 00:00:00,2024-07-03 00:00:00,2024-07-03 00:00:00,2024,22790.0,Ukraine: International armed conflict (IAC) - Donetsk - 2024,2024-01-01 00:00:00,2024-12-31 00:00:00,Unknown,Unknown,Unknown,Unknown,National Police of Ukraine,https://www.npu.gov.ua/news/pid-udarom-23-naselenykh-punkty-donechchyny-dvoie-liudei-zahynulo-deviatero-zaznaly-poranen,"Donetsk Oblast, Ukraine","47.96067, 37.834438",State/Region/Province (ADM1),Origin,Displacement without preventive evacuations reported,2024-07-04T15:50:07.628088Z,"Ukraine: 351 displacements (evacuated), 03 July - 03 July. According to the National Police of Ukraine, 351 people have been evacuated in Donetsk Oblast on 03 July due to military operations.",https://www.npu.gov.ua/news/pid-udarom-23-naselenykh-punkty-donechchyny-dvoie-liudei-zahynulo-deviatero-zaznaly-poranen,Conflict
153390.0,Ukraine,UKR,49.674801,37.834202,"[49.674801, 37.834202]",Triangulation,Conflict,more than or equal to,9,2024-07-02 00:00:00,2024-07-02 00:00:00,2024-07-02 00:00:00,2024,20827.0,Ukraine: International armed conflict (IAC)  - Countrywide - 2024,2024-01-01 00:00:00,2024-12-31 00:00:00,Unknown,Unknown,Unknown,Unknown,Regional Government,https://t.me/synegubov/10214,"Kupiansk Raion, Kharkiv Oblast, Ukraine","49.674801, 37.834202",District/Zone/Department (ADM2),Origin,Displacement without preventive evacuations reported,2024-07-04T15:28:01.784219Z,"Ukraine: 9 displacements (evacuated), 02 July - 02 July. According to the regional government, more than 9 people were evacuated from the Kupiansk area on July 2 due to military operations.",https://t.me/synegubov/10214,Conflict
153120.0,Ukraine,UKR,47.96067,37.834438,"[47.96067, 37.834438]",Recommended figure,Conflict,total,247,2024-07-02 00:00:00,2024-07-02 00:00:00,2024-07-02 00:00:00,2024,22790.0,Ukraine: International armed conflict (IAC) - Donetsk - 2024,2024-01-01 00:00:00,2024-12-31 00:00:00,Unknown,Unknown,Unknown,Unknown,National Police of Ukraine,https://www.npu.gov.ua/news/chotyry-liudyny-zahynuly-27-zaznaly-travm-politsiia-donechchyny-zadokumentuvala-naslidky-rosiiskykh-obstriliv,"Donetsk Oblast, Ukraine","47.96067, 37.834438",State/Region/Province (ADM1),Origin,Displacement without preventive evacuations reported,2024-07-02T15:21:53.276319Z,"Ukraine: 247 displacements (evacuated), 02 July - 02 July. According to the National Police of Ukraine, 247 people have been evacuated in Donetsk Oblast on 02 July due to military operations.",https://www.npu.gov.ua/news/chotyry-liudyny-zahynuly-27-zaznaly-travm-politsiia-donechchyny-zadokumentuvala-naslidky-rosiiskykh-obstriliv,Conflict
153107.0,Ukraine,UKR,47.96067,37.834438,"[47.96067, 37.834438]",Recommended figure,Conflict,total,367,2024-07-01 00:00:00,2024-07-01 00:00:00,2024-07-01 00:00:00,2024,22790.0,Ukraine: International armed conflict (IAC) - Donetsk - 2024,2024-01-01 00:00:00,2024-12-31 00:00:00,Unknown,Unknown,Unknown,Unknown,National Police of Ukraine,https://www.npu.gov.ua/news/doba-pid-bombamy-viiska-rf-vbyly-dvokh-zhyteliv-donechchyny-shche-12-okh-poranyly-zokrema-dytynu,"Donetsk Oblast, Ukraine","47.96067, 37.834438",State/Region/Province (ADM1),Origin,Displacement without preventive evacuations reported,2024-07-02T14:53:28.888007Z,"Ukraine: 367 displacements (evacuated), 01 July - 01 July. According to the National Police of Ukraine, 367 people have been evacuated in Donetsk Oblast on 01 July due to military operations.",https://www.npu.gov.ua/news/doba-pid-bombamy-viiska-rf-vbyly-dvokh-zhyteliv-donechchyny-shche-12-okh-poranyly-zokrema-dytynu,Conflict
153376.0,Ukraine,UKR,50.24181,36.6837805,"[50.24181, 36.6837805]",Triangulation,Conflict,total,28,2024-07-01 00:00:00,2024-07-01 00:00:00,2024-07-01 00:00:00,2024,20827.0,Ukraine: International armed conflict (IAC)  - Countrywide - 2024,2024-01-01 00:00:00,2024-12-31 00:00:00,Unknown,Unknown,Unknown,Unknown,National Police of Ukraine,https://www.npu.gov.ua/news/mynuloi-doby-viiskovi-rf-byly-po-tsyvilnomu-naselenniu-kharkivshchyny-z-aviatsii-zrk-artylerii-slidchi-zadokumentuvaly-naslidky-voiennykh-zlochyniv,"Lyptsi, Kharkiv Raion, Kharkiv Oblast, Ukraine; Vovchansk, Vovchansk Raion, Kharkiv Oblast, Ukraine","50.203121, 36.42231; 50.280499, 36.945251",County/City/town/Village/Woreda (ADM3); County/City/town/Village/Woreda (ADM3),Origin; Origin,Displacement without preventive evacuations reported,2024-07-04T14:53:52.813170Z,"Ukraine: 28 displacements (evacuated), 01 July - 01 July. According to the National Police, 28 people were evacuated in Lyptsi and Vovchansk on July 1 due to military operations.",https://www.npu.gov.ua/news/mynuloi-doby-viiskovi-rf-byly-po-tsyvilnomu-naselenniu-kharkivshchyny-z-aviatsii-zrk-artylerii-slidchi-zadokumentuvaly-naslidky-voiennykh-zlochyniv,Conflict
153366.0,Ukraine,UKR,49.709961,37.621769,"[49.709961, 37.621769]",Triangulation,Conflict,total,3,2024-07-01 00:00:00,2024-07-01 00:00:00,2024-07-01 00:00:00,2024,20827.0,Ukraine: International armed conflict (IAC)  - Countrywide - 2024,2024-01-01 00:00:00,2024-12-31 00:00:00,Unknown,Unknown,Unknown,Unknown,National Police of Ukraine,https://www.npu.gov.ua/news/mynuloi-doby-rosiiany-vbyly-tsyvilnoho-cholovika-i-poranyly-desiat-liudei-slidchi-zadokumentuvaly-naslidky-voiennykh-zlochyniv,"Kupiansk, Куп’янська міська рада, Kharkiv Oblast, Ukraine","49.709961, 37.621769",County/City/town/Village/Woreda (ADM3),Origin,Unknown,2024-07-04T14:20:27.245065Z,"Ukraine: 3 displacements (destroyed housing), 01 July - 01 July. According to the National Police of Ukraine, a house was destroyed in Kupiansk on June 30 due to military operations.",https://www.npu.gov.ua/news/mynuloi-doby-rosiiany-vbyly-tsyvilnoho-cholovika-i-poranyly-desiat-liudei-slidchi-zadokumentuvaly-naslidky-voiennykh-zlochyniv,Conflict
153360.0,Ukraine,UKR,50.402088,30.614679,"[50.402088, 30.614679]",Recommended figure,Conflict,total,10,2024-06-30 00:00:00,2024-06-30 00:00:00,2024-06-30 00:00:00,2024,20827.0,Ukraine: International armed conflict (IAC)  - Countrywide - 2024,2024-01-01 00:00:00,2024-12-31 00:00:00,Unknown,Unknown,Unknown,Unknown,State Emergency Service of Ukraine (SESU),https://t.me/dsns_telegram/29724,"Kyiv, Ukraine","50.402088, 30.614679",County/City/town/Village/Woreda (ADM3),Origin,Displacement without preventive evacuations reported,2024-07-04T13:36:36.984364Z,"Ukraine: 10 displacements (evacuated), 30 June - 30 June. According to the State Emergency Service of Ukraine (SESU), 10 people were evacuated in Kyiv on June 30 due to military operations.",https://t.me/dsns_telegram/29724,Conflict
153105.0,Ukraine,UKR,47.96067,37.834438,"[47.96067, 37.834438]",Recommended figure,Conflict,total,313,2024-06-30 00:00:00,2024-06-30 00:00:00,2024-06-30 00:00:00,2024,22790.0,Ukraine: International armed conflict (IAC) - Donetsk - 2024,2024-01-01 00:00:00,2024-12-31 00:00:00,Unknown,Unknown,Unknown,Unknown,National Police of Ukraine,https://www.npu.gov.ua/news/visim-zahyblykh-i-14-poranenykh-zhyteliv-donechchyny-za-dobu-politsiia-dokumentuie-voienni-zlochyny-rf,"Donetsk Oblast, Ukraine","47.96067, 37.834438",State/Region/Province (ADM1),Origin,Displacement without preventive evacuations reported,2024-07-02T14:52:17.662246Z,"Ukraine: 313 displacements (evacuated), 30 June - 30 June. According to the National Police of Ukraine, 313 people have been evacuated in Donetsk Oblast on 30 June due to military operations.",https://www.npu.gov.ua/news/visim-zahyblykh-i-14-poranenykh-zhyteliv-donechchyny-za-dobu-politsiia-dokumentuie-voienni-zlochyny-rf,Conflict
153362.0,Ukraine,UKR,46.678699,33.35677,"[46.678699, 33.35677]",Recommended figure,Conflict,total,3,2024-06-29 00:00:00,2024-06-29 00:00:00,2024-06-29 00:00:00,2024,20827.0,Ukraine: International armed conflict (IAC)  - Countrywide - 2024,2024-01-01 00:00:00,2024-12-31 00:00:00,Unknown,Unknown,Unknown,Unknown,National Police of Ukraine,https://www.npu.gov.ua/news/na-khersonshchyni-cherez-rosiisku-ahresiiu-zahynuly-troie-ta-postrazhdaly-deviatero-liudei-znyshcheno-vrozhai-pshenytsi-politsiia-fiksuie-naslidky,"Kherson Oblast, Ukraine","46.678699, 33.35677",State/Region/Province (ADM1),Origin,Unknown,2024-07-04T13:47:25.605696Z,"Ukraine: 3 displacements (destroyed housing), 29 June - 29 June. According to the National Police of Ukraine, a house was destroyed in Novooleksandrivka (Kherson Oblast) on June 29 due to military operations.",https://www.npu.gov.ua/news/na-khersonshchyni-cherez-rosiisku-ahresiiu-zahynuly-troie-ta-postrazhdaly-deviatero-liudei-znyshcheno-vrozhai-pshenytsi-politsiia-fiksuie-naslidky,Conflict
153104.0,Ukraine,UKR,47.96067,37.834438,"[47.96067, 37.834438]",Recommended figure,Conflict,total,453,2024-06-29 00:00:00,2024-06-29 00:00:00,2024-06-29 00:00:00,2024,22790.0,Ukraine: International armed conflict (IAC) - Donetsk - 2024,2024-01-01 00:00:00,2024-12-31 00:00:00,Unknown,Unknown,Unknown,Unknown,National Police of Ukraine,https://www.npu.gov.ua/news/cherez-rosiisku-ahresiiu-na-donechchyni-za-dobu-zahynuly-chotyry-liudyny-ta-shist-zaznaly-poranen-zokrema-dytyna,"Donetsk Oblast, Ukraine","47.96067, 37.834438",State/Region/Province (ADM1),Origin,Displacement without preventive evacuations reported,2024-07-02T14:51:16.535891Z,"Ukraine: 453 displacements (evacuated), 29 June - 29 June. According to the National Police of Ukraine, 453 people have been evacuated in Donetsk Oblast on 29 June due to military operations.",https://www.npu.gov.ua/news/cherez-rosiisku-ahresiiu-na-donechchyni-za-dobu-zahynuly-chotyry-liudyny-ta-shist-zaznaly-poranen-zokrema-dytyna,Conflict
153099.0,Ukraine,UKR,47.96067,37.834438,"[47.96067, 37.834438]",Recommended figure,Conflict,total,239,2024-06-28 00:00:00,2024-06-28 00:00:00,2024-06-28 00:00:00,2024,22790.0,Ukraine: International armed conflict (IAC) - Donetsk - 2024,2024-01-01 00:00:00,2024-12-31 00:00:00,Unknown,Unknown,Unknown,Unknown,National Police of Ukraine,https://www.npu.gov.ua/news/piat-zahyblykh-i-20-poranenykh-zhyteliv-donechchyny-zokrema-dvoie-ditei-politsiia-zadokumentuvala-naslidky-rosiiskoi-ahresii,"Donetsk Oblast, Ukraine","47.96067, 37.834438",State/Region/Province (ADM1),Origin,Displacement without preventive evacuations reported,2024-07-02T14:49:28.243224Z,"Ukraine: 239 displacements (evacuated), 28 June - 28 June. According to the National Police of Ukraine, 239 people have been evacuated in Donetsk Oblast on 28 June due to military operations.",https://www.npu.gov.ua/news/piat-zahyblykh-i-20-poranenykh-zhyteliv-donechchyny-zokrema-dvoie-ditei-politsiia-zadokumentuvala-naslidky-rosiiskoi-ahresii,Conflict
153361.0,Ukraine,UKR,46.678699,33.35677,"[46.678699, 33.35677]",Recommended figure,Conflict,more than or equal to,13,2024-06-28 00:00:00,2024-06-28 00:00:00,2024-06-28 00:00:00,2024,20827.0,Ukraine: International armed conflict (IAC)  - Countrywide - 2024,2024-01-01 00:00:00,2024-12-31 00:00:00,Unknown,Unknown,Unknown,Unknown,State Emergency Service of Ukraine (SESU),https://t.me/dsns_telegram/29591,"Kherson Oblast, Ukraine","46.678699, 33.35677",State/Region/Province (ADM1),Origin,Unknown,2024-07-04T13:41:45.180486Z,"Ukraine: 13 displacements (destroyed housing), 28 June - 28 June. According to the State Emergency Service of Ukraine (SESU), 5 homes were destroyed were destroyed in Kherson on June 28 due to military operations.",https://t.me/dsns_telegram/29591,Conflict
153098.0,Ukraine,UKR,47.96067,37.834438,"[47.96067, 37.834438]",Recommended figure,Conflict,total,230,2024-06-27 00:00:00,2024-06-27 00:00:00,2024-06-27 00:00:00,2024,22790.0,Ukraine: International armed conflict (IAC) - Donetsk - 2024,2024-01-01 00:00:00,2024-12-31 00:00:00,Unknown,Unknown,Unknown,Unknown,National Police of Ukraine,https://www.npu.gov.ua/news/okupanty-obstrilialy-10-naselenykh-punktiv-donechchyny-odna-liudyna-zahynula-14-poraneno,"Donetsk Oblast, Ukraine","47.96067, 37.834438",State/Region/Province (ADM1),Origin,Displacement without preventive evacuations reported,2024-07-02T14:47:57.850507Z,"Ukraine: 230 displacements (evacuated), 27 June - 27 June. According to the National Police of Ukraine, 230 people have been evacuated in Donetsk Oblast on 27 June due to military operations.",https://www.npu.gov.ua/news/okupanty-obstrilialy-10-naselenykh-punktiv-donechchyny-odna-liudyna-zahynula-14-poraneno,Conflict
152579.0,Ukraine,UKR,47.96067,37.834438,"[47.96067, 37.834438]",Recommended figure,Conflict,total,249,2024-06-26 00:00:00,2024-06-26 00:00:00,2024-06-26 00:00:00,2024,22790.0,Ukraine: International armed conflict (IAC) - Donetsk - 2024,2024-01-01 00:00:00,2024-12-31 00:00:00,Unknown,Unknown,Unknown,Unknown,National Police of Ukraine,https://www.npu.gov.ua/news/odna-liudyna-zahynula-ta-11-otrymaly-poranennia-politsiia-donechchyny-dokumentuie-naslidky-rosiiskykh-udariv,"Donetsk Oblast, Ukraine","47.96067, 37.834438",State/Region/Province (ADM1),Origin,Displacement without preventive evacuations reported,2024-06-26T11:30:50.427252Z,"Ukraine: 249 displacements (evacuated), 26 June - 26 June. According to the National Police of Ukraine, 249 people have been evacuated in Donetsk Oblast on 26 June due to military operations.",https://www.npu.gov.ua/news/odna-liudyna-zahynula-ta-11-otrymaly-poranennia-politsiia-donechchyny-dokumentuie-naslidky-rosiiskykh-udariv,Conflict
152578.0,Ukraine,UKR,47.96067,37.834438,"[47.96067, 37.834438]",Recommended figure,Conflict,total,167,2024-06-25 00:00:00,2024-06-25 00:00:00,2024-06-25 00:00:00,2024,22790.0,Ukraine: International armed conflict (IAC) - Donetsk - 2024,2024-01-01 00:00:00,2024-12-31 00:00:00,Unknown,Unknown,Unknown,Unknown,National Police of Ukraine,https://www.npu.gov.ua/news/rosiiski-viiska-vbyly-simokh-zhyteliv-donechchyny-shche-49-zaznaly-poranen-sered-nykh-piatero-ditei,"Donetsk Oblast, Ukraine","47.96067, 37.834438",State/Region/Province (ADM1),Origin,Displacement without preventive evacuations reported,2024-06-26T11:29:38.170568Z,"Ukraine: 167 displacements (evacuated), 25 June - 25 June. According to the National Police of Ukraine, 167 people have been evacuated in Donetsk Oblast on 25 June due to military operations.",https://www.npu.gov.ua/news/rosiiski-viiska-vbyly-simokh-zhyteliv-donechchyny-shche-49-zaznaly-poranen-sered-nykh-piatero-ditei,Conflict
152584.0,Ukraine,UKR,46.7830295,33.156706,"[46.7830295, 33.156706]",Triangulation,Conflict,total,8,2024-06-25 00:00:00,2024-06-25 00:00:00,2024-06-25 00:00:00,2024,20827.0,Ukraine: International armed conflict (IAC)  - Countrywide - 2024,2024-01-01 00:00:00,2024-12-31 00:00:00,Unknown,Unknown,Unknown,Unknown,National Police of Ukraine,https://www.npu.gov.ua/news/politsiia-fiksuie-naslidky-udariv-rosiiskykh-viisk-po-zhytlovomu-sektoru-ta-navchalnykh-zakladakh-khersonshchyny-dvoie-liudei-poraneno,"Tiahynka, Beryslav Raion, Kherson Oblast, Ukraine; Миколаївка, Beryslav Raion, Kherson Oblast, Ukraine","46.776348, 33.059231; 46.789711, 33.254181",County/City/town/Village/Woreda (ADM3); County/City/town/Village/Woreda (ADM3),Origin; Origin,Unknown,2024-06-26T11:47:25.653869Z,"Ukraine: 8 displacements (destroyed housing), 25 June - 25 June. According to the National Police of Ukraine, 3 houses were destroyed in Mylivska (Миколаївка) and Tiahynka in Kherson Oblast on June 25 due to military operations.",https://www.npu.gov.ua/news/politsiia-fiksuie-naslidky-udariv-rosiiskykh-viisk-po-zhytlovomu-sektoru-ta-navchalnykh-zakladakh-khersonshchyny-dvoie-liudei-poraneno,Conflict
152583.0,Ukraine,UKR,47.14571,35.73764,"[47.14571, 35.73764]",Recommended figure,Conflict,more than or equal to,5,2024-06-25 00:00:00,2024-06-25 00:00:00,2024-06-25 00:00:00,2024,20827.0,Ukraine: International armed conflict (IAC)  - Countrywide - 2024,2024-01-01 00:00:00,2024-12-31 00:00:00,Unknown,Unknown,Unknown,Unknown,National Police of Ukraine,https://www.npu.gov.ua/news/na-zaporizhzhi-politseiski-zadokumentuvaly-naslidky-328-udariv-rf-po-myrnykh-naselenykh-punktakh,"Zaporizhia Oblast, Ukraine","47.14571, 35.73764",State/Region/Province (ADM1),Origin,Unknown,2024-06-26T11:43:00.250220Z,"Ukraine: 5 displacements (destroyed housing), 25 June - 25 June. According to the National Police of Ukraine, homes were destroyed in Zaporizhia Oblast on June 25 due to military operations.",https://www.npu.gov.ua/news/na-zaporizhzhi-politseiski-zadokumentuvaly-naslidky-328-udariv-rf-po-myrnykh-naselenykh-punktakh,Conflict
152577.0,Ukraine,UKR,47.96067,37.834438,"[47.96067, 37.834438]",Recommended figure,Conflict,total,156,2024-06-24 00:00:00,2024-06-24 00:00:00,2024-06-24 00:00:00,2024,22790.0,Ukraine: International armed conflict (IAC) - Donetsk - 2024,2024-01-01 00:00:00,2024-12-31 00:00:00,Unknown,Unknown,Unknown,Unknown,National Police of Ukraine,https://www.npu.gov.ua/news/12-poranenykh-zokrema-dvi-dytyny-politsiia-donechchyny-zadokumentuvala-naslidky-rosiiskykh-obstriliv,"Donetsk Oblast, Ukraine","47.96067, 37.834438",State/Region/Province (ADM1),Origin,Displacement without preventive evacuations reported,2024-06-26T11:28:25.299417Z,"Ukraine: 156 displacements (evacuated), 24 June - 24 June. According to the National Police of Ukraine, 156 people have been evacuated in Donetsk Oblast on 24 June due to military operations.",https://www.npu.gov.ua/news/12-poranenykh-zokrema-dvi-dytyny-politsiia-donechchyny-zadokumentuvala-naslidky-rosiiskykh-obstriliv,Conflict
152582.0,Ukraine,UKR,50.288559,37.573071,"[50.288559, 37.573071]",Triangulation,Conflict,more than or equal to,5,2024-06-23 00:00:00,2024-06-23 00:00:00,2024-06-23 00:00:00,2024,20827.0,Ukraine: International armed conflict (IAC)  - Countrywide - 2024,2024-01-01 00:00:00,2024-12-31 00:00:00,Unknown,Unknown,Unknown,Unknown,National Police of Ukraine,https://www.npu.gov.ua/news/protiahom-doby-cherez-obstrily-rosiian-na-kharkivshchyni-zahynuv-cholovik-13-liudei-poraneni-slidchi-zadokumentuvaly-naslidky-voiennykh-zlochyniv,"Rublene, Velykyi Burluk Raion, Kharkiv Oblast, Ukraine","50.288559, 37.573071",County/City/town/Village/Woreda (ADM3),Origin,Unknown,2024-06-26T11:40:15.942894Z,"Ukraine: 5 displacements (destroyed housing), 23 June - 23 June. According to the National Police, households were destroyed in Rublene (Kharkiv Oblast) on June 23 due to military operations.",https://www.npu.gov.ua/news/protiahom-doby-cherez-obstrily-rosiian-na-kharkivshchyni-zahynuv-cholovik-13-liudei-poraneni-slidchi-zadokumentuvaly-naslidky-voiennykh-zlochyniv,Conflict
152581.0,Ukraine,UKR,50.006351,36.168079,"[50.006351, 36.168079]",Triangulation,Conflict,more than or equal to,5,2024-06-23 00:00:00,2024-06-23 00:00:00,2024-06-23 00:00:00,2024,20827.0,Ukraine: International armed conflict (IAC)  - Countrywide - 2024,2024-01-01 00:00:00,2024-12-31 00:00:00,Unknown,Unknown,Unknown,Unknown,National Police of Ukraine,https://www.npu.gov.ua/news/rosiiany-vdaryly-troma-aviabombamy-po-tsyvilnii-infrastrukturi-kharkova-ie-zahybli-ta-poraneni-politsiia-pratsiuie-na-mistsiakh-obstriliv,"Kholodnohirskiy Raion, Kharkiv, Kharkiv city rada, Kharkiv Oblast, Ukraine","50.006351, 36.168079",Point,Origin,Unknown,2024-06-26T11:37:55.771672Z,"Ukraine: 5 displacements (destroyed housing), 23 June - 23 June. According to the National Police of Ukraine, homes were destroyed in Kholodnohirskiy Raion (Kharkiv Oblast) on June 23 due to military operations.",https://www.npu.gov.ua/news/rosiiany-vdaryly-troma-aviabombamy-po-tsyvilnii-infrastrukturi-kharkova-ie-zahybli-ta-poraneni-politsiia-pratsiuie-na-mistsiakh-obstriliv,Conflict
152576.0,Ukraine,UKR,47.96067,37.834438,"[47.96067, 37.834438]",Recommended figure,Conflict,total,95,2024-06-23 00:00:00,2024-06-23 00:00:00,2024-06-23 00:00:00,2024,22790.0,Ukraine: International armed conflict (IAC) - Donetsk - 2024,2024-01-01 00:00:00,2024-12-31 00:00:00,Unknown,Unknown,Unknown,Unknown,National Police of Ukraine,https://www.npu.gov.ua/news/dvi-liudyny-zahynulo-chetvero-zaznaly-poranen-na-donechchyni-vnaslidok-vorozhykh-atak,"Donetsk Oblast, Ukraine","47.96067, 37.834438",State/Region/Province (ADM1),Origin,Displacement without preventive evacuations reported,2024-06-26T11:27:11.311585Z,"Ukraine: 95 displacements (evacuated), 23 June - 23 June. According to the National Police of Ukraine, 95 people have been evacuated in Donetsk Oblast on 23 June due to military operations.",https://www.npu.gov.ua/news/dvi-liudyny-zahynulo-chetvero-zaznaly-poranen-na-donechchyni-vnaslidok-vorozhykh-atak,Conflict
152575.0,Ukraine,UKR,47.96067,37.834438,"[47.96067, 37.834438]",Recommended figure,Conflict,total,260,2024-06-22 00:00:00,2024-06-22 00:00:00,2024-06-22 00:00:00,2024,22790.0,Ukraine: International armed conflict (IAC) - Donetsk - 2024,2024-01-01 00:00:00,2024-12-31 00:00:00,Unknown,Unknown,Unknown,Unknown,State Emergency Service of Ukraine (SESU),https://www.npu.gov.ua/news/za-dobu-rosiia-vbyla-piatokh-meshkantsiv-donechchyny-shche-semero-zaznaly-poranen,"Donetsk Oblast, Ukraine","47.96067, 37.834438",State/Region/Province (ADM1),Origin,Displacement without preventive evacuations reported,2024-06-26T11:25:31.864551Z,"Ukraine: 260 displacements (evacuated), 22 June - 22 June. According to the National Police of Ukraine, 260 people have been evacuated in Donetsk Oblast on 22 June due to military operations.",https://www.npu.gov.ua/news/za-dobu-rosiia-vbyla-piatokh-meshkantsiv-donechchyny-shche-semero-zaznaly-poranen,Conflict
152068.0,Ukraine,UKR,47.96067,37.834438,"[47.96067, 37.834438]",Recommended figure,Conflict,total,81,2024-06-21 00:00:00,2024-06-21 00:00:00,2024-06-21 00:00:00,2024,22790.0,Ukraine: International armed conflict (IAC) - Donetsk - 2024,2024-01-01 00:00:00,2024-12-31 00:00:00,Unknown,Unknown,Unknown,Unknown,National Police of Ukraine,https://www.npu.gov.ua/news/piatero-zahyblykh-i-11-poranenykh-zokrema-dytyna-naslidky-rosiiskykh-obstriliv-donechchyny-za-dobu,"Donetsk Oblast, Ukraine","47.96067, 37.834438",State/Region/Province (ADM1),Origin,Displacement without preventive evacuations reported,2024-06-21T14:38:29.660073Z,"Ukraine: 81 displacements (evacuated), 21 June - 21 June. According to the National Police of Ukraine, 81 people have been evacuated in Donetsk Oblast on 21 June due to military operations.",https://www.npu.gov.ua/news/piatero-zahyblykh-i-11-poranenykh-zokrema-dytyna-naslidky-rosiiskykh-obstriliv-donechchyny-za-dobu,Conflict
152073.0,Ukraine,UKR,47.444809,36.224838,"[47.444809, 36.224838]",Recommended figure,Conflict,total,5,2024-06-21 00:00:00,2024-06-21 00:00:00,2024-06-21 00:00:00,2024,20827.0,Ukraine: International armed conflict (IAC)  - Countrywide - 2024,2024-01-01 00:00:00,2024-12-31 00:00:00,Unknown,Unknown,Unknown,Unknown,State Emergency Service of Ukraine (SESU),https://t.me/dsns_telegram/29385,"Polohy Raion, Zaporizhia Oblast, Ukraine","47.444809, 36.224838",District/Zone/Department (ADM2),Origin,Unknown,2024-06-21T14:49:40.799372Z,"Ukraine: 5 displacements (destroyed housing), 21 June - 21 June. According to the State Emergency Service of Ukraine (SESU), 2 residential buildings were destroyed in Polohy Raion on June 21 due to military operations.",https://t.me/dsns_telegram/29385,Conflict
152069.0,Ukraine,UKR,46.678699,33.35677,"[46.678699, 33.35677]",Recommended figure,Conflict,total,7,2024-06-21 00:00:00,2024-06-21 00:00:00,2024-06-21 00:00:00,2024,20827.0,Ukraine: International armed conflict (IAC)  - Countrywide - 2024,2024-01-01 00:00:00,2024-12-31 00:00:00,Unknown,Unknown,Unknown,Unknown,Regional Government,https://t.me/olexandrprokudin/3768,"Kherson Oblast, Ukraine","46.678699, 33.35677",State/Region/Province (ADM1),Origin,Unknown,2024-06-21T14:42:37.169094Z,"Ukraine: 7 displacements (returns), 21 June - 21 June. According to the regional government of Ukraine, 7 people have been evacuated from Kherson Oblast on June 21 due to military operations.",https://t.me/olexandrprokudin/3768,Conflict
152067.0,Ukraine,UKR,47.96067,37.834438,"[47.96067, 37.834438]",Recommended figure,Conflict,total,149,2024-06-20 00:00:00,2024-06-20 00:00:00,2024-06-20 00:00:00,2024,22790.0,Ukraine: International armed conflict (IAC) - Donetsk - 2024,2024-01-01 00:00:00,2024-12-31 00:00:00,Unknown,Unknown,Unknown,Unknown,National Police of Ukraine,https://www.npu.gov.ua/news/rosiiska-armiia-atakuvala-16-naselenykh-punktiv-donechchyny-dvoie-meshkantsiv-zahynuly-chetvero-zaznaly-poranen,"Donetsk Oblast, Ukraine","47.96067, 37.834438",State/Region/Province (ADM1),Origin,Displacement without preventive evacuations reported,2024-06-21T14:37:00.285653Z,"Ukraine: 149 displacements (evacuated), 20 June - 20 June. According to the National Police of Ukraine, 149 people have been evacuated in Donetsk Oblast on 20 June due to military operations.",https://www.npu.gov.ua/news/rosiiska-armiia-atakuvala-16-naselenykh-punktiv-donechchyny-dvoie-meshkantsiv-zahynuly-chetvero-zaznaly-poranen,Conflict
152072.0,Ukraine,UKR,47.693501,36.341801,"[47.693501, 36.341801]",Recommended figure,Conflict,more than or equal to,5,2024-06-20 00:00:00,2024-06-20 00:00:00,2024-06-20 00:00:00,2024,20827.0,Ukraine: International armed conflict (IAC)  - Countrywide - 2024,2024-01-01 00:00:00,2024-12-31 00:00:00,Unknown,Unknown,Unknown,Unknown,National Police of Ukraine,https://www.npu.gov.ua/news/na-zaporizhzhi-slidchi-politsii-zafiksuvaly-naslidky-324-vorozhykh-vluchan-po-infrastrukturi-rehionu,"Huliaipole Raion, Zaporizhia Oblast, Ukraine","47.693501, 36.341801",District/Zone/Department (ADM2),Origin,Unknown,2024-06-21T14:46:11.385284Z,"Ukraine: 5 displacements (destroyed housing), 20 June - 20 June. According to the National Police of Ukraine, homes were destroyed in Huliaipole Raion on June 20 due to military operations.",https://www.npu.gov.ua/news/na-zaporizhzhi-slidchi-politsii-zafiksuvaly-naslidky-324-vorozhykh-vluchan-po-infrastrukturi-rehionu,Conflict
151372.0,Ukraine,UKR,49.63932,37.331539,"[49.63932, 37.331539]",Triangulation,Conflict,total,30,2024-06-19 00:00:00,2024-06-19 00:00:00,2024-06-19 00:00:00,2024,20827.0,Ukraine: International armed conflict (IAC)  - Countrywide - 2024,2024-01-01 00:00:00,2024-12-31 00:00:00,Unknown,Unknown,Unknown,Unknown,Local Authorities,https://www.ukrinform.ua/rubric-regions/3876569-z-borivskoi-gromadi-na-harkivsini-cerez-posilenna-obstriliv-evakuuut-30-ditej.html,"Borivske, Shevchenkove Raion, Kharkiv Oblast, Ukraine","49.63932, 37.331539",County/City/town/Village/Woreda (ADM3),Origin,Displacement without preventive evacuations reported,2024-06-19T12:08:44.380226Z,"Ukraine: 30 displacements (evacuated), 19 June - 19 June. According to the head of the Borivske community, 30 children were evacuated from the villages in the Borivske community (Kharkiv Oblast) on June 19 due to increased military operations.",https://www.ukrinform.ua/rubric-regions/3876569-z-borivskoi-gromadi-na-harkivsini-cerez-posilenna-obstriliv-evakuuut-30-ditej.html,Conflict
151379.0,Ukraine,UKR,47.96067,37.834438,"[47.96067, 37.834438]",Recommended figure,Conflict,total,86,2024-06-19 00:00:00,2024-06-19 00:00:00,2024-06-19 00:00:00,2024,22790.0,Ukraine: International armed conflict (IAC) - Donetsk - 2024,2024-01-01 00:00:00,2024-12-31 00:00:00,Unknown,Unknown,Unknown,Unknown,National Police of Ukraine,https://www.npu.gov.ua/news/odna-liudyna-zahynula-troie-zaznaly-poranen-politsiia-donechchyny-dokumentuie-naslidky-rosiiskykh-obstriliv,"Donetsk Oblast, Ukraine","47.96067, 37.834438",State/Region/Province (ADM1),Origin,Displacement without preventive evacuations reported,2024-06-19T12:17:38.365324Z,"Ukraine: 86 displacements (evacuated), 19 June - 19 June. According to the National Police of Ukraine, 86 people have been evacuated in Donetsk Oblast on 19 June due to military operations.",https://www.npu.gov.ua/news/odna-liudyna-zahynula-troie-zaznaly-poranen-politsiia-donechchyny-dokumentuie-naslidky-rosiiskykh-obstriliv,Conflict
153469.0,Ukraine,UKR,49.358059,37.652649,"[49.358059, 37.652649]",Triangulation,Conflict,total,22,2024-07-04 00:00:00,2024-06-18 00:00:00,2024-07-04 00:00:00,2024,20827.0,Ukraine: International armed conflict (IAC)  - Countrywide - 2024,2024-01-01 00:00:00,2024-12-31 00:00:00,Unknown,Unknown,Unknown,Unknown,Regional Government,https://t.me/synegubov/10251,"Borova Raion, Kharkiv Oblast, Ukraine","49.358059, 37.652649",District/Zone/Department (ADM2),Origin,Displacement without preventive evacuations reported,2024-07-05T14:19:17.812816Z,"Ukraine: 22 displacements (evacuated), 18 June - 04 July. According to the regional government, 22 children have been evacuated from Borova Raion between June 18 and July 4 due to military operations.",https://t.me/synegubov/10251,Conflict
151376.0,Ukraine,UKR,47.96067,37.834438,"[47.96067, 37.834438]",Recommended figure,Conflict,total,93,2024-06-18 00:00:00,2024-06-18 00:00:00,2024-06-18 00:00:00,2024,22790.0,Ukraine: International armed conflict (IAC) - Donetsk - 2024,2024-01-01 00:00:00,2024-12-31 00:00:00,Unknown,Unknown,Unknown,Unknown,National Police of Ukraine,https://www.npu.gov.ua/news/viiska-rf-nakryly-vohnem-deviat-naselenykh-punktiv-donechchyny-odna-liudyna-zahynula-ta-odna-zaznala-poranen,"Donetsk Oblast, Ukraine","47.96067, 37.834438",State/Region/Province (ADM1),Origin,Displacement without preventive evacuations reported,2024-06-19T12:16:19.888529Z,"Ukraine: 93 displacements (evacuated), 18 June - 18 June. According to the National Police of Ukraine, 93 people have been evacuated in Donetsk Oblast on 18 June due to military operations.",https://www.npu.gov.ua/news/viiska-rf-nakryly-vohnem-deviat-naselenykh-punktiv-donechchyny-odna-liudyna-zahynula-ta-odna-zaznala-poranen,Conflict
151389.0,Ukraine,UKR,51.15946,34.26075,"[51.159459999999996, 34.26075]",Recommended figure,Conflict,total,1800,2024-06-18 00:00:00,2024-06-18 00:00:00,2024-06-18 00:00:00,2024,20827.0,Ukraine: International armed conflict (IAC)  - Countrywide - 2024,2024-01-01 00:00:00,2024-12-31 00:00:00,Unknown,Unknown,Unknown,Unknown,Regional Government,https://t.me/Sumy_news_ODA/27320,"Bilopillia, Білопільська міська рада, Bilopillia Raion, Sumy Oblast, Ukraine; Vorozhba, Ворожбянська міська рада, Bilopillia Raion, Sumy Oblast, Ukraine","51.146679, 34.297001; 51.172241, 34.224499",County/City/town/Village/Woreda (ADM3); County/City/town/Village/Woreda (ADM3),Origin; Origin,Displacement without preventive evacuations reported,2024-06-19T12:28:34.616292Z,"Ukraine: 1,800 displacements (evacuated), 18 June - 18 June. According to the regional government, a total of 1,800 people were evacuated in Bilopilia and Vorozhba (Sumy Oblast) on 18 June due to military operations.",https://t.me/Sumy_news_ODA/27320,Conflict
160788.0,Ukraine,UKR,49.99028,36.230389,"[49.99028, 36.230389]",Recommended figure,Conflict,total,2408,2024-08-30 00:00:00,2024-06-17 00:00:00,2024-08-30 00:00:00,2024,24004.0,Ukraine: International armed conflict (IAC) - Kharkiv Oblast - 10/05/2024,2024-05-10 00:00:00,2024-06-17 00:00:00,Unknown,Unknown,Unknown,Unknown,Regional Government,https://t.me/synegubov/10905,"Kharkiv, Kharkiv city rada, Kharkiv Oblast, Ukraine","49.99028, 36.230389",County/City/town/Village/Woreda (ADM3),Origin,Displacement without preventive evacuations reported,2024-09-04T15:14:16.182058Z,"Ukraine: 2,408 displacements (evacuated), 17 June - 30 August. According to the regional government, 14,267 people were evacuated from Kharkiv Oblast between 10 May and 30 August due to military operations. This is an increase of 2,408 since June 16. These total figures may overlap with small-scale updates recorded between 16 June and 30 August.",https://t.me/synegubov/10905,Conflict
151373.0,Ukraine,UKR,47.85334,35.186378,"[47.85334, 35.186378]",Recommended figure,Conflict,more than or equal to,5,2024-06-17 00:00:00,2024-06-17 00:00:00,2024-06-17 00:00:00,2024,20827.0,Ukraine: International armed conflict (IAC)  - Countrywide - 2024,2024-01-01 00:00:00,2024-12-31 00:00:00,Unknown,Unknown,Unknown,Unknown,National Police of Ukraine,https://www.npu.gov.ua/news/u-tsentri-sela-ternuvate-ne-zdetonuvala-vorozha-fab-politseiski-provely-nevidkladni-bezpekovi-zakhody-dlia-naselennia,"Zaporizhia Municipality, Zaporizhia Oblast, Ukraine","47.85334, 35.186378",District/Zone/Department (ADM2),Origin,Displacement without preventive evacuations reported,2024-06-19T12:14:37.899347Z,"Ukraine: 5 displacements (evacuated), 17 June - 17 June. According to the National Police of Ukraine, houses were evacuated in Zaporizhia district on June 17 due to military operations.",https://www.npu.gov.ua/news/u-tsentri-sela-ternuvate-ne-zdetonuvala-vorozha-fab-politseiski-provely-nevidkladni-bezpekovi-zakhody-dlia-naselennia,Conflict
151059.0,Ukraine,UKR,47.96067,37.834438,"[47.96067, 37.834438]",Recommended figure,Conflict,total,40,2024-06-17 00:00:00,2024-06-17 00:00:00,2024-06-17 00:00:00,2024,22790.0,Ukraine: International armed conflict (IAC) - Donetsk - 2024,2024-01-01 00:00:00,2024-12-31 00:00:00,Unknown,Unknown,Unknown,Unknown,National Police of Ukraine,https://www.npu.gov.ua/news/za-dobu-rosiiany-poranyly-desiatokh-zhyteliv-donechchyny-sered-nykh-dvoie-ditei,"Donetsk Oblast, Ukraine","47.96067, 37.834438",State/Region/Province (ADM1),Origin,Displacement without preventive evacuations reported,2024-06-17T12:07:32.089389Z,"Ukraine: 40 displacements (evacuated), 17 June - 17 June. According to the National Police of Ukraine, 40 people have been evacuated in Donetsk Oblast on 17 June due to military operations.",https://www.npu.gov.ua/news/za-dobu-rosiiany-poranyly-desiatokh-zhyteliv-donechchyny-sered-nykh-dvoie-ditei,Conflict
151065.0,Ukraine,UKR,49.979296,36.18929433333333,"[49.979296, 36.18929433333333]",Recommended figure,Conflict,total,3,2024-06-17 00:00:00,2024-06-17 00:00:00,2024-06-17 00:00:00,2024,24004.0,Ukraine: International armed conflict (IAC) - Kharkiv Oblast - 10/05/2024,2024-05-10 00:00:00,2024-06-17 00:00:00,Unknown,Unknown,Unknown,Unknown,Regional Government,https://t.me/synegubov/10004,"Bohodukhiv Raion, Kharkiv Oblast, Ukraine; Chuhuiv Raion, Kharkiv Oblast, Ukraine; Kharkiv city rada, Kharkiv Oblast, Ukraine","50.138599, 35.523251; 49.807861, 36.772362; 49.991428, 36.27227",District/Zone/Department (ADM2); District/Zone/Department (ADM2); District/Zone/Department (ADM2),Origin; Origin; Origin,Displacement without preventive evacuations reported,2024-06-17T12:21:47.316134Z,"Ukraine: 3 displacements (evacuated), 17 June - 17 June. According to the regional government, 3 people have been evacuated from Chuhuiv Raion, Kharkiv District, and Bohodukhiv Raion on 17 June due to military operations. This brings the total evacuations in the area since May 10 up to 11,859.",https://t.me/synegubov/10004,Conflict
151058.0,Ukraine,UKR,47.96067,37.834438,"[47.96067, 37.834438]",Recommended figure,Conflict,total,59,2024-06-16 00:00:00,2024-06-16 00:00:00,2024-06-16 00:00:00,2024,22790.0,Ukraine: International armed conflict (IAC) - Donetsk - 2024,2024-01-01 00:00:00,2024-12-31 00:00:00,Unknown,Unknown,Unknown,Unknown,National Police of Ukraine,https://www.npu.gov.ua/news/voroh-atakuvav-sim-naselenykh-punktiv-donechchyny-troie-liudei-zahynulo-piatero-zaznaly-travm,"Donetsk Oblast, Ukraine","47.96067, 37.834438",State/Region/Province (ADM1),Origin,Displacement without preventive evacuations reported,2024-06-17T12:06:13.821716Z,"Ukraine: 59 displacements (evacuated), 16 June - 16 June. According to the National Police of Ukraine, 59 people have been evacuated in Donetsk Oblast on 16 June due to military operations.",https://www.npu.gov.ua/news/voroh-atakuvav-sim-naselenykh-punktiv-donechchyny-troie-liudei-zahynulo-piatero-zaznaly-travm,Conflict
151061.0,Ukraine,UKR,49.979296,36.18929433333333,"[49.979296, 36.18929433333333]",Recommended figure,Conflict,total,34,2024-06-16 00:00:00,2024-06-15 00:00:00,2024-06-16 00:00:00,2024,24004.0,Ukraine: International armed conflict (IAC) - Kharkiv Oblast - 10/05/2024,2024-05-10 00:00:00,2024-06-17 00:00:00,Unknown,Unknown,Unknown,Unknown,Regional Government,https://t.me/synegubov/9998,"Bohodukhiv Raion, Kharkiv Oblast, Ukraine; Chuhuiv Raion, Kharkiv Oblast, Ukraine; Kharkiv city rada, Kharkiv Oblast, Ukraine","50.138599, 35.523251; 49.807861, 36.772362; 49.991428, 36.27227",District/Zone/Department (ADM2); District/Zone/Department (ADM2); District/Zone/Department (ADM2),Origin; Origin; Origin,Displacement without preventive evacuations reported,2024-06-17T12:18:33.378832Z,"Ukraine: 34 displacements (evacuated), 15 June - 16 June. According to the regional government, 34 people have been evacuated from Chuhuiv Raion, Kharkiv District, and Bohodukhiv Raion between 15 and 16 June due to military operations. This brings the total evacuations in the area since May 10 up to 11,856.",https://t.me/synegubov/9998,Conflict
151057.0,Ukraine,UKR,47.96067,37.834438,"[47.96067, 37.834438]",Recommended figure,Conflict,total,185,2024-06-15 00:00:00,2024-06-15 00:00:00,2024-06-15 00:00:00,2024,22790.0,Ukraine: International armed conflict (IAC) - Donetsk - 2024,2024-01-01 00:00:00,2024-12-31 00:00:00,Unknown,Unknown,Unknown,Unknown,National Police of Ukraine,https://www.npu.gov.ua/news/okupanty-za-dobu-poranyly-shistokh-meshkantsiv-donechchyny-politsiia-dokumentuie-naslidky-atak,"Donetsk Oblast, Ukraine","47.96067, 37.834438",State/Region/Province (ADM1),Origin,Displacement without preventive evacuations reported,2024-06-17T12:04:04.320705Z,"Ukraine: 185 displacements (evacuated), 15 June - 15 June. According to the National Police of Ukraine, 185 people have been evacuated in Donetsk Oblast on 15 June due to military operations.",https://www.npu.gov.ua/news/okupanty-za-dobu-poranyly-shistokh-meshkantsiv-donechchyny-politsiia-dokumentuie-naslidky-atak,Conflict
151033.0,Ukraine,UKR,47.96067,37.834438,"[47.96067, 37.834438]",Recommended figure,Conflict,total,73,2024-06-14 00:00:00,2024-06-14 00:00:00,2024-06-14 00:00:00,2024,22790.0,Ukraine: International armed conflict (IAC) - Donetsk - 2024,2024-01-01 00:00:00,2024-12-31 00:00:00,Unknown,Unknown,Unknown,Unknown,National Police of Ukraine,https://www.npu.gov.ua/news/deviat-poranenykh-ponad-piv-sotni-ruinuvan-naslidky-rosiiskykh-obstriliv-donechchyny-za-dobu,"Donetsk Oblast, Ukraine","47.96067, 37.834438",State/Region/Province (ADM1),Origin,Displacement without preventive evacuations reported,2024-06-14T11:52:43.041552Z,"Ukraine: 73 displacements (evacuated), 14 June - 14 June. According to the National Police of Ukraine, 73 people have been evacuated in Donetsk Oblast on 14 June due to military operations.",https://www.npu.gov.ua/news/deviat-poranenykh-ponad-piv-sotni-ruinuvan-naslidky-rosiiskykh-obstriliv-donechchyny-za-dobu,Conflict
151074.0,Ukraine,UKR,51.146679,34.297001,"[51.146679, 34.297001]",Recommended figure,Conflict,total,23,2024-06-14 00:00:00,2024-06-14 00:00:00,2024-06-14 00:00:00,2024,20827.0,Ukraine: International armed conflict (IAC)  - Countrywide - 2024,2024-01-01 00:00:00,2024-12-31 00:00:00,Unknown,Unknown,Unknown,Unknown,Regional Police,https://www.facebook.com/policesumy/posts/pfbid0Hs8c6BoG66AbjUH4LdShG73VEBASfFH6SQM7J8bqMhpzBqCfxRCEP3qT2EsuqwHUl?locale=uk_UA,"Bilopillia, Білопільська міська рада, Bilopillia Raion, Sumy Oblast, Ukraine","51.146679, 34.297001",County/City/town/Village/Woreda (ADM3),Origin,Displacement without preventive evacuations reported,2024-06-17T12:44:57.907132Z,"Ukraine: 23 displacements (evacuated), 14 June - 14 June. According to the regional police, 23 people were evacuated from Bilopillia (Sumy Oblast) on June 14 due to military operations.",https://www.facebook.com/policesumy/posts/pfbid0Hs8c6BoG66AbjUH4LdShG73VEBASfFH6SQM7J8bqMhpzBqCfxRCEP3qT2EsuqwHUl?locale=uk_UA,Conflict
151067.0,Ukraine,UKR,47.665539,36.265678,"[47.665539, 36.265678]",Recommended figure,Conflict,more than or equal to,5,2024-06-14 00:00:00,2024-06-14 00:00:00,2024-06-14 00:00:00,2024,20827.0,Ukraine: International armed conflict (IAC)  - Countrywide - 2024,2024-01-01 00:00:00,2024-12-31 00:00:00,Unknown,Unknown,Unknown,Unknown,National Police of Ukraine,https://www.npu.gov.ua/news/za-dobu-rosiiany-zavdaly-437-udariv-po-desiaty-naselenykh-punktakh-zaporizkoi-oblasti-politsiia-zadokumentuvala-naslidky-voiennykh-zlochyniv,"Huliaipole, Huliaipole Raion, Zaporizhia Oblast, Ukraine","47.665539, 36.265678",County/City/town/Village/Woreda (ADM3),Origin,Unknown,2024-06-17T12:27:30.880509Z,"Ukraine: 5 displacements (destroyed housing), 14 June - 14 June. According to the National Police of Ukraine, homes were destroyed in Huliaipole (Zaporizhia Oblast) on June 14 due to military operations.",https://www.npu.gov.ua/news/za-dobu-rosiiany-zavdaly-437-udariv-po-desiaty-naselenykh-punktakh-zaporizkoi-oblasti-politsiia-zadokumentuvala-naslidky-voiennykh-zlochyniv,Conflict
151038.0,Ukraine,UKR,49.979296,36.189294333333336,"[49.979296, 36.189294333333336]",Recommended figure,Conflict,total,32,2024-06-14 00:00:00,2024-06-13 00:00:00,2024-06-14 00:00:00,2024,24004.0,Ukraine: International armed conflict (IAC) - Kharkiv Oblast - 10/05/2024,2024-05-10 00:00:00,2024-06-17 00:00:00,Unknown,Unknown,Unknown,Unknown,Regional Government,https://t.me/synegubov/9972,"Bohodukhiv Raion, Kharkiv Oblast, Ukraine; Chuhuiv Raion, Kharkiv Oblast, Ukraine; Kharkiv city rada, Kharkiv Oblast, Ukraine","50.138599, 35.523251; 49.807861, 36.772362; 49.991428, 36.27227",District/Zone/Department (ADM2); District/Zone/Department (ADM2); District/Zone/Department (ADM2),Origin; Origin; Origin,Displacement without preventive evacuations reported,2024-06-14T12:29:01.415642Z,"Ukraine: 32 displacements (evacuated), 13 June - 14 June. According to the regional government, 32 people have been evacuated from Chuhuiv Raion, Kharkiv District, and Bohodukhiv Raion between 13 and 14 June due to military operations. This brings the total evacuations in the area since May 10 up to 11,822.",https://t.me/synegubov/9972,Conflict
151032.0,Ukraine,UKR,47.96067,37.834438,"[47.96067, 37.834438]",Recommended figure,Conflict,total,229,2024-06-13 00:00:00,2024-06-13 00:00:00,2024-06-13 00:00:00,2024,22790.0,Ukraine: International armed conflict (IAC) - Donetsk - 2024,2024-01-01 00:00:00,2024-12-31 00:00:00,Unknown,Unknown,Unknown,Unknown,National Police of Ukraine,https://www.npu.gov.ua/news/zahynula-liudyna-politsiia-donechchyny-zadokumentuvala-naslidky-rosiiskoi-ahresii-za-dobu,"Donetsk Oblast, Ukraine","47.96067, 37.834438",State/Region/Province (ADM1),Origin,Displacement without preventive evacuations reported,2024-06-14T11:51:26.969404Z,"Ukraine: 229 displacements (evacuated), 13 June - 13 June. According to the National Police of Ukraine, 229 people have been evacuated in Donetsk Oblast on 13 June due to military operations.",https://www.npu.gov.ua/news/zahynula-liudyna-politsiia-donechchyny-zadokumentuvala-naslidky-rosiiskoi-ahresii-za-dobu,Conflict
151071.0,Ukraine,UKR,50.402088,30.614679,"[50.402088, 30.614679]",Recommended figure,Conflict,total,3,2024-06-12 00:00:00,2024-06-12 00:00:00,2024-06-12 00:00:00,2024,20827.0,Ukraine: International armed conflict (IAC)  - Countrywide - 2024,2024-01-01 00:00:00,2024-12-31 00:00:00,Unknown,Unknown,Unknown,Unknown,Regional Government,https://koda.gov.ua/onovlena-informacziya-shhodo-likvidacziyi-naslidkiv-nichnoyi-ataky-na-kyyivshhynu/,"Kyiv, Ukraine","50.402088, 30.614679",County/City/town/Village/Woreda (ADM3),Origin,Unknown,2024-06-17T12:34:29.002951Z,"Ukraine: 3 displacements (destroyed housing), 12 June - 12 June. According to the regional government, 1 house burned to the ground in Kyiv on June 12 due to military operations.",https://koda.gov.ua/onovlena-informacziya-shhodo-likvidacziyi-naslidkiv-nichnoyi-ataky-na-kyyivshhynu/,Conflict
151031.0,Ukraine,UKR,47.96067,37.834438,"[47.96067, 37.834438]",Recommended figure,Conflict,total,116,2024-06-12 00:00:00,2024-06-12 00:00:00,2024-06-12 00:00:00,2024,22790.0,Ukraine: International armed conflict (IAC) - Donetsk - 2024,2024-01-01 00:00:00,2024-12-31 00:00:00,Unknown,Unknown,Unknown,Unknown,National Police of Ukraine,https://www.npu.gov.ua/news/ye-poranenyi-politseiski-donechchyny-fiksuiut-naslidky-rosiiskykh-atak-na-13-naselenykh-punktiv,"Donetsk Oblast, Ukraine","47.96067, 37.834438",State/Region/Province (ADM1),Origin,Displacement without preventive evacuations reported,2024-06-14T11:50:20.071548Z,"Ukraine: 116 displacements (evacuated), 12 June - 12 June. According to the National Police of Ukraine, 116 people have been evacuated in Donetsk Oblast on 12 June due to military operations.",https://www.npu.gov.ua/news/ye-poranenyi-politseiski-donechchyny-fiksuiut-naslidky-rosiiskykh-atak-na-13-naselenykh-punktiv,Conflict
151037.0,Ukraine,UKR,49.979296,36.18929433333333,"[49.979296, 36.18929433333333]",Recommended figure,Conflict,total,23,2024-06-12 00:00:00,2024-06-12 00:00:00,2024-06-12 00:00:00,2024,24004.0,Ukraine: International armed conflict (IAC) - Kharkiv Oblast - 10/05/2024,2024-05-10 00:00:00,2024-06-17 00:00:00,Unknown,Unknown,Unknown,Unknown,Regional Government,https://t.me/synegubov/9958,"Bohodukhiv Raion, Kharkiv Oblast, Ukraine; Chuhuiv Raion, Kharkiv Oblast, Ukraine; Kharkiv city rada, Kharkiv Oblast, Ukraine","50.138599, 35.523251; 49.807861, 36.772362; 49.991428, 36.27227",District/Zone/Department (ADM2); District/Zone/Department (ADM2); District/Zone/Department (ADM2),Origin; Origin; Origin,Displacement without preventive evacuations reported,2024-06-14T12:26:57.905646Z,"Ukraine: 23 displacements (evacuated), 12 June - 12 June. According to the regional government, 23 people have been evacuated from Chuhuiv Raion, Kharkiv District, and Bohodukhiv Raion on 12 June due to military operations. This brings the total evacuations in the area since May 10 up to 11,790.",https://t.me/synegubov/9958,Conflict
151036.0,Ukraine,UKR,49.495609,36.663502,"[49.495609, 36.663502]",Recommended figure,Conflict,total,38,2024-06-11 00:00:00,2024-06-11 00:00:00,2024-06-11 00:00:00,2024,24004.0,Ukraine: International armed conflict (IAC) - Kharkiv Oblast - 10/05/2024,2024-05-10 00:00:00,2024-06-17 00:00:00,Unknown,Unknown,Unknown,Unknown,Regional Government,https://t.me/synegubov/9951,"Kharkiv Oblast, Ukraine","49.495609, 36.663502",State/Region/Province (ADM1),Origin,Displacement without preventive evacuations reported,2024-06-14T12:24:29.725190Z,"Ukraine: 38 displacements (evacuated), 11 June - 11 June. According to the regional government, 38 people have been evacuated from Chuhuiv Raion, Kharkiv District, and Bohodukhiv Raion on 11 June due to military operations. This brings the total evacuations in the area since May 10 up to 11,767.",https://t.me/synegubov/9951,Conflict
150677.0,Ukraine,UKR,47.96067,37.834438,"[47.96067, 37.834438]",Recommended figure,Conflict,total,94,2024-06-11 00:00:00,2024-06-11 00:00:00,2024-06-11 00:00:00,2024,22790.0,Ukraine: International armed conflict (IAC) - Donetsk - 2024,2024-01-01 00:00:00,2024-12-31 00:00:00,Unknown,Unknown,Unknown,Unknown,National Police of Ukraine,https://www.npu.gov.ua/news/odna-liudyna-zahynula-deviat-zaznaly-poranen-na-donechchyni-vnaslidok-vorozhykh-atak,"Donetsk Oblast, Ukraine","47.96067, 37.834438",State/Region/Province (ADM1),Origin,Displacement without preventive evacuations reported,2024-06-11T12:11:12.525987Z,"Ukraine: 94 displacements (evacuated), 11 June - 11 June. According to the National Police of Ukraine, 94 people have been evacuated in Donetsk Oblast on 11 June due to military operations.",https://www.npu.gov.ua/news/odna-liudyna-zahynula-deviat-zaznaly-poranen-na-donechchyni-vnaslidok-vorozhykh-atak,Conflict
150676.0,Ukraine,UKR,47.96067,37.834438,"[47.96067, 37.834438]",Recommended figure,Conflict,total,39,2024-06-10 00:00:00,2024-06-10 00:00:00,2024-06-10 00:00:00,2024,22790.0,Ukraine: International armed conflict (IAC) - Donetsk - 2024,2024-01-01 00:00:00,2024-12-31 00:00:00,Unknown,Unknown,Unknown,Unknown,National Police of Ukraine,https://www.npu.gov.ua/news/okupanty-zabraly-zhyttia-tsyvilnoi-liudyny-na-donechchyni-politseiski-fiksuiut-naslidky-rosiiskykh-atak,"Donetsk Oblast, Ukraine","47.96067, 37.834438",State/Region/Province (ADM1),Origin,Displacement without preventive evacuations reported,2024-06-11T12:10:03.811125Z,"Ukraine: 39 displacements (evacuated), 10 June - 10 June. According to the National Police of Ukraine, 39 people have been evacuated in Donetsk Oblast on 10 June due to military operations.",https://www.npu.gov.ua/news/okupanty-zabraly-zhyttia-tsyvilnoi-liudyny-na-donechchyni-politseiski-fiksuiut-naslidky-rosiiskykh-atak,Conflict
150699.0,Ukraine,UKR,47.425024,35.6989135,"[47.425024, 35.6989135]",Recommended figure,Conflict,more than or equal to,4,2024-06-10 00:00:00,2024-06-10 00:00:00,2024-06-10 00:00:00,2024,20827.0,Ukraine: International armed conflict (IAC)  - Countrywide - 2024,2024-01-01 00:00:00,2024-12-31 00:00:00,Unknown,Unknown,Unknown,Unknown,National Police of Ukraine,https://www.npu.gov.ua/news/na-zaporizhzhi-pid-chas-vorozhykh-obstriliv-poraneno-trokh-hromadian-pravookhorontsi-zibraly-dokazy-voiennykh-zlochyniv,"Polohy Raion, Zaporizhia Oblast, Ukraine; Vasylivka Raion, Zaporizhia Oblast, Ukraine","47.444809, 36.224838; 47.405239, 35.172989",District/Zone/Department (ADM2); District/Zone/Department (ADM2),Origin; Origin,Unknown,2024-06-11T14:33:46.172482Z,"Ukraine: 4 displacements (destroyed housing), 10 June - 10 June. According to the National Police of Ukraine, homes were destroyed in Polohy and Vasylivka Raion on June 10 due to military operations.",https://www.npu.gov.ua/news/na-zaporizhzhi-pid-chas-vorozhykh-obstriliv-poraneno-trokh-hromadian-pravookhorontsi-zibraly-dokazy-voiennykh-zlochyniv,Conflict
150675.0,Ukraine,UKR,47.96067,37.834438,"[47.96067, 37.834438]",Recommended figure,Conflict,total,67,2024-06-09 00:00:00,2024-06-09 00:00:00,2024-06-09 00:00:00,2024,22790.0,Ukraine: International armed conflict (IAC) - Donetsk - 2024,2024-01-01 00:00:00,2024-12-31 00:00:00,Unknown,Unknown,Unknown,Unknown,National Police of Ukraine,https://www.npu.gov.ua/news/odna-liudyna-zahynula-dvi-zaznaly-poranen-politsiia-donechchyny-dokumentuie-voienni-zlochyny-rosii,"Donetsk Oblast, Ukraine","47.96067, 37.834438",State/Region/Province (ADM1),Origin,Displacement without preventive evacuations reported,2024-06-11T12:08:55.235057Z,"Ukraine: 67 displacements (evacuated), 09 June - 09 June. According to the National Police of Ukraine, 67 people have been evacuated in Donetsk Oblast on 09 June due to military operations.",https://www.npu.gov.ua/news/odna-liudyna-zahynula-dvi-zaznaly-poranen-politsiia-donechchyny-dokumentuie-voienni-zlochyny-rosii,Conflict
150674.0,Ukraine,UKR,47.96067,37.834438,"[47.96067, 37.834438]",Recommended figure,Conflict,total,216,2024-06-08 00:00:00,2024-06-08 00:00:00,2024-06-08 00:00:00,2024,22790.0,Ukraine: International armed conflict (IAC) - Donetsk - 2024,2024-01-01 00:00:00,2024-12-31 00:00:00,Unknown,Unknown,Unknown,Unknown,National Police of Ukraine,https://www.npu.gov.ua/news/okupanty-obstrilialy-deviat-naselenykh-punktiv-donechchyny-poranyly-dvokh-meshkantsiv,"Donetsk Oblast, Ukraine","47.96067, 37.834438",State/Region/Province (ADM1),Origin,Displacement without preventive evacuations reported,2024-06-11T12:07:31.299602Z,"Ukraine: 216 displacements (evacuated), 08 June - 08 June. According to the National Police of Ukraine, 216 people have been evacuated in Donetsk Oblast on 08 June due to military operations.",https://www.npu.gov.ua/news/okupanty-obstrilialy-deviat-naselenykh-punktiv-donechchyny-poranyly-dvokh-meshkantsiv,Conflict
150697.0,Ukraine,UKR,52.091251,33.16161,"[52.091251, 33.16161]",Recommended figure,Conflict,total,3,2024-06-07 00:00:00,2024-06-07 00:00:00,2024-06-07 00:00:00,2024,20827.0,Ukraine: International armed conflict (IAC)  - Countrywide - 2024,2024-01-01 00:00:00,2024-12-31 00:00:00,Unknown,Unknown,Unknown,Unknown,National Police of Ukraine,https://www.npu.gov.ua/news/rosiiany-atakuvaly-tsentr-sela-na-prykordonni-chernihivshchyny-politsiia-dokumentuie-naslidky-vluchan-po-budynkakh-myrnykh-meshkantsiv,"Novhorod-Siverskyi Raion, Chernihiv Oblast, Ukraine","52.091251, 33.16161",District/Zone/Department (ADM2),Origin,Unknown,2024-06-11T14:20:25.927381Z,"Ukraine: 3 displacements (destroyed housing), 07 June - 07 June. According to the National Police of Ukraine, one residential building was destroyed in the Novhorod-Siverskyi district (Chernihiv Oblast) on June 7 due to military operations.",https://www.npu.gov.ua/news/rosiiany-atakuvaly-tsentr-sela-na-prykordonni-chernihivshchyny-politsiia-dokumentuie-naslidky-vluchan-po-budynkakh-myrnykh-meshkantsiv,Conflict
150673.0,Ukraine,UKR,47.96067,37.834438,"[47.96067, 37.834438]",Recommended figure,Conflict,total,149,2024-06-07 00:00:00,2024-06-07 00:00:00,2024-06-07 00:00:00,2024,22790.0,Ukraine: International armed conflict (IAC) - Donetsk - 2024,2024-01-01 00:00:00,2024-12-31 00:00:00,Unknown,Unknown,Unknown,Unknown,National Police of Ukraine,https://www.npu.gov.ua/news/odyn-zahyblyi-ta-chetvero-poranenykh-politsiia-donechchyny-zadokumentuvala-naslidky-rosiiskykh-udariv-po-tsyvilnomu-naselenniu,"Donetsk Oblast, Ukraine","47.96067, 37.834438",State/Region/Province (ADM1),Origin,Displacement without preventive evacuations reported,2024-06-11T12:06:14.893334Z,"Ukraine: 149 displacements (evacuated), 07 June - 07 June. According to the National Police of Ukraine, 149 people have been evacuated in Donetsk Oblast on 07 June due to military operations.",https://www.npu.gov.ua/news/odyn-zahyblyi-ta-chetvero-poranenykh-politsiia-donechchyny-zadokumentuvala-naslidky-rosiiskykh-udariv-po-tsyvilnomu-naselenniu,Conflict
150695.0,Ukraine,UKR,51.146679,34.297001,"[51.146679, 34.297001]",Recommended figure,Conflict,total,30,2024-06-07 00:00:00,2024-06-07 00:00:00,2024-06-07 00:00:00,2024,20827.0,Ukraine: International armed conflict (IAC)  - Countrywide - 2024,2024-01-01 00:00:00,2024-12-31 00:00:00,Unknown,Unknown,Unknown,Unknown,National Police of Ukraine,https://www.npu.gov.ua/news/politsiia-sumshchyny-dopomahaie-evakuiovuvatysia-meshkantsiam-prykordonnia,"Bilopillia, Білопільська міська рада, Bilopillia Raion, Sumy Oblast, Ukraine","51.146679, 34.297001",County/City/town/Village/Woreda (ADM3),Origin,Displacement without preventive evacuations reported,2024-06-11T12:55:49.518278Z,"Ukraine: 30 displacements (evacuated), 07 June - 07 June. According to the National Police of Ukraine, 30 people were evacuated from Bilopillia (Sumy Oblast) on June 7 due to military operations.",https://www.npu.gov.ua/news/politsiia-sumshchyny-dopomahaie-evakuiovuvatysia-meshkantsiam-prykordonnia,Conflict
150698.0,Ukraine,UKR,46.630779,32.44537,"[46.630779, 32.44537]",Recommended figure,Conflict,total,5,2024-06-07 00:00:00,2024-06-07 00:00:00,2024-06-07 00:00:00,2024,20827.0,Ukraine: International armed conflict (IAC)  - Countrywide - 2024,2024-01-01 00:00:00,2024-12-31 00:00:00,Unknown,Unknown,Unknown,Unknown,National Police of Ukraine,https://www.npu.gov.ua/news/na-khersonshchyni-cherez-rosiisku-ahresiiu-odna-liudyna-zahynula-chetvero-otrymaly-poranennia-politsiia-dokumentuie-naslidky-zlochyniv,"Bilozerka, Bilozerka Raion, Kherson Oblast, Ukraine","46.630779, 32.44537",County/City/town/Village/Woreda (ADM3),Origin,Unknown,2024-06-11T14:28:30.700633Z,"Ukraine: 5 displacements (destroyed housing), 07 June - 07 June. According to the National Police of Ukraine, 2 residential buildings were destroyed in Bilozerka on June 7 due to military operations.",https://www.npu.gov.ua/news/na-khersonshchyni-cherez-rosiisku-ahresiiu-odna-liudyna-zahynula-chetvero-otrymaly-poranennia-politsiia-dokumentuie-naslidky-zlochyniv,Conflict
150700.0,Ukraine,UKR,49.638432,34.075829,"[49.638432, 34.075829]",Recommended figure,Conflict,total,3,2024-06-07 00:00:00,2024-06-07 00:00:00,2024-06-07 00:00:00,2024,20827.0,Ukraine: International armed conflict (IAC)  - Countrywide - 2024,2024-01-01 00:00:00,2024-12-31 00:00:00,Unknown,Unknown,Unknown,Unknown,State Emergency Service of Ukraine (SESU),https://t.me/dsns_telegram/29001,"Poltava Oblast, Ukraine","49.638432, 34.075829",State/Region/Province (ADM1),Origin,Unknown,2024-06-11T14:37:32.824872Z,"Ukraine: 3 displacements (destroyed housing), 07 June - 07 June. According to the State Emergency Service of Ukraine (SESU), a residential building was destroyed on June 7 in Poltava due to military operations.",https://t.me/dsns_telegram/29001,Conflict
150233.0,Ukraine,UKR,47.96067,37.834438,"[47.96067, 37.834438]",Recommended figure,Conflict,total,217,2024-06-06 00:00:00,2024-06-06 00:00:00,2024-06-06 00:00:00,2024,22790.0,Ukraine: International armed conflict (IAC) - Donetsk - 2024,2024-01-01 00:00:00,2024-12-31 00:00:00,Unknown,Unknown,Unknown,Unknown,National Police of Ukraine,https://www.npu.gov.ua/news/chetvero-zahyblykh-i-14-poranenykh-zokrema-dytyna-politsiia-donechchyny-dokumentuie-naslidky-rosiiskykh-bombarduvan,"Donetsk Oblast, Ukraine","47.96067, 37.834438",State/Region/Province (ADM1),Origin,Displacement without preventive evacuations reported,2024-06-06T12:32:31.389628Z,"Ukraine: 217 displacements (evacuated), 06 June - 06 June. According to the National Police of Ukraine, 217 people have been evacuated in Donetsk Oblast on 06 June due to military operations.",https://www.npu.gov.ua/news/chetvero-zahyblykh-i-14-poranenykh-zokrema-dytyna-politsiia-donechchyny-dokumentuie-naslidky-rosiiskykh-bombarduvan,Conflict
150694.0,Ukraine,UKR,47.14571,35.73764,"[47.14571, 35.73764]",Recommended figure,Conflict,more than or equal to,5,2024-06-06 00:00:00,2024-06-06 00:00:00,2024-06-06 00:00:00,2024,20827.0,Ukraine: International armed conflict (IAC)  - Countrywide - 2024,2024-01-01 00:00:00,2024-12-31 00:00:00,Unknown,Unknown,Unknown,Unknown,National Police of Ukraine,https://www.npu.gov.ua/news/za-dobu-slidchi-zadokumentuvaly-naslidky-434-vorozhykh-vluchan-po-naselenykh-punktakh-zaporizkoi-oblasti,"Zaporizhia Oblast, Ukraine","47.14571, 35.73764",State/Region/Province (ADM1),Origin,Unknown,2024-06-11T12:44:42.106952Z,"Ukraine: 5 displacements (destroyed housing), 06 June - 06 June. According to the National Police of Ukraine, homes were destroyed in Zaporizhia Oblast on June 6 due to military operations.",https://www.npu.gov.ua/news/za-dobu-slidchi-zadokumentuvaly-naslidky-434-vorozhykh-vluchan-po-naselenykh-punktakh-zaporizkoi-oblasti,Conflict
150701.0,Ukraine,UKR,49.979296,36.18929433333333,"[49.979296, 36.18929433333333]",Recommended figure,Conflict,total,250,2024-06-08 00:00:00,2024-06-05 00:00:00,2024-06-08 00:00:00,2024,24004.0,Ukraine: International armed conflict (IAC) - Kharkiv Oblast - 10/05/2024,2024-05-10 00:00:00,2024-06-17 00:00:00,Unknown,Unknown,Unknown,Unknown,Regional Government,https://t.me/synegubov/9917,"Bohodukhiv Raion, Kharkiv Oblast, Ukraine; Chuhuiv Raion, Kharkiv Oblast, Ukraine; Kharkiv city rada, Kharkiv Oblast, Ukraine","50.138599, 35.523251; 49.807861, 36.772362; 49.991428, 36.27227",District/Zone/Department (ADM2); District/Zone/Department (ADM2); District/Zone/Department (ADM2),Origin; Origin; Origin,Displacement without preventive evacuations reported,2024-06-11T14:48:09.604346Z,"Ukraine: 250 displacements (evacuated), 05 June - 08 June. According to the regional government, 250 people have been evacuated from Chuhuiv Raion, Kharkiv District, and Bohodukhiv Raion between 5 and 8 June due to military operations. This brings the total evacuations in the area since May 10 up to 11,879.",https://t.me/synegubov/9917,Conflict
150223.0,Ukraine,UKR,47.96067,37.834438,"[47.96067, 37.834438]",Recommended figure,Conflict,total,347,2024-06-05 00:00:00,2024-06-05 00:00:00,2024-06-05 00:00:00,2024,22790.0,Ukraine: International armed conflict (IAC) - Donetsk - 2024,2024-01-01 00:00:00,2024-12-31 00:00:00,Unknown,Unknown,Unknown,Unknown,National Police of Ukraine,https://www.npu.gov.ua/news/2300-obstriliv-za-dobu-na-donechchyni-rosiiany-poranyly-myrnoho-zhytelia,"Donetsk Oblast, Ukraine","47.96067, 37.834438",State/Region/Province (ADM1),Origin,Displacement without preventive evacuations reported,2024-06-06T12:31:01.064657Z,"Ukraine: 347 displacements (evacuated), 05 June - 05 June. According to the National Police of Ukraine, 347 people have been evacuated in Donetsk Oblast on 05 June due to military operations.",https://www.npu.gov.ua/news/2300-obstriliv-za-dobu-na-donechchyni-rosiiany-poranyly-myrnoho-zhytelia,Conflict
150241.0,Ukraine,UKR,47.14571,35.73764,"[47.14571, 35.73764]",Recommended figure,Conflict,more than or equal to,5,2024-06-05 00:00:00,2024-06-05 00:00:00,2024-06-05 00:00:00,2024,20827.0,Ukraine: International armed conflict (IAC)  - Countrywide - 2024,2024-01-01 00:00:00,2024-12-31 00:00:00,Unknown,Unknown,Unknown,Unknown,National Police of Ukraine,https://www.npu.gov.ua/news/na-zaporizhzhi-politseiski-zadokumentuvaly-naslidky-364-udariv-po-budynkakh-tsyvilnoho-naselennia,"Zaporizhia Oblast, Ukraine","47.14571, 35.73764",State/Region/Province (ADM1),Origin,Unknown,2024-06-06T12:43:37.054337Z,"Ukraine: 5 displacements (destroyed housing), 05 June - 05 June. According to the National Police of Ukraine, a large number of homes were destroyed in Zaporizhia Oblast on June 5 due to military operations.",https://www.npu.gov.ua/news/na-zaporizhzhi-politseiski-zadokumentuvaly-naslidky-364-udariv-po-budynkakh-tsyvilnoho-naselennia,Conflict
150092.0,Ukraine,UKR,47.96067,37.834438,"[47.96067, 37.834438]",Recommended figure,Conflict,total,215,2024-06-04 00:00:00,2024-06-04 00:00:00,2024-06-04 00:00:00,2024,22790.0,Ukraine: International armed conflict (IAC) - Donetsk - 2024,2024-01-01 00:00:00,2024-12-31 00:00:00,Unknown,Unknown,Unknown,Unknown,National Police of Ukraine,https://www.npu.gov.ua/news/rosiiany-vbyly-na-donechchyni-dvokh-liudei-sered-iakykh-dytyna-i-dvokh-poranyly,"Donetsk Oblast, Ukraine","47.96067, 37.834438",State/Region/Province (ADM1),Origin,Displacement without preventive evacuations reported,2024-06-04T13:19:01.106992Z,"Ukraine: 215 displacements (evacuated), 04 June - 04 June. According to the National Police of Ukraine, 215 people have been evacuated in Donetsk Oblast on 04 June due to military operations.",https://www.npu.gov.ua/news/rosiiany-vbyly-na-donechchyni-dvokh-liudei-sered-iakykh-dytyna-i-dvokh-poranyly,Conflict
150246.0,Ukraine,UKR,51.07983,34.77383,"[51.07983, 34.77383]",Recommended figure,Conflict,total,2,2024-06-04 00:00:00,2024-06-04 00:00:00,2024-06-04 00:00:00,2024,20827.0,Ukraine: International armed conflict (IAC)  - Countrywide - 2024,2024-01-01 00:00:00,2024-12-31 00:00:00,Unknown,Unknown,Unknown,Unknown,Regional Government,https://t.me/Sumy_news_ODA/26826,"Хотінь, Хотінська селищна об’єднана територіальна громада, Sumy Raion, Sumy Oblast, Ukraine","51.07983, 34.77383",County/City/town/Village/Woreda (ADM3),Origin,Unknown,2024-06-06T12:50:42.164211Z,"Ukraine: 2 displacements (destroyed housing), 04 June - 04 June. According to the regional government, 2 homes were destroyed in Khotin (Sumy Oblast) on June 4 due to military operations.",https://t.me/Sumy_news_ODA/26826,Conflict
150098.0,Ukraine,UKR,47.14571,35.73764,"[47.14571, 35.73764]",Recommended figure,Conflict,more than or equal to,5,2024-06-03 00:00:00,2024-06-03 00:00:00,2024-06-03 00:00:00,2024,20827.0,Ukraine: International armed conflict (IAC)  - Countrywide - 2024,2024-01-01 00:00:00,2024-12-31 00:00:00,Unknown,Unknown,Unknown,Unknown,National Police of Ukraine,https://www.npu.gov.ua/news/politseiski-zafiksuvaly-naslidky-446-vorozhykh-vluchan-po-vosmy-naselenykh-punktakh-zaporizkoi-oblasti,"Zaporizhia Oblast, Ukraine","47.14571, 35.73764",State/Region/Province (ADM1),Origin,Unknown,2024-06-04T13:52:51.188463Z,"Ukraine: 5 displacements (destroyed housing), 03 June - 03 June. According to the National Police of Ukraine, homes were destroyed in Zaporizhia Oblast on June 3 due to military operations.",https://www.npu.gov.ua/news/politseiski-zafiksuvaly-naslidky-446-vorozhykh-vluchan-po-vosmy-naselenykh-punktakh-zaporizkoi-oblasti,Conflict
149940.0,Ukraine,UKR,47.96067,37.834438,"[47.96067, 37.834438]",Recommended figure,Conflict,total,49,2024-06-03 00:00:00,2024-06-03 00:00:00,2024-06-03 00:00:00,2024,22790.0,Ukraine: International armed conflict (IAC) - Donetsk - 2024,2024-01-01 00:00:00,2024-12-31 00:00:00,Unknown,Unknown,Unknown,Unknown,National Police of Ukraine,https://www.npu.gov.ua/news/piatero-zhyteliv-donechchyny-zaznaly-poranen-vnaslidok-rosiiskykh-atak,"Donetsk Oblast, Ukraine","47.96067, 37.834438",State/Region/Province (ADM1),Origin,Displacement without preventive evacuations reported,2024-06-03T12:19:45.341149Z,"Ukraine: 49 displacements (evacuated), 03 June - 03 June. According to the National Police of Ukraine, 49 people have been evacuated in Donetsk Oblast on 03 June due to military operations.",https://www.npu.gov.ua/news/piatero-zhyteliv-donechchyny-zaznaly-poranen-vnaslidok-rosiiskykh-atak,Conflict
150096.0,Ukraine,UKR,48.414961000000005,29.8170945,"[48.414961000000005, 29.8170945]",Recommended figure,Conflict,total,5,2024-06-03 00:00:00,2024-06-03 00:00:00,2024-06-03 00:00:00,2024,20827.0,Ukraine: International armed conflict (IAC)  - Countrywide - 2024,2024-01-01 00:00:00,2024-12-31 00:00:00,Unknown,Unknown,Unknown,Unknown,Regional Government,https://loda.gov.ua/news/106350,"Lviv Oblast, Ukraine; Zaporizhia Oblast, Ukraine","49.684212, 23.896549; 47.14571, 35.73764",State/Region/Province (ADM1); State/Region/Province (ADM1),Destination; Origin,Displacement without preventive evacuations reported,2024-06-04T13:44:12.276256Z,"Ukraine: 5 displacements (evacuated), 03 June - 03 June. According to the regional government of Ukraine, 5 children were evacuated from Zaporizhia Oblast to Lviv Oblast on June 3 due to military operations.",https://loda.gov.ua/news/106350,Conflict
150094.0,Ukraine,UKR,49.979296,36.189294333333336,"[49.979296, 36.189294333333336]",Recommended figure,Conflict,total,193,2024-06-04 00:00:00,2024-06-02 00:00:00,2024-06-04 00:00:00,2024,24004.0,Ukraine: International armed conflict (IAC) - Kharkiv Oblast - 10/05/2024,2024-05-10 00:00:00,2024-06-17 00:00:00,Unknown,Unknown,Unknown,Unknown,Regional Government,https://t.me/synegubov/9895,"Bohodukhiv Raion, Kharkiv Oblast, Ukraine; Chuhuiv Raion, Kharkiv Oblast, Ukraine; Kharkiv city rada, Kharkiv Oblast, Ukraine","50.138599, 35.523251; 49.807861, 36.772362; 49.991428, 36.27227",District/Zone/Department (ADM2); District/Zone/Department (ADM2); District/Zone/Department (ADM2),Origin; Origin; Origin,Displacement without preventive evacuations reported,2024-06-04T13:30:56.455207Z,"Ukraine: 193 displacements (evacuated), 02 June - 04 June. According to the regional government, 193 people have been evacuated from Chuhuiv Raion, Kharkiv District, and Bohodukhiv Raion between 2 and 4 June due to military operations. This brings the total evacuations in the area since May 10 up to 11,629.",https://t.me/synegubov/9895,Conflict
149939.0,Ukraine,UKR,47.96067,37.834438,"[47.96067, 37.834438]",Recommended figure,Conflict,total,53,2024-06-02 00:00:00,2024-06-02 00:00:00,2024-06-02 00:00:00,2024,22790.0,Ukraine: International armed conflict (IAC) - Donetsk - 2024,2024-01-01 00:00:00,2024-12-31 00:00:00,Unknown,Unknown,Unknown,Unknown,National Police of Ukraine,https://www.npu.gov.ua/news/okupanty-obstrilialy-14-naselenykh-punktiv-donechchyny-odna-liudyna-zahynula-visim-zokrema-dytyna-poraneni,"Donetsk Oblast, Ukraine","47.96067, 37.834438",State/Region/Province (ADM1),Origin,Displacement without preventive evacuations reported,2024-06-03T12:18:16.195302Z,"Ukraine: 53 displacements (evacuated), 02 June - 02 June. According to the National Police of Ukraine, 53 people have been evacuated in Donetsk Oblast on 02 June due to military operations.",https://www.npu.gov.ua/news/okupanty-obstrilialy-14-naselenykh-punktiv-donechchyny-odna-liudyna-zahynula-visim-zokrema-dytyna-poraneni,Conflict
149947.0,Ukraine,UKR,47.85334,35.186378,"[47.85334, 35.186378]",Recommended figure,Conflict,more than or equal to,5,2024-06-02 00:00:00,2024-06-01 00:00:00,2024-06-02 00:00:00,2024,20827.0,Ukraine: International armed conflict (IAC)  - Countrywide - 2024,2024-01-01 00:00:00,2024-12-31 00:00:00,Unknown,Unknown,Unknown,Unknown,National Police of Ukraine,https://www.npu.gov.ua/news/na-zaporizhzhi-slidchi-zadokumentuvaly-naslidky-vluchan-po-obiektakh-zhytlovoi-ta-krytychnoi-infrastruktury,"Zaporizhzhia, Zaporizhia Municipality, Zaporizhia Oblast, Ukraine","47.85334, 35.186378",County/City/town/Village/Woreda (ADM3),Origin,Unknown,2024-06-03T12:51:26.066671Z,"Ukraine: 5 displacements (destroyed housing), 01 June - 02 June. According to the National Police of Ukraine, homes were destroyed in Zaporizhzhia between June 1 and 2 due to military operations.",https://www.npu.gov.ua/news/na-zaporizhzhi-slidchi-zadokumentuvaly-naslidky-vluchan-po-obiektakh-zhytlovoi-ta-krytychnoi-infrastruktury,Conflict
149938.0,Ukraine,UKR,47.96067,37.834438,"[47.96067, 37.834438]",Recommended figure,Conflict,total,450,2024-06-01 00:00:00,2024-06-01 00:00:00,2024-06-01 00:00:00,2024,22790.0,Ukraine: International armed conflict (IAC) - Donetsk - 2024,2024-01-01 00:00:00,2024-12-31 00:00:00,Unknown,Unknown,Unknown,Unknown,National Police of Ukraine,https://www.npu.gov.ua/news/dvoie-vbytykh-visim-poranenykh-myrnykh-zhyteliv-naslidky-rosiiskykh-atak-na-donechchyni-za-dobu,"Donetsk Oblast, Ukraine","47.96067, 37.834438",State/Region/Province (ADM1),Origin,Displacement without preventive evacuations reported,2024-06-03T12:16:47.823703Z,"Ukraine: 450 displacements (evacuated), 01 June - 01 June. According to the National Police of Ukraine, 450 people have been evacuated in Donetsk Oblast on 01 June due to military operations.",https://www.npu.gov.ua/news/dvoie-vbytykh-visim-poranenykh-myrnykh-zhyteliv-naslidky-rosiiskykh-atak-na-donechchyni-za-dobu,Conflict
149941.0,Ukraine,UKR,49.979296,36.18929433333333,"[49.979296, 36.18929433333333]",Recommended figure,Conflict,total,143,2024-06-01 00:00:00,2024-05-31 00:00:00,2024-06-01 00:00:00,2024,24004.0,Ukraine: International armed conflict (IAC) - Kharkiv Oblast - 10/05/2024,2024-05-10 00:00:00,2024-06-17 00:00:00,Unknown,Unknown,Unknown,Unknown,Regional Government,https://t.me/synegubov/9866,"Bohodukhiv Raion, Kharkiv Oblast, Ukraine; Chuhuiv Raion, Kharkiv Oblast, Ukraine; Kharkiv city rada, Kharkiv Oblast, Ukraine","50.138599, 35.523251; 49.807861, 36.772362; 49.991428, 36.27227",District/Zone/Department (ADM2); District/Zone/Department (ADM2); District/Zone/Department (ADM2),Origin; Origin; Origin,Displacement without preventive evacuations reported,2024-06-03T12:37:24.828507Z,"Ukraine: 143 displacements (evacuated), 31 May - 01 June. According to the regional government, 143 people have been evacuated from Chuhuiv Raion, Kharkiv District, and Bohodukhiv Raion between May 31 and June 1 due to military operations. This brings the total evacuations in the area since May 10 up to 11,436.",https://t.me/synegubov/9866,Conflict
149936.0,Ukraine,UKR,47.96067,37.834438,"[47.96067, 37.834438]",Recommended figure,Conflict,total,155,2024-05-31 00:00:00,2024-05-31 00:00:00,2024-05-31 00:00:00,2024,22790.0,Ukraine: International armed conflict (IAC) - Donetsk - 2024,2024-01-01 00:00:00,2024-12-31 00:00:00,Unknown,Unknown,Unknown,Unknown,National Police of Ukraine,https://www.npu.gov.ua/news/troie-liudei-zaznaly-poranen-na-donechchyni-vnaslidok-rosiiskykh-bombarduvan,"Donetsk Oblast, Ukraine","47.96067, 37.834438",State/Region/Province (ADM1),Origin,Displacement without preventive evacuations reported,2024-06-03T12:11:20.157128Z,"Ukraine: 155 displacements (evacuated), 31 May - 31 May. According to the National Police of Ukraine, 155 people have been evacuated in Donetsk Oblast on 31 May due to military operations.",https://www.npu.gov.ua/news/troie-liudei-zaznaly-poranen-na-donechchyni-vnaslidok-rosiiskykh-bombarduvan,Conflict
149946.0,Ukraine,UKR,47.14571,35.73764,"[47.14571, 35.73764]",Recommended figure,Conflict,more than or equal to,5,2024-05-31 00:00:00,2024-05-31 00:00:00,2024-05-31 00:00:00,2024,20827.0,Ukraine: International armed conflict (IAC)  - Countrywide - 2024,2024-01-01 00:00:00,2024-12-31 00:00:00,Unknown,Unknown,Unknown,Unknown,National Police of Ukraine,https://www.npu.gov.ua/news/za-dobu-rosiiany-zavdaly-372-udary-po-terytorii-zaporizkoi-oblasti-na-mistsiakh-vorozhykh-vluchan-pratsiuvaly-politseiski,"Zaporizhia Oblast, Ukraine","47.14571, 35.73764",State/Region/Province (ADM1),Origin,Displacement without preventive evacuations reported,2024-06-03T12:46:25.628427Z,"Ukraine: 5 displacements (evacuated), 31 May - 31 May. According to the National Police of Ukraine, houses were destroyed in Zaporizhia Oblast on May 31 due to military operations.",https://www.npu.gov.ua/news/za-dobu-rosiiany-zavdaly-372-udary-po-terytorii-zaporizkoi-oblasti-na-mistsiakh-vorozhykh-vluchan-pratsiuvaly-politseiski,Conflict
149638.0,Ukraine,UKR,49.979296,36.189294333333336,"[49.979296, 36.189294333333336]",Recommended figure,Conflict,total,40,2024-05-30 00:00:00,2024-05-30 00:00:00,2024-05-30 00:00:00,2024,24004.0,Ukraine: International armed conflict (IAC) - Kharkiv Oblast - 10/05/2024,2024-05-10 00:00:00,2024-06-17 00:00:00,Unknown,Unknown,Unknown,Unknown,Regional Government,https://t.me/synegubov/9824,"Bohodukhiv Raion, Kharkiv Oblast, Ukraine; Chuhuiv Raion, Kharkiv Oblast, Ukraine; Kharkiv city rada, Kharkiv Oblast, Ukraine","50.138599, 35.523251; 49.807861, 36.772362; 49.991428, 36.27227",District/Zone/Department (ADM2); District/Zone/Department (ADM2); District/Zone/Department (ADM2),Origin; Origin; Origin,Displacement without preventive evacuations reported,2024-05-30T11:34:35.653735Z,"Ukraine: 40 displacements (evacuated), 30 May - 30 May. According to the regional government, 40 people have been evacuated from Chuhuiv Raion, Kharkiv District, and Bohodukhiv Raion on May 30 due to military operations. This brings the total evacuations in the area since May 10 up to 11,293.",https://t.me/synegubov/9824,Conflict
149937.0,Ukraine,UKR,47.96067,37.834438,"[47.96067, 37.834438]",Recommended figure,Conflict,total,199,2024-05-30 00:00:00,2024-05-30 00:00:00,2024-05-30 00:00:00,2024,22790.0,Ukraine: International armed conflict (IAC) - Donetsk - 2024,2024-01-01 00:00:00,2024-12-31 00:00:00,Unknown,Unknown,Unknown,Unknown,National Police of Ukraine,https://www.npu.gov.ua/news/troie-liudei-zaznaly-poranen-na-donechchyni-vnaslidok-rosiiskykh-bombarduvan,"Donetsk Oblast, Ukraine","47.96067, 37.834438",State/Region/Province (ADM1),Origin,Displacement without preventive evacuations reported,2024-06-03T12:11:20.202975Z,"Ukraine: 199 displacements (evacuated), 30 May - 30 May. ""According to the National Police of Ukraine, 199 people have been evacuated in Donetsk Oblast on 30 May due to military operations.",https://www.npu.gov.ua/news/troie-liudei-zaznaly-poranen-na-donechchyni-vnaslidok-rosiiskykh-bombarduvan,Conflict
149634.0,Ukraine,UKR,49.979296,36.189294333333336,"[49.979296, 36.189294333333336]",Recommended figure,Conflict,total,54,2024-05-29 00:00:00,2024-05-29 00:00:00,2024-05-29 00:00:00,2024,24004.0,Ukraine: International armed conflict (IAC) - Kharkiv Oblast - 10/05/2024,2024-05-10 00:00:00,2024-06-17 00:00:00,Unknown,Unknown,Unknown,Unknown,Regional Government,https://t.me/synegubov/9790,"Bohodukhiv Raion, Kharkiv Oblast, Ukraine; Chuhuiv Raion, Kharkiv Oblast, Ukraine; Kharkiv city rada, Kharkiv Oblast, Ukraine","50.138599, 35.523251; 49.807861, 36.772362; 49.991428, 36.27227",District/Zone/Department (ADM2); District/Zone/Department (ADM2); District/Zone/Department (ADM2),Origin; Origin; Origin,Displacement without preventive evacuations reported,2024-05-30T11:26:32.633920Z,"Ukraine: 54 displacements (evacuated), 29 May - 29 May. According to the regional government, 54 people have been evacuated from Chuhuiv Raion, Kharkiv District, and Bohodukhiv Raion on May 29 due to military operations. This brings the total evacuations in the area since May 10 up to 11,253.",https://t.me/synegubov/9790,Conflict
149633.0,Ukraine,UKR,47.14571,35.73764,"[47.14571, 35.73764]",Recommended figure,Conflict,more than or equal to,5,2024-05-29 00:00:00,2024-05-29 00:00:00,2024-05-29 00:00:00,2024,20827.0,Ukraine: International armed conflict (IAC)  - Countrywide - 2024,2024-01-01 00:00:00,2024-12-31 00:00:00,Unknown,Unknown,Unknown,Unknown,National Police of Ukraine,https://www.npu.gov.ua/news/na-zaporizhzhi-vnaslidok-obstriliv-zruinovani-budynky-myrnoho-naselennia-za-faktamy-voiennykh-zlochyniv-pravookhorontsi-vidkryly-kryminalni-provadzhennia,"Zaporizhia Oblast, Ukraine","47.14571, 35.73764",State/Region/Province (ADM1),Origin,Displacement without preventive evacuations reported,2024-05-30T11:19:28.919705Z,"Ukraine: 5 displacements (evacuated), 29 May - 29 May. According to the National Police of Ukraine, houses were destroyed in Zaporizhia Oblast on May 29 due to military operations.",https://www.npu.gov.ua/news/na-zaporizhzhi-vnaslidok-obstriliv-zruinovani-budynky-myrnoho-naselennia-za-faktamy-voiennykh-zlochyniv-pravookhorontsi-vidkryly-kryminalni-provadzhennia,Conflict
149630.0,Ukraine,UKR,47.96067,37.834438,"[47.96067, 37.834438]",Recommended figure,Conflict,total,165,2024-05-29 00:00:00,2024-05-29 00:00:00,2024-05-29 00:00:00,2024,22790.0,Ukraine: International armed conflict (IAC) - Donetsk - 2024,2024-01-01 00:00:00,2024-12-31 00:00:00,Unknown,Unknown,Unknown,Unknown,National Police of Ukraine,https://www.npu.gov.ua/news/na-donechchyni-vnaslidok-obstriliv-zahynulo-troie-liudei-shche-14-osib-sered-iakyi-dytyna-otrymaly-poranennia,"Donetsk Oblast, Ukraine","47.96067, 37.834438",State/Region/Province (ADM1),Origin,Displacement without preventive evacuations reported,2024-05-30T10:06:46.945718Z,"Ukraine: 165 displacements (evacuated), 29 May - 29 May. According to the National Police of Ukraine, 165 people have been evacuated in Donetsk Oblast on 29 May due to military operations.",https://www.npu.gov.ua/news/na-donechchyni-vnaslidok-obstriliv-zahynulo-troie-liudei-shche-14-osib-sered-iakyi-dytyna-otrymaly-poranennia,Conflict
149150.0,Ukraine,UKR,47.96067,37.834438,"[47.96067, 37.834438]",Recommended figure,Conflict,total,202,2024-05-28 00:00:00,2024-05-28 00:00:00,2024-05-28 00:00:00,2024,22790.0,Ukraine: International armed conflict (IAC) - Donetsk - 2024,2024-01-01 00:00:00,2024-12-31 00:00:00,Unknown,Unknown,Unknown,Unknown,National Police of Ukraine,https://www.npu.gov.ua/news/odyn-zahyblyi-i-troie-poranenykh-za-dobu-politsiia-donechchyny-zadokumentuvala-naslidky-rosiiskykh-obstriliv,"Donetsk Oblast, Ukraine","47.96067, 37.834438",State/Region/Province (ADM1),Origin,Displacement without preventive evacuations reported,2024-05-28T14:58:09.726548Z,"Ukraine: 202 displacements (evacuated), 28 May - 28 May. According to the National Police of Ukraine, 202 people have been evacuated in Donetsk Oblast on 28 May due to military operations.",https://www.npu.gov.ua/news/odyn-zahyblyi-i-troie-poranenykh-za-dobu-politsiia-donechchyny-zadokumentuvala-naslidky-rosiiskykh-obstriliv,Conflict
149157.0,Ukraine,UKR,49.979296,36.189294333333336,"[49.979296, 36.189294333333336]",Recommended figure,Conflict,total,57,2024-05-28 00:00:00,2024-05-28 00:00:00,2024-05-28 00:00:00,2024,24004.0,Ukraine: International armed conflict (IAC) - Kharkiv Oblast - 10/05/2024,2024-05-10 00:00:00,2024-06-17 00:00:00,Unknown,Unknown,Unknown,Unknown,Regional Government,https://t.me/synegubov/9774,"Bohodukhiv Raion, Kharkiv Oblast, Ukraine; Chuhuiv Raion, Kharkiv Oblast, Ukraine; Kharkiv city rada, Kharkiv Oblast, Ukraine","50.138599, 35.523251; 49.807861, 36.772362; 49.991428, 36.27227",District/Zone/Department (ADM2); District/Zone/Department (ADM2); District/Zone/Department (ADM2),Origin; Origin; Origin,Displacement without preventive evacuations reported,2024-05-28T15:10:07.668445Z,"Ukraine: 57 displacements (evacuated), 28 May - 28 May. According to the regional government, 57 people have been evacuated from Chuhuiv Raion, Kharkiv District, and Bohodukhiv Raion on May 28 due to military operations. This brings the total evacuations in the area since May 10 up to 11,199.",https://t.me/synegubov/9774,Conflict
148857.0,Ukraine,UKR,47.96067,37.834438,"[47.96067, 37.834438]",Recommended figure,Conflict,total,194,2024-05-27 00:00:00,2024-05-27 00:00:00,2024-05-27 00:00:00,2024,22790.0,Ukraine: International armed conflict (IAC) - Donetsk - 2024,2024-01-01 00:00:00,2024-12-31 00:00:00,Unknown,Unknown,Unknown,Unknown,National Police of Ukraine,https://www.npu.gov.ua/news/rosiiski-viiska-vbyly-piatokh-myrnykh-zhyteliv-donechchyny-shche-troie-zaznaly-poranen,"Donetsk Oblast, Ukraine","47.96067, 37.834438",State/Region/Province (ADM1),Origin,Displacement without preventive evacuations reported,2024-05-27T15:01:15.815847Z,"Ukraine: 194 displacements (evacuated), 27 May - 27 May. According to the National Police of Ukraine, 194 people have been evacuated in Donetsk Oblast on 27 May due to military operations.",https://www.npu.gov.ua/news/rosiiski-viiska-vbyly-piatokh-myrnykh-zhyteliv-donechchyny-shche-troie-zaznaly-poranen,Conflict
148864.0,Ukraine,UKR,49.979296,36.189294333333336,"[49.979296, 36.189294333333336]",Triangulation,Conflict,total,25,2024-05-27 00:00:00,2024-05-27 00:00:00,2024-05-27 00:00:00,2024,24004.0,Ukraine: International armed conflict (IAC) - Kharkiv Oblast - 10/05/2024,2024-05-10 00:00:00,2024-06-17 00:00:00,Unknown,Unknown,Unknown,Unknown,Regional Government,https://t.me/synegubov/9743,"Bohodukhiv Raion, Kharkiv Oblast, Ukraine; Chuhuiv Raion, Kharkiv Oblast, Ukraine; Kharkiv city rada, Kharkiv Oblast, Ukraine","50.138599, 35.523251; 49.807861, 36.772362; 49.991428, 36.27227",District/Zone/Department (ADM2); District/Zone/Department (ADM2); District/Zone/Department (ADM2),Origin; Origin; Origin,Displacement without preventive evacuations reported,2024-05-27T15:38:17.708436Z,"Ukraine: 25 displacements (evacuated), 27 May - 27 May. According to the regional government, 25 people have been evacuated from Chuhuiv Raion, Kharkiv District, and Bohodukhiv Raion on May 27 due to military operations. This brings the total evacuations in the area since May 10 up to 11,142.",https://t.me/synegubov/9743,Conflict
148855.0,Ukraine,UKR,47.96067,37.834438,"[47.96067, 37.834438]",Recommended figure,Conflict,total,261,2024-05-26 00:00:00,2024-05-26 00:00:00,2024-05-26 00:00:00,2024,22790.0,Ukraine: International armed conflict (IAC) - Donetsk - 2024,2024-01-01 00:00:00,2024-12-31 00:00:00,Unknown,Unknown,Unknown,Unknown,National Police of Ukraine,https://www.npu.gov.ua/news/odyn-zahyblyi-ta-piatero-poranenykh-politsiia-donechchyny-dokumentuie-naslidky-rosiiskykh-udariv-po-tsyvilnomu-naselenniu,"Donetsk Oblast, Ukraine","47.96067, 37.834438",State/Region/Province (ADM1),Origin,Displacement without preventive evacuations reported,2024-05-27T14:59:57.672526Z,"Ukraine: 261 displacements (evacuated), 26 May - 26 May. According to the National Police of Ukraine, 261 people have been evacuated in Donetsk Oblast on 26 May due to military operations.",https://www.npu.gov.ua/news/odyn-zahyblyi-ta-piatero-poranenykh-politsiia-donechchyny-dokumentuie-naslidky-rosiiskykh-udariv-po-tsyvilnomu-naselenniu,Conflict
148859.0,Ukraine,UKR,48.97776,28.538549,"[48.97776, 28.538549]",Recommended figure,Conflict,total,40,2024-05-26 00:00:00,2024-05-26 00:00:00,2024-05-26 00:00:00,2024,20827.0,Ukraine: International armed conflict (IAC)  - Countrywide - 2024,2024-01-01 00:00:00,2024-12-31 00:00:00,Unknown,Unknown,Unknown,Unknown,State Emergency Service of Ukraine (SESU),https://t.me/dsns_telegram/28536,"Vinnytsia Oblast, Ukraine","48.97776, 28.538549",State/Region/Province (ADM1),Origin,Displacement without preventive evacuations reported,2024-05-27T15:20:15.563308Z,"Ukraine: 40 displacements (evacuated), 26 May - 26 May. According to the State Emergency Service of Ukraine (SESU), 40 people were evacuated in Vinnytsia Oblast on May 26 due to military operations.",https://t.me/dsns_telegram/28536,Conflict
148862.0,Ukraine,UKR,49.979296,36.189294333333336,"[49.979296, 36.189294333333336]",Triangulation,Conflict,total,27,2024-05-26 00:00:00,2024-05-26 00:00:00,2024-05-26 00:00:00,2024,24004.0,Ukraine: International armed conflict (IAC) - Kharkiv Oblast - 10/05/2024,2024-05-10 00:00:00,2024-06-17 00:00:00,Unknown,Unknown,Unknown,Unknown,Regional Government,https://t.me/synegubov/9717,"Bohodukhiv Raion, Kharkiv Oblast, Ukraine; Chuhuiv Raion, Kharkiv Oblast, Ukraine; Kharkiv city rada, Kharkiv Oblast, Ukraine","50.138599, 35.523251; 49.807861, 36.772362; 49.991428, 36.27227",District/Zone/Department (ADM2); District/Zone/Department (ADM2); District/Zone/Department (ADM2),Origin; Origin; Origin,Displacement without preventive evacuations reported,2024-05-27T15:30:25.605428Z,"Ukraine: 27 displacements (evacuated), 26 May - 26 May. According to the regional government, 27 people have been evacuated from Chuhuiv Raion, Kharkiv District, and Bohodukhiv Raion on May 26 due to military operations. This brings the total evacuations in the area since May 10 up to 11,117.",https://t.me/synegubov/9717,Conflict
148860.0,Ukraine,UKR,49.979296,36.18929433333333,"[49.979296, 36.18929433333333]",Triangulation,Conflict,total,72,2024-05-25 00:00:00,2024-05-25 00:00:00,2024-05-25 00:00:00,2024,24004.0,Ukraine: International armed conflict (IAC) - Kharkiv Oblast - 10/05/2024,2024-05-10 00:00:00,2024-06-17 00:00:00,Unknown,Unknown,Unknown,Unknown,Regional Government,https://t.me/synegubov/9679,"Bohodukhiv Raion, Kharkiv Oblast, Ukraine; Chuhuiv Raion, Kharkiv Oblast, Ukraine; Kharkiv city rada, Kharkiv Oblast, Ukraine","50.138599, 35.523251; 49.807861, 36.772362; 49.991428, 36.27227",District/Zone/Department (ADM2); District/Zone/Department (ADM2); District/Zone/Department (ADM2),Origin; Origin; Origin,Displacement without preventive evacuations reported,2024-05-27T15:26:23.483060Z,"Ukraine: 72 displacements (evacuated), 25 May - 25 May. According to the regional government, 72 people have been evacuated from Chuhuiv Raion, Kharkiv District, and Bohodukhiv Raion on May 25 due to military operations. This brings the total evacuations in the area since May 10 up to 11,090.",https://t.me/synegubov/9679,Conflict
148854.0,Ukraine,UKR,47.96067,37.834438,"[47.96067, 37.834438]",Recommended figure,Conflict,total,438,2024-05-25 00:00:00,2024-05-25 00:00:00,2024-05-25 00:00:00,2024,22790.0,Ukraine: International armed conflict (IAC) - Donetsk - 2024,2024-01-01 00:00:00,2024-12-31 00:00:00,Unknown,Unknown,Unknown,Unknown,National Police of Ukraine,https://npu.gov.ua/news/troie-liudei-zahynuly-ta-dvoie-zaznaly-poranen-vnaslidok-rosiiskykh-atak-na-donechchyni,"Donetsk Oblast, Ukraine","47.96067, 37.834438",State/Region/Province (ADM1),Origin,Displacement without preventive evacuations reported,2024-05-27T14:58:20.891196Z,"Ukraine: 438 displacements (evacuated), 25 May - 25 May. According to the National Police of Ukraine, 194 people have been evacuated in Donetsk Oblast on 25 May due to military operations.",https://npu.gov.ua/news/troie-liudei-zahynuly-ta-dvoie-zaznaly-poranen-vnaslidok-rosiiskykh-atak-na-donechchyni,Conflict
148634.0,Ukraine,UKR,49.979296,36.18929433333333,"[49.979296, 36.18929433333333]",Triangulation,Conflict,total,38,2024-05-24 00:00:00,2024-05-24 00:00:00,2024-05-24 00:00:00,2024,24004.0,Ukraine: International armed conflict (IAC) - Kharkiv Oblast - 10/05/2024,2024-05-10 00:00:00,2024-06-17 00:00:00,Unknown,Unknown,Unknown,Unknown,Regional Government,https://t.me/synegubov/9660,"Bohodukhiv Raion, Kharkiv Oblast, Ukraine; Chuhuiv Raion, Kharkiv Oblast, Ukraine; Kharkiv city rada, Kharkiv Oblast, Ukraine","50.138599, 35.523251; 49.807861, 36.772362; 49.991428, 36.27227",District/Zone/Department (ADM2); District/Zone/Department (ADM2); District/Zone/Department (ADM2),Origin; Origin; Origin,Displacement without preventive evacuations reported,2024-05-24T09:39:22.015651Z,"Ukraine: 38 displacements (evacuated), 24 May - 24 May. According to the regional government, 38 people have been evacuated from Chuhuiv Raion, Kharkiv District, and Bohodukhiv Raion on May 24 due to military operations. This brings the total evacuations in the area since May 10 up to 11,018.",https://t.me/synegubov/9660,Conflict
148858.0,Ukraine,UKR,47.14571,35.73764,"[47.14571, 35.73764]",Recommended figure,Conflict,more than or equal to,5,2024-05-24 00:00:00,2024-05-24 00:00:00,2024-05-24 00:00:00,2024,20827.0,Ukraine: International armed conflict (IAC)  - Countrywide - 2024,2024-01-01 00:00:00,2024-12-31 00:00:00,Unknown,Unknown,Unknown,Unknown,National Police of Ukraine,https://www.npu.gov.ua/news/na-zaporizhzhi-politsiia-zadokumentuvala-naslidky-342-vorozhykh-vluchan-po-semy-naselenykh-punktakh,"Zaporizhia Oblast, Ukraine","47.14571, 35.73764",State/Region/Province (ADM1),Origin,Unknown,2024-05-27T15:16:14.071400Z,"Ukraine: 5 displacements (destroyed housing), 24 May - 24 May. According to the National Police of Ukraine, houses were destroyed in Zaporizhia Oblast on May 24 due to military operations.",https://www.npu.gov.ua/news/na-zaporizhzhi-politsiia-zadokumentuvala-naslidky-342-vorozhykh-vluchan-po-semy-naselenykh-punktakh,Conflict
148623.0,Ukraine,UKR,47.96067,37.834438,"[47.96067, 37.834438]",Recommended figure,Conflict,total,394,2024-05-24 00:00:00,2024-05-24 00:00:00,2024-05-24 00:00:00,2024,22790.0,Ukraine: International armed conflict (IAC) - Donetsk - 2024,2024-01-01 00:00:00,2024-12-31 00:00:00,Unknown,Unknown,Unknown,Unknown,National Police of Ukraine,https://www.npu.gov.ua/news/politsiia-donechchyny-zafiksuvala-2310-rosiiskykh-obstriliv-za-dobu-poraneno-dvokh-myrnykh-zhyteliv,"Donetsk Oblast, Ukraine","47.96067, 37.834438",State/Region/Province (ADM1),Origin,Displacement without preventive evacuations reported,2024-05-24T09:28:49.430665Z,"Ukraine: 394 displacements (evacuated), 24 May - 24 May. According to the National Police of Ukraine, 394 people have been evacuated in Donetsk Oblast on 24 May due to military operations.",https://www.npu.gov.ua/news/politsiia-donechchyny-zafiksuvala-2310-rosiiskykh-obstriliv-za-dobu-poraneno-dvokh-myrnykh-zhyteliv,Conflict
148622.0,Ukraine,UKR,47.96067,37.834438,"[47.96067, 37.834438]",Recommended figure,Conflict,total,384,2024-05-23 00:00:00,2024-05-23 00:00:00,2024-05-23 00:00:00,2024,22790.0,Ukraine: International armed conflict (IAC) - Donetsk - 2024,2024-01-01 00:00:00,2024-12-31 00:00:00,Unknown,Unknown,Unknown,Unknown,National Police of Ukraine,https://www.npu.gov.ua/news/rosiiski-viiska-vbyly-liudynu-na-donechchyni-shche-chotyrokh-myrnykh-zhyteliv-poranyly-politsiia-dokumentuie-voienni-zlochyny,"Donetsk Oblast, Ukraine","47.96067, 37.834438",State/Region/Province (ADM1),Origin,Displacement without preventive evacuations reported,2024-05-24T09:27:34.401115Z,"Ukraine: 384 displacements (evacuated), 23 May - 23 May. According to the National Police of Ukraine, 384 people have been evacuated in Donetsk Oblast on 23 May due to military operations.",https://www.npu.gov.ua/news/rosiiski-viiska-vbyly-liudynu-na-donechchyni-shche-chotyrokh-myrnykh-zhyteliv-poranyly-politsiia-dokumentuie-voienni-zlochyny,Conflict
148627.0,Ukraine,UKR,49.979296,36.189294333333336,"[49.979296, 36.189294333333336]",Triangulation,Conflict,total,105,2024-05-23 00:00:00,2024-05-23 00:00:00,2024-05-23 00:00:00,2024,24004.0,Ukraine: International armed conflict (IAC) - Kharkiv Oblast - 10/05/2024,2024-05-10 00:00:00,2024-06-17 00:00:00,Unknown,Unknown,Unknown,Unknown,National Police of Ukraine,https://t.me/synegubov/9630,"Bohodukhiv Raion, Kharkiv Oblast, Ukraine; Chuhuiv Raion, Kharkiv Oblast, Ukraine; Kharkiv city rada, Kharkiv Oblast, Ukraine","50.138599, 35.523251; 49.807861, 36.772362; 49.991428, 36.27227",District/Zone/Department (ADM2); District/Zone/Department (ADM2); District/Zone/Department (ADM2),Origin; Origin; Origin,Displacement without preventive evacuations reported,2024-05-24T09:35:43.236884Z,"Ukraine: 105 displacements (evacuated), 23 May - 23 May. According to the regional government, 105 people have been evacuated from Chuhuiv Raion, Kharkiv District, and Bohodukhiv Raion on May 23 due to military operations. This brings the total evacuations in the area since May 10 up to 10,980.",https://t.me/synegubov/9630,Conflict
148407.0,Ukraine,UKR,47.96067,37.834438,"[47.96067, 37.834438]",Recommended figure,Conflict,total,430,2024-05-22 00:00:00,2024-05-22 00:00:00,2024-05-22 00:00:00,2024,22790.0,Ukraine: International armed conflict (IAC) - Donetsk - 2024,2024-01-01 00:00:00,2024-12-31 00:00:00,Unknown,Unknown,Unknown,Unknown,National Police of Ukraine,https://www.npu.gov.ua/news/dvoie-liudei-zahynuly-troie-zaznaly-poranen-sered-nykh-dytyna-naslidky-rosiiskoi-ahresii-zadokumentuvala-politsiia-na-donechchyni,"Donetsk Oblast, Ukraine","47.96067, 37.834438",State/Region/Province (ADM1),Origin,Displacement without preventive evacuations reported,2024-05-22T12:23:25.375354Z,"Ukraine: 430 displacements (evacuated), 22 May - 22 May. According to the National Police of Ukraine, 430 people have been evacuated in Donetsk Oblast on 22 May due to military operations.",https://www.npu.gov.ua/news/dvoie-liudei-zahynuly-troie-zaznaly-poranen-sered-nykh-dytyna-naslidky-rosiiskoi-ahresii-zadokumentuvala-politsiia-na-donechchyni,Conflict
148412.0,Ukraine,UKR,49.979296,36.189294333333336,"[49.979296, 36.189294333333336]",Triangulation,Conflict,total,99,2024-05-22 00:00:00,2024-05-22 00:00:00,2024-05-22 00:00:00,2024,24004.0,Ukraine: International armed conflict (IAC) - Kharkiv Oblast - 10/05/2024,2024-05-10 00:00:00,2024-06-17 00:00:00,Unknown,Unknown,Unknown,Unknown,Regional Government,https://t.me/synegubov/9614,"Bohodukhiv Raion, Kharkiv Oblast, Ukraine; Chuhuiv Raion, Kharkiv Oblast, Ukraine; Kharkiv city rada, Kharkiv Oblast, Ukraine","50.138599, 35.523251; 49.807861, 36.772362; 49.991428, 36.27227",District/Zone/Department (ADM2); District/Zone/Department (ADM2); District/Zone/Department (ADM2),Origin; Origin; Origin,Displacement without preventive evacuations reported,2024-05-22T13:06:02.936139Z,"Ukraine: 99 displacements (evacuated), 22 May - 22 May. According to the regional government, 99 people have been evacuated from Chuhuiv Raion, Kharkiv District, and Bohodukhiv Raion on May 22 due to military operations. This brings the total evacuations in the area since May 10 up to 10,875.",https://t.me/synegubov/9614,Conflict
148333.0,Ukraine,UKR,47.96067,37.834438,"[47.96067, 37.834438]",Recommended figure,Conflict,total,308,2024-05-21 00:00:00,2024-05-21 00:00:00,2024-05-21 00:00:00,2024,22790.0,Ukraine: International armed conflict (IAC) - Donetsk - 2024,2024-01-01 00:00:00,2024-12-31 00:00:00,Unknown,Unknown,Unknown,Unknown,National Police of Ukraine,https://www.npu.gov.ua/news/travmovano-dvokh-myrnykh-zhyteliv-politsiia-donechchyny-zadokumentuvala-naslidky-rosiiskykh-atak,"Donetsk Oblast, Ukraine","47.96067, 37.834438",State/Region/Province (ADM1),Origin,Displacement without preventive evacuations reported,2024-05-21T14:22:13.597131Z,"Ukraine: 308 displacements (evacuated), 21 May - 21 May. According to the National Police of Ukraine, 308 people have been evacuated in Donetsk Oblast on 21 May due to military operations.",https://www.npu.gov.ua/news/travmovano-dvokh-myrnykh-zhyteliv-politsiia-donechchyny-zadokumentuvala-naslidky-rosiiskykh-atak,Conflict
148346.0,Ukraine,UKR,49.979296,36.189294333333336,"[49.979296, 36.189294333333336]",Triangulation,Conflict,total,203,2024-05-21 00:00:00,2024-05-21 00:00:00,2024-05-21 00:00:00,2024,24004.0,Ukraine: International armed conflict (IAC) - Kharkiv Oblast - 10/05/2024,2024-05-10 00:00:00,2024-06-17 00:00:00,Unknown,Unknown,Unknown,Unknown,Regional Government,https://t.me/synegubov/9600,"Bohodukhiv Raion, Kharkiv Oblast, Ukraine; Chuhuiv Raion, Kharkiv Oblast, Ukraine; Kharkiv city rada, Kharkiv Oblast, Ukraine","50.138599, 35.523251; 49.807861, 36.772362; 49.991428, 36.27227",District/Zone/Department (ADM2); District/Zone/Department (ADM2); District/Zone/Department (ADM2),Origin; Origin; Origin,Displacement without preventive evacuations reported,2024-05-21T15:05:32.851827Z,"Ukraine: 203 displacements (evacuated), 21 May - 21 May. According to the regional government, 203 people have been evacuated from Chuhuiv Raion, Kharkiv District, and Bohodukhiv Raion on May 21 due to military operations. This brings the total evacuations in the area since May 10 up to 10,776.",https://t.me/synegubov/9600,Conflict
148332.0,Ukraine,UKR,47.96067,37.834438,"[47.96067, 37.834438]",Recommended figure,Conflict,total,276,2024-05-20 00:00:00,2024-05-20 00:00:00,2024-05-20 00:00:00,2024,22790.0,Ukraine: International armed conflict (IAC) - Donetsk - 2024,2024-01-01 00:00:00,2024-12-31 00:00:00,Unknown,Unknown,Unknown,Unknown,National Police of Ukraine,https://www.npu.gov.ua/news/rosiiany-atakuvaly-7-naselenykh-punktiv-donechchyny-zaznaly-poranen-troie-liudei,"Donetsk Oblast, Ukraine","47.96067, 37.834438",State/Region/Province (ADM1),Origin,Displacement without preventive evacuations reported,2024-05-21T14:21:00.594397Z,"Ukraine: 276 displacements (evacuated), 20 May - 20 May. According to the National Police of Ukraine, 276 people have been evacuated in Donetsk Oblast on 20 May due to military operations.",https://www.npu.gov.ua/news/rosiiany-atakuvaly-7-naselenykh-punktiv-donechchyny-zaznaly-poranen-troie-liudei,Conflict
148344.0,Ukraine,UKR,49.979296,36.189294333333336,"[49.979296, 36.189294333333336]",Triangulation,Conflict,total,259,2024-05-20 00:00:00,2024-05-20 00:00:00,2024-05-20 00:00:00,2024,24004.0,Ukraine: International armed conflict (IAC) - Kharkiv Oblast - 10/05/2024,2024-05-10 00:00:00,2024-06-17 00:00:00,Unknown,Unknown,Unknown,Unknown,Regional Government,https://t.me/synegubov/9586,"Bohodukhiv Raion, Kharkiv Oblast, Ukraine; Chuhuiv Raion, Kharkiv Oblast, Ukraine; Kharkiv city rada, Kharkiv Oblast, Ukraine","50.138599, 35.523251; 49.807861, 36.772362; 49.991428, 36.27227",District/Zone/Department (ADM2); District/Zone/Department (ADM2); District/Zone/Department (ADM2),Origin; Origin; Origin,Displacement without preventive evacuations reported,2024-05-21T15:00:22.317118Z,"Ukraine: 259 displacements (evacuated), 20 May - 20 May. According to the regional government, 259 people have been evacuated from Chuhuiv Raion, Kharkiv District, and Bohodukhiv Raion on May 20 due to military operations. This brings the total evacuations in the area since May 10 up to 10,573.",https://t.me/synegubov/9586,Conflict
148331.0,Ukraine,UKR,47.96067,37.834438,"[47.96067, 37.834438]",Recommended figure,Conflict,total,213,2024-05-19 00:00:00,2024-05-19 00:00:00,2024-05-19 00:00:00,2024,22790.0,Ukraine: International armed conflict (IAC) - Donetsk - 2024,2024-01-01 00:00:00,2024-12-31 00:00:00,Unknown,Unknown,Unknown,Unknown,National Police of Ukraine,https://www.npu.gov.ua/news/zahynula-liudyna-shche-odna-otrymala-poranennia-politsiia-donechchyny-dokumentuie-voienni-zlochyny-rf,"Donetsk Oblast, Ukraine","47.96067, 37.834438",State/Region/Province (ADM1),Origin,Displacement without preventive evacuations reported,2024-05-21T14:19:41.486296Z,"Ukraine: 213 displacements (evacuated), 19 May - 19 May. According to the National Police of Ukraine, 213 people have been evacuated in Donetsk Oblast on 19 May due to military operations.",https://www.npu.gov.ua/news/zahynula-liudyna-shche-odna-otrymala-poranennia-politsiia-donechchyny-dokumentuie-voienni-zlochyny-rf,Conflict
148342.0,Ukraine,UKR,49.979296,36.189294333333336,"[49.979296, 36.189294333333336]",Triangulation,Conflict,total,407,2024-05-19 00:00:00,2024-05-19 00:00:00,2024-05-19 00:00:00,2024,24004.0,Ukraine: International armed conflict (IAC) - Kharkiv Oblast - 10/05/2024,2024-05-10 00:00:00,2024-06-17 00:00:00,Unknown,Unknown,Unknown,Unknown,Regional Government,https://t.me/synegubov/9561,"Bohodukhiv Raion, Kharkiv Oblast, Ukraine; Chuhuiv Raion, Kharkiv Oblast, Ukraine; Kharkiv city rada, Kharkiv Oblast, Ukraine","50.138599, 35.523251; 49.807861, 36.772362; 49.991428, 36.27227",District/Zone/Department (ADM2); District/Zone/Department (ADM2); District/Zone/Department (ADM2),Origin; Origin; Origin,Displacement without preventive evacuations reported,2024-05-21T14:56:23.128774Z,"Ukraine: 407 displacements (evacuated), 19 May - 19 May. According to the regional government, 407 people have been evacuated from Chuhuiv Raion, Kharkiv District, and Bohodukhiv Raion on May 19 due to military operations. This brings the total evacuations in the area since May 10 up to 10,314.",https://t.me/synegubov/9561,Conflict
150099.0,Ukraine,UKR,50.1602465,36.45548083333334,"[50.1602465, 36.45548083333334]",Triangulation,Conflict,more than or equal to,1156,2024-05-27 00:00:00,2024-05-18 00:00:00,2024-05-27 00:00:00,2024,24004.0,Ukraine: International armed conflict (IAC) - Kharkiv Oblast - 10/05/2024,2024-05-10 00:00:00,2024-06-17 00:00:00,Unknown,Unknown,Unknown,Unknown,IOM DTM,https://url6.mailanyone.net/scanner?m=1sCzMG-0009ow-68&d=4%7Cmail%2F90%2F1717150200%2F1sCzMG-0009ow-68%7Cin6d%7C57e1b682%7C28201117%7C13659367%7C6659A438EDB8EFDF958E118AC0ABACA4&o=%2Fphto%3A%2Fitsism.t.lsu9.n-mogecaa%2Frm%2Flckctae%3Fic8%3D59kufae892349679946854fc4d8%261654i%3D%3D6c91%26ef74cd3f4ab8&s=0QDCKe3yjMZsdSx6hNHwUJCep8M,"Derhachi, Derhachi Raion, Kharkiv Oblast, Ukraine; Lyptsi, Kharkiv Raion, Kharkiv Oblast, Ukraine; Staryi Saltiv, Vovchansk Raion, Kharkiv Oblast, Ukraine; Tsyrkuny, Kharkiv Raion, Kharkiv Oblast, Ukraine; Vovchansk Raion, Kharkiv Oblast, Ukraine; Zolochiv, Zolochiv Raion, Kharkiv Oblast, Ukraine","50.107559, 36.120831; 50.203121, 36.42231; 50.076038, 36.793671; 50.08289, 36.385342; 50.206001, 37.027191; 50.28587, 35.98354",County/City/town/Village/Woreda (ADM3); County/City/town/Village/Woreda (ADM3); County/City/town/Village/Woreda (ADM3); County/City/town/Village/Woreda (ADM3); District/Zone/Department (ADM2); County/City/town/Village/Woreda (ADM3),Origin; Origin; Origin; Origin; Origin; Origin,Displacement without preventive evacuations reported,2024-06-04T14:08:51.283468Z,"Ukraine: 1,156 displacements (evacuated), 18 May - 27 May. According to an IOM Displacement Tracking Matrix assessment, approximately 18,098 people have been evacuated from Derhachi Raion, Lyptsi, Staryi Saltiv, Tsyrkuny, Vovchansk Raion, and Zolochiv Raion since 10 May due to military operations. Taking into account previous evacuations reported by the regional government and IOM, approximately 1,156 further evacuations have taken place between 18 and 27 May.",https://url6.mailanyone.net/scanner?m=1sCzMG-0009ow-68&d=4%7Cmail%2F90%2F1717150200%2F1sCzMG-0009ow-68%7Cin6d%7C57e1b682%7C28201117%7C13659367%7C6659A438EDB8EFDF958E118AC0ABACA4&o=%2Fphto%3A%2Fitsism.t.lsu9.n-mogecaa%2Frm%2Flckctae%3Fic8%3D59kufae892349679946854fc4d8%261654i%3D%3D6c91%26ef74cd3f4ab8&s=0QDCKe3yjMZsdSx6hNHwUJCep8M,Conflict
148330.0,Ukraine,UKR,47.96067,37.834438,"[47.96067, 37.834438]",Recommended figure,Conflict,total,395,2024-05-18 00:00:00,2024-05-18 00:00:00,2024-05-18 00:00:00,2024,22790.0,Ukraine: International armed conflict (IAC) - Donetsk - 2024,2024-01-01 00:00:00,2024-12-31 00:00:00,Unknown,Unknown,Unknown,Unknown,National Police of Ukraine,https://www.npu.gov.ua/news/try-liudyny-zahynuly-piatero-osib-zaznaly-poranen-politsiia-donechchyny-dokumentuie-naslidky-rosiiskykh-atak,"Donetsk Oblast, Ukraine","47.96067, 37.834438",State/Region/Province (ADM1),Origin,Displacement without preventive evacuations reported,2024-05-21T14:18:18.969367Z,"Ukraine: 395 displacements (evacuated), 18 May - 18 May. According to the National Police of Ukraine, 395 people have been evacuated in Donetsk Oblast on 18 May due to military operations.",https://www.npu.gov.ua/news/try-liudyny-zahynuly-piatero-osib-zaznaly-poranen-politsiia-donechchyny-dokumentuie-naslidky-rosiiskykh-atak,Conflict
148338.0,Ukraine,UKR,50.138599,35.523251,"[50.138599, 35.523251]",Triangulation,Conflict,total,15,2024-05-18 00:00:00,2024-05-17 00:00:00,2024-05-18 00:00:00,2024,24004.0,Ukraine: International armed conflict (IAC) - Kharkiv Oblast - 10/05/2024,2024-05-10 00:00:00,2024-06-17 00:00:00,Unknown,Unknown,Unknown,Unknown,Regional Government,https://t.me/synegubov/9549,"Bohodukhiv Raion, Kharkiv Oblast, Ukraine","50.138599, 35.523251",District/Zone/Department (ADM2),Origin,Displacement without preventive evacuations reported,2024-05-21T14:47:35.348004Z,"Ukraine: 15 displacements (evacuated), 17 May - 18 May. According to the regional government, 15 people have been evacuated from Bohodukhiv Raion between May 17 and 18 due to military operations. This brings the total evacuations in Bohodukhiv Raion since May 10 up to 118.",https://t.me/synegubov/9549,Conflict
148336.0,Ukraine,UKR,49.991428,36.27227,"[49.991428, 36.27227]",Triangulation,Conflict,total,203,2024-05-18 00:00:00,2024-05-17 00:00:00,2024-05-18 00:00:00,2024,24004.0,Ukraine: International armed conflict (IAC) - Kharkiv Oblast - 10/05/2024,2024-05-10 00:00:00,2024-06-17 00:00:00,Unknown,Unknown,Unknown,Unknown,Regional Government,https://t.me/synegubov/9549,"Kharkiv city rada, Kharkiv Oblast, Ukraine","49.991428, 36.27227",District/Zone/Department (ADM2),Origin,Displacement without preventive evacuations reported,2024-05-21T14:47:35.268967Z,"Ukraine: 203 displacements (evacuated), 17 May - 18 May. According to the regional government, 203 people have been evacuated from Kharkiv District between May 17 and 18 due to military operations. This brings the total evacuations in Kharkiv District since May 10 up to 4,037.",https://t.me/synegubov/9549,Conflict
148334.0,Ukraine,UKR,49.807861,36.772362,"[49.807861, 36.772362]",Triangulation,Conflict,total,407,2024-05-18 00:00:00,2024-05-17 00:00:00,2024-05-18 00:00:00,2024,24004.0,Ukraine: International armed conflict (IAC) - Kharkiv Oblast - 10/05/2024,2024-05-10 00:00:00,2024-06-17 00:00:00,Unknown,Unknown,Unknown,Unknown,Regional Government,https://t.me/synegubov/9549,"Chuhuiv Raion, Kharkiv Oblast, Ukraine","49.807861, 36.772362",District/Zone/Department (ADM2),Origin,Displacement without preventive evacuations reported,2024-05-21T14:47:35.181163Z,"Ukraine: 407 displacements (evacuated), 17 May - 18 May. According to the regional government, 407 people have been evacuated from Chuhuiv Raion between May 17 and 18 due to military operations. This brings the total evacuations in Chuhuiv Raion since May 10 up to 2,726.",https://t.me/synegubov/9549,Conflict
148328.0,Ukraine,UKR,47.96067,37.834438,"[47.96067, 37.834438]",Recommended figure,Conflict,total,343,2024-05-17 00:00:00,2024-05-17 00:00:00,2024-05-17 00:00:00,2024,22790.0,Ukraine: International armed conflict (IAC) - Donetsk - 2024,2024-01-01 00:00:00,2024-12-31 00:00:00,Unknown,Unknown,Unknown,Unknown,National Police of Ukraine,https://www.npu.gov.ua/news/rosiiski-viiska-obstrilialy-sim-naselenykh-punktiv-donechchyny-poranyly-piatokh-myrnykh-zhyteliv,"Donetsk Oblast, Ukraine","47.96067, 37.834438",State/Region/Province (ADM1),Origin,Displacement without preventive evacuations reported,2024-05-21T14:16:56.637384Z,"Ukraine: 343 displacements (evacuated), 17 May - 17 May. According to the National Police of Ukraine, 343 people have been evacuated in Donetsk Oblast on 17 May due to military operations.",https://www.npu.gov.ua/news/rosiiski-viiska-obstrilialy-sim-naselenykh-punktiv-donechchyny-poranyly-piatokh-myrnykh-zhyteliv,Conflict
148329.0,Ukraine,UKR,47.96067,37.834438,"[47.96067, 37.834438]",Recommended figure,Conflict,total,342,2024-05-16 00:00:00,2024-05-16 00:00:00,2024-05-16 00:00:00,2024,22790.0,Ukraine: International armed conflict (IAC) - Donetsk - 2024,2024-01-01 00:00:00,2024-12-31 00:00:00,Unknown,Unknown,Unknown,Unknown,National Police of Ukraine,https://www.npu.gov.ua/news/rosiiski-viiska-obstrilialy-sim-naselenykh-punktiv-donechchyny-poranyly-piatokh-myrnykh-zhyteliv,"Donetsk Oblast, Ukraine","47.96067, 37.834438",State/Region/Province (ADM1),Origin,Displacement without preventive evacuations reported,2024-05-21T14:16:56.676288Z,"Ukraine: 342 displacements (evacuated), 16 May - 16 May. According to the National Police of Ukraine, 342 people have been evacuated in Donetsk Oblast on 16 May due to military operations.",https://www.npu.gov.ua/news/rosiiski-viiska-obstrilialy-sim-naselenykh-punktiv-donechchyny-poranyly-piatokh-myrnykh-zhyteliv,Conflict
148162.0,Ukraine,UKR,49.991428,36.27227,"[49.991428, 36.27227]",Triangulation,Conflict,total,301,2024-05-16 00:00:00,2024-05-16 00:00:00,2024-05-16 00:00:00,2024,24004.0,Ukraine: International armed conflict (IAC) - Kharkiv Oblast - 10/05/2024,2024-05-10 00:00:00,2024-06-17 00:00:00,Unknown,Unknown,Unknown,Unknown,Regional Government,https://t.me/synegubov/9525,"Kharkiv city rada, Kharkiv Oblast, Ukraine","49.991428, 36.27227",District/Zone/Department (ADM2),Origin,Displacement without preventive evacuations reported,2024-05-16T11:53:22.862448Z,"Ukraine: 301 displacements (evacuated), 16 May - 16 May. According to the regional government, 301 people have been evacuated from Kharkiv District on May 16 due to military operations. This brings the total evacuations in Kharkiv District since May 10 up to 3,834.",https://t.me/synegubov/9525,Conflict
148166.0,Ukraine,UKR,49.495609,36.663502,"[49.495609, 36.663502]",Triangulation,Conflict,total,356,2024-05-16 00:00:00,2024-05-16 00:00:00,2024-05-16 00:00:00,2024,24004.0,Ukraine: International armed conflict (IAC) - Kharkiv Oblast - 10/05/2024,2024-05-10 00:00:00,2024-06-17 00:00:00,Unknown,Unknown,Unknown,Unknown,Regional Government,https://t.me/synegubov/9525,"Kharkiv Oblast, Ukraine","49.495609, 36.663502",State/Region/Province (ADM1),Origin,Displacement without preventive evacuations reported,2024-05-16T11:53:23.004052Z,"Ukraine: 356 displacements (evacuated), 16 May - 16 May. According to the regional government, 356 people have been evacuated from Kharkiv Oblast on May 16 due to military operations. This brings the total evacuations in Kharkiv Oblast (excluding Chuhuiv Raion, Kharkiv District, and Bohodukhiv Raion) since May 10 up to 2,533.",https://t.me/synegubov/9525,Conflict
148164.0,Ukraine,UKR,50.138599,35.523251,"[50.138599, 35.523251]",Triangulation,Conflict,total,24,2024-05-16 00:00:00,2024-05-16 00:00:00,2024-05-16 00:00:00,2024,24004.0,Ukraine: International armed conflict (IAC) - Kharkiv Oblast - 10/05/2024,2024-05-10 00:00:00,2024-06-17 00:00:00,Unknown,Unknown,Unknown,Unknown,Regional Government,https://t.me/synegubov/9525,"Bohodukhiv Raion, Kharkiv Oblast, Ukraine","50.138599, 35.523251",District/Zone/Department (ADM2),Origin,Displacement without preventive evacuations reported,2024-05-16T11:53:22.933656Z,"Ukraine: 24 displacements (evacuated), 16 May - 16 May. According to the regional government, 24 people have been evacuated from Bohodukhiv Raion on May 16 due to military operations. This brings the total evacuations in Bohodukhiv Raion since May 10 up to 103.",https://t.me/synegubov/9525,Conflict
148160.0,Ukraine,UKR,49.807861,36.772362,"[49.807861, 36.772362]",Triangulation,Conflict,total,117,2024-05-16 00:00:00,2024-05-16 00:00:00,2024-05-16 00:00:00,2024,24004.0,Ukraine: International armed conflict (IAC) - Kharkiv Oblast - 10/05/2024,2024-05-10 00:00:00,2024-06-17 00:00:00,Unknown,Unknown,Unknown,Unknown,Regional Government,https://t.me/synegubov/9525,"Chuhuiv Raion, Kharkiv Oblast, Ukraine","49.807861, 36.772362",District/Zone/Department (ADM2),Origin,Displacement without preventive evacuations reported,2024-05-16T11:53:22.789581Z,"Ukraine: 117 displacements (evacuated), 16 May - 16 May. According to the regional government, 117 people have been evacuated from Chuhuiv Raion on May 16 due to military operations. This brings the total evacuations in Chuhuiv Raion since May 10 up to 2,319.",https://t.me/synegubov/9525,Conflict
147975.0,Ukraine,UKR,49.991428,36.27227,"[49.991428, 36.27227]",Triangulation,Conflict,total,544,2024-05-15 00:00:00,2024-05-15 00:00:00,2024-05-15 00:00:00,2024,24004.0,Ukraine: International armed conflict (IAC) - Kharkiv Oblast - 10/05/2024,2024-05-10 00:00:00,2024-06-17 00:00:00,Unknown,Unknown,Unknown,Unknown,Regional Government,https://t.me/synegubov/9501,"Kharkiv city rada, Kharkiv Oblast, Ukraine","49.991428, 36.27227",District/Zone/Department (ADM2),Origin,Displacement without preventive evacuations reported,2024-05-15T08:21:53.484502Z,"Ukraine: 544 displacements (evacuated), 15 May - 15 May. According to the regional government, 544 people have been evacuated from Kharkiv District on May 15 due to military operations. This brings the total evacuations in Kharkiv District since May 10 up to 3,533.",https://t.me/synegubov/9501,Conflict
147979.0,Ukraine,UKR,49.495609,36.663502,"[49.495609, 36.663502]",Triangulation,Conflict,total,275,2024-05-15 00:00:00,2024-05-15 00:00:00,2024-05-15 00:00:00,2024,24004.0,Ukraine: International armed conflict (IAC) - Kharkiv Oblast - 10/05/2024,2024-05-10 00:00:00,2024-06-17 00:00:00,Unknown,Unknown,Unknown,Unknown,Regional Government,https://t.me/synegubov/9501,"Kharkiv Oblast, Ukraine","49.495609, 36.663502",State/Region/Province (ADM1),Origin,Displacement without preventive evacuations reported,2024-05-15T08:26:58.337932Z,"Ukraine: 275 displacements (evacuated), 15 May - 15 May. According to the regional government, 275 people have been evacuated from Kharkiv Oblast on May 15 due to military operations. This brings the total evacuations in Kharkiv Oblast (excluding Chuhuiv Raion, Kharkiv District, and Bohodukhiv Raion) since May 10 up to 2,177.",https://t.me/synegubov/9501,Conflict
148128.0,Ukraine,UKR,47.96067,37.834438,"[47.96067, 37.834438]",Recommended figure,Conflict,total,336,2024-05-15 00:00:00,2024-05-15 00:00:00,2024-05-15 00:00:00,2024,22790.0,Ukraine: International armed conflict (IAC) - Donetsk - 2024,2024-01-01 00:00:00,2024-12-31 00:00:00,Unknown,Unknown,Unknown,Unknown,National Police of Ukraine,https://www.npu.gov.ua/news/poperedno-doba-mynula-bez-postrazhdalykh-pravookhorontsi-donechchyny-zafiksuvaly-2-169-udariv-z-boku-rosii,"Donetsk Oblast, Ukraine","47.96067, 37.834438",State/Region/Province (ADM1),Origin,Displacement without preventive evacuations reported,2024-05-15T13:34:55.437357Z,"Ukraine: 336 displacements (evacuated), 15 May - 15 May. According to the National Police of Ukraine, 336 people have been evacuated in Donetsk Oblast on 15 May due to military operations.",https://www.npu.gov.ua/news/poperedno-doba-mynula-bez-postrazhdalykh-pravookhorontsi-donechchyny-zafiksuvaly-2-169-udariv-z-boku-rosii,Conflict
147973.0,Ukraine,UKR,49.807861,36.772362,"[49.807861, 36.772362]",Triangulation,Conflict,total,137,2024-05-15 00:00:00,2024-05-15 00:00:00,2024-05-15 00:00:00,2024,24004.0,Ukraine: International armed conflict (IAC) - Kharkiv Oblast - 10/05/2024,2024-05-10 00:00:00,2024-06-17 00:00:00,Unknown,Unknown,Unknown,Unknown,Regional Government,https://t.me/synegubov/9501,"Chuhuiv Raion, Kharkiv Oblast, Ukraine","49.807861, 36.772362",District/Zone/Department (ADM2),Origin,Displacement without preventive evacuations reported,2024-05-15T08:20:14.628019Z,"Ukraine: 137 displacements (evacuated), 15 May - 15 May. According to the regional government, 137 people have been evacuated from Chuhuiv Raion on May 15 due to military operations. This brings the total evacuations in Chuhuiv Raion since May 10 up to 2,202.",https://t.me/synegubov/9501,Conflict
147977.0,Ukraine,UKR,50.138599,35.523251,"[50.138599, 35.523251]",Triangulation,Conflict,total,12,2024-05-15 00:00:00,2024-05-15 00:00:00,2024-05-15 00:00:00,2024,24004.0,Ukraine: International armed conflict (IAC) - Kharkiv Oblast - 10/05/2024,2024-05-10 00:00:00,2024-06-17 00:00:00,Unknown,Unknown,Unknown,Unknown,Regional Government,https://t.me/synegubov/9501,"Bohodukhiv Raion, Kharkiv Oblast, Ukraine","50.138599, 35.523251",District/Zone/Department (ADM2),Origin,Displacement without preventive evacuations reported,2024-05-15T08:24:48.616469Z,"Ukraine: 12 displacements (evacuated), 15 May - 15 May. According to the regional government, 12 people have been evacuated from Bohodukhiv Raion on May 15 due to military operations. This brings the total evacuations in Bohodukhiv Raion since May 10 up to 79.",https://t.me/synegubov/9501,Conflict
148350.0,Ukraine,UKR,51.15946,34.26075,"[51.159459999999996, 34.26075]",Recommended figure,Conflict,more than or equal to,970,2024-05-17 00:00:00,2024-05-14 00:00:00,2024-05-17 00:00:00,2024,20827.0,Ukraine: International armed conflict (IAC)  - Countrywide - 2024,2024-01-01 00:00:00,2024-12-31 00:00:00,Unknown,Unknown,Unknown,Unknown,Regional Government,https://t.me/Sumy_news_ODA/26355,"Bilopillia, Білопільська міська рада, Bilopillia Raion, Sumy Oblast, Ukraine; Vorozhba, Ворожбянська міська рада, Bilopillia Raion, Sumy Oblast, Ukraine","51.146679, 34.297001; 51.172241, 34.224499",County/City/town/Village/Woreda (ADM3); County/City/town/Village/Woreda (ADM3),Origin; Origin,Displacement without preventive evacuations reported,2024-05-21T15:35:02.966758Z,"Ukraine: 970 displacements (evacuated), 14 May - 17 May. According to the Sumy Regional Military Administration, more than 970 people have been evacuated in Bilopillia and Vorozhba (Sumy Oblast) between 14 and 17 May due to military operations. This brings the total evacuations between 14 and 17 May in these locations up to 1,000.",https://t.me/Sumy_news_ODA/26355,Conflict
147967.0,Ukraine,UKR,49.991428,36.27227,"[49.991428, 36.27227]",Triangulation,Conflict,total,400,2024-05-14 00:00:00,2024-05-14 00:00:00,2024-05-14 00:00:00,2024,24004.0,Ukraine: International armed conflict (IAC) - Kharkiv Oblast - 10/05/2024,2024-05-10 00:00:00,2024-06-17 00:00:00,Unknown,Unknown,Unknown,Unknown,Regional Government,https://t.me/synegubov/9480,"Kharkiv city rada, Kharkiv Oblast, Ukraine","49.991428, 36.27227",District/Zone/Department (ADM2),Origin,Displacement without preventive evacuations reported,2024-05-15T08:11:37.213803Z,"Ukraine: 400 displacements (evacuated), 14 May - 14 May. According to the regional government, 400 people have been evacuated from Kharkiv District on May 14 due to military operations. This brings the total evacuations in Kharkiv District since May 10 up to 2,989.",https://t.me/synegubov/9480,Conflict
147971.0,Ukraine,UKR,49.495609,36.663502,"[49.495609, 36.663502]",Triangulation,Conflict,total,468,2024-05-14 00:00:00,2024-05-14 00:00:00,2024-05-14 00:00:00,2024,24004.0,Ukraine: International armed conflict (IAC) - Kharkiv Oblast - 10/05/2024,2024-05-10 00:00:00,2024-06-17 00:00:00,Unknown,Unknown,Unknown,Unknown,Regional Government,https://t.me/synegubov/9480,"Kharkiv Oblast, Ukraine","49.495609, 36.663502",State/Region/Province (ADM1),Origin,Displacement without preventive evacuations reported,2024-05-15T08:16:13.521471Z,"Ukraine: 468 displacements (evacuated), 14 May - 14 May. According to the regional government, 468 people have been evacuated from Kharkiv Oblast on May 14 due to military operations. This brings the total evacuations in Kharkiv Oblast (excluding Chuhuiv Raion, Kharkiv District, and Bohodukhiv Raion) since May 10 up to 1,902.",https://t.me/synegubov/9480,Conflict
147969.0,Ukraine,UKR,50.138599,35.523251,"[50.138599, 35.523251]",Triangulation,Conflict,total,23,2024-05-14 00:00:00,2024-05-14 00:00:00,2024-05-14 00:00:00,2024,24004.0,Ukraine: International armed conflict (IAC) - Kharkiv Oblast - 10/05/2024,2024-05-10 00:00:00,2024-06-17 00:00:00,Unknown,Unknown,Unknown,Unknown,Regional Government,https://t.me/synegubov/9480,"Bohodukhiv Raion, Kharkiv Oblast, Ukraine","50.138599, 35.523251",District/Zone/Department (ADM2),Origin,Displacement without preventive evacuations reported,2024-05-15T08:14:14.307728Z,"Ukraine: 23 displacements (evacuated), 14 May - 14 May. According to the regional government, 23 people have been evacuated from Bohodukhiv Raion on May 14 due to military operations. This brings the total evacuations in Bohodukhiv Raion since May 10 up to 67.",https://t.me/synegubov/9480,Conflict
148118.0,Ukraine,UKR,51.039551,34.277561,"[51.039551, 34.277561]",Recommended figure,Conflict,total,30,2024-05-14 00:00:00,2024-05-14 00:00:00,2024-05-14 00:00:00,2024,20827.0,Ukraine: International armed conflict (IAC)  - Countrywide - 2024,2024-01-01 00:00:00,2024-12-31 00:00:00,Unknown,Unknown,Unknown,Unknown,Regional Government,https://t.me/Sumy_news_ODA/26284,"Bilopillia Raion, Sumy Oblast, Ukraine","51.039551, 34.277561",District/Zone/Department (ADM2),Origin,Displacement without preventive evacuations reported,2024-05-15T13:06:37.260323Z,"Ukraine: 30 displacements (evacuated), 14 May - 14 May. According to the Sumy Regional Military Administration, 30 people were evacuated in Bilopillia Raion on May 14 due to military operations.",https://t.me/Sumy_news_ODA/26284,Conflict
147965.0,Ukraine,UKR,49.807861,36.772362,"[49.807861, 36.772362]",Triangulation,Conflict,total,370,2024-05-14 00:00:00,2024-05-14 00:00:00,2024-05-14 00:00:00,2024,24004.0,Ukraine: International armed conflict (IAC) - Kharkiv Oblast - 10/05/2024,2024-05-10 00:00:00,2024-06-17 00:00:00,Unknown,Unknown,Unknown,Unknown,Regional Government,https://t.me/synegubov/9480,"Chuhuiv Raion, Kharkiv Oblast, Ukraine","49.807861, 36.772362",District/Zone/Department (ADM2),Origin,Displacement without preventive evacuations reported,2024-05-15T08:11:37.137867Z,"Ukraine: 370 displacements (evacuated), 14 May - 14 May. According to the regional government, 370 people have been evacuated from Chuhuiv Raion on May 14 due to military operations. This brings the total evacuations in Chuhuiv Raion since May 10 up to 2,065.",https://t.me/synegubov/9480,Conflict
148127.0,Ukraine,UKR,47.96067,37.834438,"[47.96067, 37.834438]",Recommended figure,Conflict,total,318,2024-05-14 00:00:00,2024-05-14 00:00:00,2024-05-14 00:00:00,2024,22790.0,Ukraine: International armed conflict (IAC) - Donetsk - 2024,2024-01-01 00:00:00,2024-12-31 00:00:00,Unknown,Unknown,Unknown,Unknown,National Police of Ukraine,https://www.npu.gov.ua/news/protiahom-doby-donechchyna-zaznala-2677-vorozhykh-obstriliv-poperedno-obiishlosia-bez-postrazhdalykh,"Donetsk Oblast, Ukraine","47.96067, 37.834438",State/Region/Province (ADM1),Origin,Displacement without preventive evacuations reported,2024-05-15T13:33:50.323318Z,"Ukraine: 318 displacements (evacuated), 14 May - 14 May. According to the National Police of Ukraine, 318 people have been evacuated in Donetsk Oblast on 14 May due to military operations.",https://www.npu.gov.ua/news/protiahom-doby-donechchyna-zaznala-2677-vorozhykh-obstriliv-poperedno-obiishlosia-bez-postrazhdalykh,Conflict
147860.0,Ukraine,UKR,49.807861,36.772362,"[49.807861, 36.772362]",Triangulation,Conflict,total,318,2024-05-13 00:00:00,2024-05-13 00:00:00,2024-05-13 00:00:00,2024,24004.0,Ukraine: International armed conflict (IAC) - Kharkiv Oblast - 10/05/2024,2024-05-10 00:00:00,2024-06-17 00:00:00,Unknown,Unknown,Unknown,Unknown,Regional Government,https://t.me/synegubov/9459,"Chuhuiv Raion, Kharkiv Oblast, Ukraine","49.807861, 36.772362",District/Zone/Department (ADM2),Origin,Displacement without preventive evacuations reported,2024-05-13T12:16:08.674866Z,"Ukraine: 318 displacements (evacuated), 13 May - 13 May. According to the regional government, 318 people have been evacuated from Chuhuiv Raion on May 13 due to military operations. This brings the total evacuations in Chuhuiv Raion since May 10 up to 1,695.",https://t.me/synegubov/9459,Conflict
147862.0,Ukraine,UKR,49.991428,36.27227,"[49.991428, 36.27227]",Triangulation,Conflict,total,492,2024-05-13 00:00:00,2024-05-13 00:00:00,2024-05-13 00:00:00,2024,24004.0,Ukraine: International armed conflict (IAC) - Kharkiv Oblast - 10/05/2024,2024-05-10 00:00:00,2024-06-17 00:00:00,Unknown,Unknown,Unknown,Unknown,Regional Government,https://t.me/synegubov/9459,"Kharkiv city rada, Kharkiv Oblast, Ukraine","49.991428, 36.27227",District/Zone/Department (ADM2),Origin,Displacement without preventive evacuations reported,2024-05-13T12:16:08.813539Z,"Ukraine: 492 displacements (evacuated), 13 May - 13 May. According to the regional government, 492 people have been evacuated from Kharkiv District on May 13 due to military operations. This brings the total evacuations in Kharkiv District since May 10 up to 2,589.",https://t.me/synegubov/9459,Conflict
147864.0,Ukraine,UKR,50.138599,35.523251,"[50.138599, 35.523251]",Triangulation,Conflict,total,15,2024-05-13 00:00:00,2024-05-13 00:00:00,2024-05-13 00:00:00,2024,24004.0,Ukraine: International armed conflict (IAC) - Kharkiv Oblast - 10/05/2024,2024-05-10 00:00:00,2024-06-17 00:00:00,Unknown,Unknown,Unknown,Unknown,Regional Government,https://t.me/synegubov/9459,"Bohodukhiv Raion, Kharkiv Oblast, Ukraine","50.138599, 35.523251",District/Zone/Department (ADM2),Origin,Displacement without preventive evacuations reported,2024-05-13T12:20:19.642123Z,"Ukraine: 15 displacements (evacuated), 13 May - 13 May. According to the regional government, 15 people have been evacuated from Bohodukhiv Raion on May 13 due to military operations. This brings the total evacuations in Bohodukhiv Raion since May 10 up to 44.",https://t.me/synegubov/9459,Conflict
147866.0,Ukraine,UKR,49.495609,36.663502,"[49.495609, 36.663502]",Triangulation,Conflict,total,864,2024-05-13 00:00:00,2024-05-13 00:00:00,2024-05-13 00:00:00,2024,24004.0,Ukraine: International armed conflict (IAC) - Kharkiv Oblast - 10/05/2024,2024-05-10 00:00:00,2024-06-17 00:00:00,Unknown,Unknown,Unknown,Unknown,Regional Government,https://t.me/synegubov/9459,"Kharkiv Oblast, Ukraine","49.495609, 36.663502",State/Region/Province (ADM1),Origin,Displacement without preventive evacuations reported,2024-05-13T12:20:19.757035Z,"Ukraine: 864 displacements (evacuated), 13 May - 13 May. According to the regional government, 864 people have been evacuated from Kharkiv Oblast on May 13 due to military operations. This brings the total evacuations in Kharkiv Oblast (excluding Chuhuiv Raion, Kharkiv District, and Bohodukhiv Raion) since May 10 up to 1,434.",https://t.me/synegubov/9459,Conflict
148126.0,Ukraine,UKR,47.96067,37.834438,"[47.96067, 37.834438]",Recommended figure,Conflict,total,257,2024-05-13 00:00:00,2024-05-13 00:00:00,2024-05-13 00:00:00,2024,22790.0,Ukraine: International armed conflict (IAC) - Donetsk - 2024,2024-01-01 00:00:00,2024-12-31 00:00:00,Unknown,Unknown,Unknown,Unknown,National Police of Ukraine,https://www.npu.gov.ua/news/dvoie-meshkantsiv-donechchyny-zahynuly-ta-dvoie-zaznaly-poranen-vnaslidok-rosiiskykh-obstriliv,"Donetsk Oblast, Ukraine","47.96067, 37.834438",State/Region/Province (ADM1),Origin,Displacement without preventive evacuations reported,2024-05-15T13:32:01.886288Z,"Ukraine: 257 displacements (evacuated), 13 May - 13 May. According to the National Police of Ukraine, 257 people have been evacuated in Donetsk Oblast on 13 May due to military operations.",https://www.npu.gov.ua/news/dvoie-meshkantsiv-donechchyny-zahynuly-ta-dvoie-zaznaly-poranen-vnaslidok-rosiiskykh-obstriliv,Conflict
147856.0,Ukraine,UKR,50.138599,35.523251,"[50.138599, 35.523251]",Triangulation,Conflict,total,17,2024-05-12 00:00:00,2024-05-12 00:00:00,2024-05-12 00:00:00,2024,24004.0,Ukraine: International armed conflict (IAC) - Kharkiv Oblast - 10/05/2024,2024-05-10 00:00:00,2024-06-17 00:00:00,Unknown,Unknown,Unknown,Unknown,Regional Government,https://t.me/synegubov/9441,"Bohodukhiv Raion, Kharkiv Oblast, Ukraine","50.138599, 35.523251",District/Zone/Department (ADM2),Origin,Displacement without preventive evacuations reported,2024-05-13T12:04:22.714463Z,"Ukraine: 17 displacements (evacuated), 12 May - 12 May. According to the regional government, 17 people have been evacuated from Bohodukhiv Raion on May 12 due to military operations. This brings the total evacuations in Bohodukhiv Raion since May 10 up to 29.",https://t.me/synegubov/9441,Conflict
148125.0,Ukraine,UKR,47.96067,37.834438,"[47.96067, 37.834438]",Recommended figure,Conflict,total,303,2024-05-12 00:00:00,2024-05-12 00:00:00,2024-05-12 00:00:00,2024,22790.0,Ukraine: International armed conflict (IAC) - Donetsk - 2024,2024-01-01 00:00:00,2024-12-31 00:00:00,Unknown,Unknown,Unknown,Unknown,National Police of Ukraine,https://www.npu.gov.ua/news/dvoie-meshkantsiv-donechchyny-zaznaly-poranen-vnaslidok-rosiiskykh-atak,"Donetsk Oblast, Ukraine","47.96067, 37.834438",State/Region/Province (ADM1),Origin,Displacement without preventive evacuations reported,2024-05-15T13:30:36.106832Z,"Ukraine: 303 displacements (evacuated), 12 May - 12 May. According to the National Police of Ukraine, 303 people have been evacuated in Donetsk Oblast on 12 May due to military operations.",https://www.npu.gov.ua/news/dvoie-meshkantsiv-donechchyny-zaznaly-poranen-vnaslidok-rosiiskykh-atak,Conflict
147993.0,Ukraine,UKR,46.678699,33.35677,"[46.678699, 33.35677]",Recommended figure,Conflict,total,1,2024-05-12 00:00:00,2024-05-12 00:00:00,2024-05-12 00:00:00,2024,20827.0,Ukraine: International armed conflict (IAC)  - Countrywide - 2024,2024-01-01 00:00:00,2024-12-31 00:00:00,Unknown,Unknown,Unknown,Unknown,National Police of Ukraine,https://www.npu.gov.ua/news/vnaslidok-ahresii-rf-na-khersonshchyni-poraneno-piat-myrnykh-zhyteliv-sered-nykh-dytyna,"Kherson Oblast, Ukraine","46.678699, 33.35677",State/Region/Province (ADM1),Origin,Displacement without preventive evacuations reported,2024-05-15T09:52:35.103975Z,"Ukraine: 1 displacement (evacuated), 12 May - 12 May. According to the National Police of Ukraine, 1 person was evacuated in Mykhailivka (Kherson Oblast) on May 12 due to military operations.",https://www.npu.gov.ua/news/vnaslidok-ahresii-rf-na-khersonshchyni-poraneno-piat-myrnykh-zhyteliv-sered-nykh-dytyna,Conflict
147858.0,Ukraine,UKR,49.495609,36.663502,"[49.495609, 36.663502]",Triangulation,Conflict,total,295,2024-05-12 00:00:00,2024-05-12 00:00:00,2024-05-12 00:00:00,2024,24004.0,Ukraine: International armed conflict (IAC) - Kharkiv Oblast - 10/05/2024,2024-05-10 00:00:00,2024-06-17 00:00:00,Unknown,Unknown,Unknown,Unknown,Regional Government,https://t.me/synegubov/9441,"Kharkiv Oblast, Ukraine","49.495609, 36.663502",State/Region/Province (ADM1),Origin,Displacement without preventive evacuations reported,2024-05-13T12:07:35.503518Z,"Ukraine: 295 displacements (evacuated), 12 May - 12 May. According to the regional government, 295 further people have been evacuated from Kharkiv Oblast on May 12 due to military operations. This brings the total evacuations in Kharkiv Oblast (excluding Chuhuiv Raion, Kharkiv District, and Bohodukhiv Raion) since May 10 up to 570.",https://t.me/synegubov/9441,Conflict
147852.0,Ukraine,UKR,49.807861,36.772362,"[49.807861, 36.772362]",Triangulation,Conflict,total,329,2024-05-12 00:00:00,2024-05-12 00:00:00,2024-05-12 00:00:00,2024,24004.0,Ukraine: International armed conflict (IAC) - Kharkiv Oblast - 10/05/2024,2024-05-10 00:00:00,2024-06-17 00:00:00,Unknown,Unknown,Unknown,Unknown,Regional Government,https://t.me/synegubov/9441,"Chuhuiv Raion, Kharkiv Oblast, Ukraine","49.807861, 36.772362",District/Zone/Department (ADM2),Origin,Displacement without preventive evacuations reported,2024-05-13T11:53:06.100557Z,"Ukraine: 329 displacements (evacuated), 12 May - 12 May. According to the regional government, 329 people have been evacuated from Chuhuiv Raion on May 12 due to military operations. This brings the total evacuations in Chuhuiv Raion since May 10 up to 1,377.",https://t.me/synegubov/9441,Conflict
147854.0,Ukraine,UKR,49.991428,36.27227,"[49.991428, 36.27227]",Triangulation,Conflict,total,1657,2024-05-12 00:00:00,2024-05-12 00:00:00,2024-05-12 00:00:00,2024,24004.0,Ukraine: International armed conflict (IAC) - Kharkiv Oblast - 10/05/2024,2024-05-10 00:00:00,2024-06-17 00:00:00,Unknown,Unknown,Unknown,Unknown,Regional Government,https://t.me/synegubov/9441,"Kharkiv city rada, Kharkiv Oblast, Ukraine","49.991428, 36.27227",District/Zone/Department (ADM2),Origin,Displacement without preventive evacuations reported,2024-05-13T12:04:22.601874Z,"Ukraine: 1,657 displacements (evacuated), 12 May - 12 May. According to the regional government, 1,657 people have been evacuated from Kharkiv District on May 12 due to military operations. This brings the total evacuations in Kharkiv District since May 10 up to 2,097.",https://t.me/synegubov/9441,Conflict
147848.0,Ukraine,UKR,50.138599,35.523251,"[50.138599, 35.523251]",Triangulation,Conflict,total,8,2024-05-11 00:00:00,2024-05-11 00:00:00,2024-05-11 00:00:00,2024,24004.0,Ukraine: International armed conflict (IAC) - Kharkiv Oblast - 10/05/2024,2024-05-10 00:00:00,2024-06-17 00:00:00,Unknown,Unknown,Unknown,Unknown,Regional Government,https://t.me/synegubov/9432,"Bohodukhiv Raion, Kharkiv Oblast, Ukraine","50.138599, 35.523251",District/Zone/Department (ADM2),Origin,Displacement without preventive evacuations reported,2024-05-13T11:42:10.008510Z,"Ukraine: 8 displacements (evacuated), 11 May - 11 May. According to the regional government, 8 people have been evacuated from Bohodukhiv Raion on May 11 due to military operations. This brings the total evacuations in Bohodukhiv Raion since May 10 up to 12.",https://t.me/synegubov/9432,Conflict
148124.0,Ukraine,UKR,47.96067,37.834438,"[47.96067, 37.834438]",Recommended figure,Conflict,total,454,2024-05-11 00:00:00,2024-05-11 00:00:00,2024-05-11 00:00:00,2024,22790.0,Ukraine: International armed conflict (IAC) - Donetsk - 2024,2024-01-01 00:00:00,2024-12-31 00:00:00,Unknown,Unknown,Unknown,Unknown,National Police of Ukraine,https://www.npu.gov.ua/news/rosiiany-za-dobu-vbyly-dvokh-meshkantsiv-donechchyny-shche-troie-zaznaly-poranen-pravookhorontsi-dokumentuiut-voienni-zlochyny-rf,"Donetsk Oblast, Ukraine","47.96067, 37.834438",State/Region/Province (ADM1),Origin,Displacement without preventive evacuations reported,2024-05-15T13:29:13.573765Z,"Ukraine: 454 displacements (evacuated), 11 May - 11 May. According to the National Police of Ukraine, 454 people have been evacuated in Donetsk Oblast on 11 May due to military operations.",https://www.npu.gov.ua/news/rosiiany-za-dobu-vbyly-dvokh-meshkantsiv-donechchyny-shche-troie-zaznaly-poranen-pravookhorontsi-dokumentuiut-voienni-zlochyny-rf,Conflict
147844.0,Ukraine,UKR,49.807861,36.772362,"[49.807861, 36.772362]",Triangulation,Conflict,total,599,2024-05-11 00:00:00,2024-05-11 00:00:00,2024-05-11 00:00:00,2024,24004.0,Ukraine: International armed conflict (IAC) - Kharkiv Oblast - 10/05/2024,2024-05-10 00:00:00,2024-06-17 00:00:00,Unknown,Unknown,Unknown,Unknown,Regional Government,https://t.me/synegubov/9432,"Chuhuiv Raion, Kharkiv Oblast, Ukraine","49.807861, 36.772362",District/Zone/Department (ADM2),Origin,Displacement without preventive evacuations reported,2024-05-13T11:42:09.751518Z,"Ukraine: 599 displacements (evacuated), 11 May - 11 May. According to the regional government, 599 further people have been evacuated from Chuhuiv Raion on May 11 due to military operations. This brings the total evacuations in Chuhuiv Raion since May 10 up to 1,048.",https://t.me/synegubov/9432,Conflict
147846.0,Ukraine,UKR,49.991428,36.27227,"[49.991428, 36.27227]",Triangulation,Conflict,total,415,2024-05-11 00:00:00,2024-05-11 00:00:00,2024-05-11 00:00:00,2024,24004.0,Ukraine: International armed conflict (IAC) - Kharkiv Oblast - 10/05/2024,2024-05-10 00:00:00,2024-06-17 00:00:00,Unknown,Unknown,Unknown,Unknown,Regional Government,https://t.me/synegubov/9432,"Kharkiv city rada, Kharkiv Oblast, Ukraine","49.991428, 36.27227",District/Zone/Department (ADM2),Origin,Displacement without preventive evacuations reported,2024-05-13T11:42:09.857509Z,"Ukraine: 415 displacements (evacuated), 11 May - 11 May. According to the regional government, 415 people have been evacuated from Kharkiv District on May 11 due to military operations. This brings the total evacuations in Kharkiv District since May 10 up to 440.",https://t.me/synegubov/9432,Conflict
147850.0,Ukraine,UKR,49.495609,36.663502,"[49.495609, 36.663502]",Triangulation,Conflict,total,246,2024-05-11 00:00:00,2024-05-11 00:00:00,2024-05-11 00:00:00,2024,24004.0,Ukraine: International armed conflict (IAC) - Kharkiv Oblast - 10/05/2024,2024-05-10 00:00:00,2024-06-17 00:00:00,Unknown,Unknown,Unknown,Unknown,Regional Government,https://t.me/synegubov/9432,"Kharkiv Oblast, Ukraine","49.495609, 36.663502",State/Region/Province (ADM1),Origin,Displacement without preventive evacuations reported,2024-05-13T11:42:10.164733Z,"Ukraine: 246 displacements (evacuated), 11 May - 11 May. According to the regional government, 246 further people have been evacuated from Kharkiv Oblast on May 11 due to military operations. This brings the total evacuations in Kharkiv Oblast (excluding Chuhuiv Raion, Kharkiv District, and Bohodukhiv Raion) since May 10 up to 275.",https://t.me/synegubov/9432,Conflict
148348.0,Ukraine,UKR,50.16969033333333,36.46404916666666,"[50.16969033333333, 36.46404916666666]",Triangulation,Conflict,approximately,5800,2024-05-17 00:00:00,2024-05-10 00:00:00,2024-05-17 00:00:00,2024,24004.0,Ukraine: International armed conflict (IAC) - Kharkiv Oblast - 10/05/2024,2024-05-10 00:00:00,2024-06-17 00:00:00,Unknown,Unknown,Unknown,Unknown,International Organization for Migration (IOM),https://reliefweb.int/report/ukraine/ukraine-humanitarian-impact-intensified-hostilities-kharkivska-oblast-flash-update-6-last-updated-19-may-2024-enuk,"Derhachi Raion, Kharkiv Oblast, Ukraine; Lyptsi, Kharkiv Raion, Kharkiv Oblast, Ukraine; Staryi Saltiv, Vovchansk Raion, Kharkiv Oblast, Ukraine; Tsyrkuny, Kharkiv Raion, Kharkiv Oblast, Ukraine; Vovchansk Raion, Kharkiv Oblast, Ukraine; Zolochiv Raion, Kharkiv Oblast, Ukraine","50.186111, 36.2314; 50.203121, 36.42231; 50.076038, 36.793671; 50.08289, 36.385342; 50.206001, 37.027191; 50.263981, 35.924381",District/Zone/Department (ADM2); County/City/town/Village/Woreda (ADM3); County/City/town/Village/Woreda (ADM3); County/City/town/Village/Woreda (ADM3); District/Zone/Department (ADM2); District/Zone/Department (ADM2),Origin; Origin; Origin; Origin; Origin; Origin,Displacement without preventive evacuations reported,2024-05-21T15:19:14.191896Z,"Ukraine: 5,800 displacements (evacuated), 10 May - 17 May. According to an IOM assessment, approximately 16,100 people have been evacuated from Derhachi Raion, Lyptsi, Staryi Saltiv, Tsyrkuny, Vovchansk Raion, and Zolochiv Raion between 10 and 17 May due to military operations. Taking into account previous evacuations reported by the regional government, approximately 5,800 further evacuations have taken place.",https://reliefweb.int/report/ukraine/ukraine-humanitarian-impact-intensified-hostilities-kharkivska-oblast-flash-update-6-last-updated-19-may-2024-enuk,Conflict
148123.0,Ukraine,UKR,47.96067,37.834438,"[47.96067, 37.834438]",Recommended figure,Conflict,total,300,2024-05-10 00:00:00,2024-05-10 00:00:00,2024-05-10 00:00:00,2024,22790.0,Ukraine: International armed conflict (IAC) - Donetsk - 2024,2024-01-01 00:00:00,2024-12-31 00:00:00,Unknown,Unknown,Unknown,Unknown,National Police of Ukraine,https://www.npu.gov.ua/news/odyn-zhytel-donechchyny-zaznav-poranen-politseiski-zadokumentuvaly-voienni-zlochyny-rf,"Donetsk Oblast, Ukraine","47.96067, 37.834438",State/Region/Province (ADM1),Origin,Displacement without preventive evacuations reported,2024-05-15T13:27:48.049661Z,"Ukraine: 300 displacements (evacuated), 10 May - 10 May. According to the National Police of Ukraine, 300 people have been evacuated in Donetsk Oblast on 10 May due to military operations.",https://www.npu.gov.ua/news/odyn-zhytel-donechchyny-zaznav-poranen-politseiski-zadokumentuvaly-voienni-zlochyny-rf,Conflict
147837.0,Ukraine,UKR,49.807861,36.772362,"[49.807861, 36.772362]",Triangulation,Conflict,total,449,2024-05-10 00:00:00,2024-05-10 00:00:00,2024-05-10 00:00:00,2024,24004.0,Ukraine: International armed conflict (IAC) - Kharkiv Oblast - 10/05/2024,2024-05-10 00:00:00,2024-06-17 00:00:00,Unknown,Unknown,Unknown,Unknown,Regional Government,https://t.me/synegubov/9429,"Chuhuiv Raion, Kharkiv Oblast, Ukraine","49.807861, 36.772362",District/Zone/Department (ADM2),Origin,Displacement without preventive evacuations reported,2024-05-13T11:20:29.933442Z,"Ukraine: 449 displacements (evacuated), 10 May - 10 May. According to the regional government, 449 people have been evacuated from Chuhuiv Raion on May 10 due to military operations.",https://t.me/synegubov/9429,Conflict
147835.0,Ukraine,UKR,50.138599,35.523251,"[50.138599, 35.523251]",Triangulation,Conflict,total,4,2024-05-10 00:00:00,2024-05-10 00:00:00,2024-05-10 00:00:00,2024,24004.0,Ukraine: International armed conflict (IAC) - Kharkiv Oblast - 10/05/2024,2024-05-10 00:00:00,2024-06-17 00:00:00,Unknown,Unknown,Unknown,Unknown,Regional Government,https://t.me/synegubov/9429,"Bohodukhiv Raion, Kharkiv Oblast, Ukraine","50.138599, 35.523251",District/Zone/Department (ADM2),Origin,Displacement without preventive evacuations reported,2024-05-13T11:18:23.846803Z,"Ukraine: 4 displacements (evacuated), 10 May - 10 May. According to the regional government, 4 people have been evacuated from Bohodukhiv raion on May 10 due to military operations.",https://t.me/synegubov/9429,Conflict
147834.0,Ukraine,UKR,49.991428,36.27227,"[49.991428, 36.27227]",Triangulation,Conflict,total,25,2024-05-10 00:00:00,2024-05-10 00:00:00,2024-05-10 00:00:00,2024,24004.0,Ukraine: International armed conflict (IAC) - Kharkiv Oblast - 10/05/2024,2024-05-10 00:00:00,2024-06-17 00:00:00,Unknown,Unknown,Unknown,Unknown,Regional Government,https://t.me/synegubov/9429,"Kharkiv city rada, Kharkiv Oblast, Ukraine","49.991428, 36.27227",District/Zone/Department (ADM2),Origin,Displacement without preventive evacuations reported,2024-05-13T11:18:23.767509Z,"Ukraine: 25 displacements (evacuated), 10 May - 10 May. According to the regional government, 25 people have been evacuated from Kharkiv district on May 10 due to military operations.",https://t.me/synegubov/9429,Conflict
147836.0,Ukraine,UKR,49.495609,36.663502,"[49.495609, 36.663502]",Triangulation,Conflict,total,29,2024-05-10 00:00:00,2024-05-10 00:00:00,2024-05-10 00:00:00,2024,24004.0,Ukraine: International armed conflict (IAC) - Kharkiv Oblast - 10/05/2024,2024-05-10 00:00:00,2024-06-17 00:00:00,Unknown,Unknown,Unknown,Unknown,Regional Government,https://t.me/synegubov/9429,"Kharkiv Oblast, Ukraine","49.495609, 36.663502",State/Region/Province (ADM1),Origin,Displacement without preventive evacuations reported,2024-05-13T11:18:23.935388Z,"Ukraine: 29 displacements (evacuated), 10 May - 10 May. According to the regional government, 29 people have been evacuated from Kharkiv Oblast on May 10 due to military operations.",https://t.me/synegubov/9429,Conflict
148122.0,Ukraine,UKR,47.96067,37.834438,"[47.96067, 37.834438]",Recommended figure,Conflict,total,307,2024-05-09 00:00:00,2024-05-09 00:00:00,2024-05-09 00:00:00,2024,22790.0,Ukraine: International armed conflict (IAC) - Donetsk - 2024,2024-01-01 00:00:00,2024-12-31 00:00:00,Unknown,Unknown,Unknown,Unknown,National Police of Ukraine,https://www.npu.gov.ua/news/protiahom-doby-donechchyna-zaznala-1870-vorozhykh-obstriliv-poraneno-trokh-myrnykh-meshkantsiv,"Donetsk Oblast, Ukraine","47.96067, 37.834438",State/Region/Province (ADM1),Origin,Displacement without preventive evacuations reported,2024-05-15T13:26:30.255370Z,"Ukraine: 307 displacements (evacuated), 09 May - 09 May. According to the National Police of Ukraine, 307 people have been evacuated in Donetsk Oblast on 09 May due to military operations.",https://www.npu.gov.ua/news/protiahom-doby-donechchyna-zaznala-1870-vorozhykh-obstriliv-poraneno-trokh-myrnykh-meshkantsiv,Conflict
147995.0,Ukraine,UKR,47.6490745,35.705608,"[47.6490745, 35.705608]",Recommended figure,Conflict,more than or equal to,5,2024-05-09 00:00:00,2024-05-09 00:00:00,2024-05-09 00:00:00,2024,20827.0,Ukraine: International armed conflict (IAC)  - Countrywide - 2024,2024-01-01 00:00:00,2024-12-31 00:00:00,Unknown,Unknown,Unknown,Unknown,National Police of Ukraine,https://www.npu.gov.ua/news/na-zaporizhzhi-politseiski-zadokumentuvaly-naslidky-547-vorozhykh-vluchan,"Polohy Raion, Zaporizhia Oblast, Ukraine; Zaporizhia Municipality, Zaporizhia Oblast, Ukraine","47.444809, 36.224838; 47.85334, 35.186378",District/Zone/Department (ADM2); District/Zone/Department (ADM2),Origin; Origin,Unknown,2024-05-15T10:03:09.160457Z,"Ukraine: 5 displacements (destroyed housing), 09 May - 09 May. According to the National Police of Ukraine, houses were destroyed in Polohy Raion and Zaporizhia municipality on May 9 due to military operations.",https://www.npu.gov.ua/news/na-zaporizhzhi-politseiski-zadokumentuvaly-naslidky-547-vorozhykh-vluchan,Conflict
147994.0,Ukraine,UKR,47.583801,35.357948,"[47.583801, 35.357948]",Recommended figure,Conflict,total,2,2024-05-08 00:00:00,2024-05-08 00:00:00,2024-05-08 00:00:00,2024,20827.0,Ukraine: International armed conflict (IAC)  - Countrywide - 2024,2024-01-01 00:00:00,2024-12-31 00:00:00,Unknown,Unknown,Unknown,Unknown,National Police of Ukraine,https://www.npu.gov.ua/news/politseiski-evakuiuvaly-zi-stepnohirska-na-zaporizhzhi-litniu-paru-z-domashnimy-uliublentsiamy,"Stepnohirsk, Vasylivka Raion, Zaporizhia Oblast, Ukraine","47.583801, 35.357948",County/City/town/Village/Woreda (ADM3),Origin,Displacement without preventive evacuations reported,2024-05-15T09:57:21.185723Z,"Ukraine: 2 displacements (evacuated), 08 May - 08 May. According to the National Police of Ukraine, 2 people were evacuated from Stepnohirsk (Zaporizhia Oblast) on May 8 due to military operations.",https://www.npu.gov.ua/news/politseiski-evakuiuvaly-zi-stepnohirska-na-zaporizhzhi-litniu-paru-z-domashnimy-uliublentsiamy,Conflict
148121.0,Ukraine,UKR,47.96067,37.834438,"[47.96067, 37.834438]",Recommended figure,Conflict,total,343,2024-05-08 00:00:00,2024-05-08 00:00:00,2024-05-08 00:00:00,2024,22790.0,Ukraine: International armed conflict (IAC) - Donetsk - 2024,2024-01-01 00:00:00,2024-12-31 00:00:00,Unknown,Unknown,Unknown,Unknown,National Police of Ukraine,https://www.npu.gov.ua/news/okupanty-atakuvaly-shist-naselenykh-punktiv-donechchyny-poperedno-bez-postrazhdalykh,"Donetsk Oblast, Ukraine","47.96067, 37.834438",State/Region/Province (ADM1),Origin,Displacement without preventive evacuations reported,2024-05-15T13:24:45.413313Z,"Ukraine: 343 displacements (evacuated), 08 May - 08 May. According to the National Police of Ukraine, 343 people have been evacuated in Donetsk Oblast on 08 May due to military operations.",https://www.npu.gov.ua/news/okupanty-atakuvaly-shist-naselenykh-punktiv-donechchyny-poperedno-bez-postrazhdalykh,Conflict
148119.0,Ukraine,UKR,51.237358,33.808262,"[51.237358, 33.808262]",Recommended figure,Conflict,more than or equal to,2,2024-05-08 00:00:00,2024-05-08 00:00:00,2024-05-08 00:00:00,2024,20827.0,Ukraine: International armed conflict (IAC)  - Countrywide - 2024,2024-01-01 00:00:00,2024-12-31 00:00:00,Unknown,Unknown,Unknown,Unknown,Regional Government,https://t.me/Sumy_news_ODA/26163,"Sumy Oblast, Ukraine","51.237358, 33.808262",State/Region/Province (ADM1),Origin,Displacement without preventive evacuations reported,2024-05-15T13:17:44.108185Z,"Ukraine: 2 displacements (evacuated), 08 May - 08 May. According to the Sumy Regional Military Administration, people were evacuated from settlements neer the border on May 8 due to military operations.",https://t.me/Sumy_news_ODA/26163,Conflict
148117.0,Ukraine,UKR,48.496819,31.865931,"[48.496819, 31.865931]",Recommended figure,Conflict,total,33,2024-05-08 00:00:00,2024-05-08 00:00:00,2024-05-08 00:00:00,2024,20827.0,Ukraine: International armed conflict (IAC)  - Countrywide - 2024,2024-01-01 00:00:00,2024-12-31 00:00:00,Unknown,Unknown,Unknown,Unknown,State Emergency Service of Ukraine (SESU),https://t.me/dsns_telegram/27897,"Kirovohrad Oblast, Ukraine","48.496819, 31.865931",State/Region/Province (ADM1),Origin,Unknown,2024-05-15T12:48:28.145458Z,"Ukraine: 33 displacements (destroyed housing), 08 May - 08 May. According to the State Emergency Service of Ukraine (SESU), 13 homes were destroyed in Kirovohrad Oblast on May 8 due to military operations.",https://t.me/dsns_telegram/27897,Conflict
147833.0,Ukraine,UKR,50.203121,36.42231,"[50.203121, 36.42231]",Recommended figure,Conflict,total,30,2024-05-08 00:00:00,2024-05-08 00:00:00,2024-05-08 00:00:00,2024,20827.0,Ukraine: International armed conflict (IAC)  - Countrywide - 2024,2024-01-01 00:00:00,2024-12-31 00:00:00,Unknown,Unknown,Unknown,Unknown,Regional Government,https://t.me/synegubov/9402,"Lyptsi, Kharkiv Raion, Kharkiv Oblast, Ukraine","50.203121, 36.42231",County/City/town/Village/Woreda (ADM3),Origin,Displacement without preventive evacuations reported,2024-05-13T10:56:18.969137Z,"Ukraine: 30 displacements (evacuated), 08 May - 08 May. According to the regional governor, 30 children were evacuated from Lyptsi (Kharkiv) on May 8 due to military operations.",https://t.me/synegubov/9402,Conflict
147832.0,Ukraine,UKR,50.107559,36.120831,"[50.107559, 36.120831]",Recommended figure,Conflict,total,64,2024-05-08 00:00:00,2024-05-08 00:00:00,2024-05-08 00:00:00,2024,20827.0,Ukraine: International armed conflict (IAC)  - Countrywide - 2024,2024-01-01 00:00:00,2024-12-31 00:00:00,Unknown,Unknown,Unknown,Unknown,Regional Government,https://t.me/synegubov/9402,"Derhachi, Derhachi Raion, Kharkiv Oblast, Ukraine","50.107559, 36.120831",County/City/town/Village/Woreda (ADM3),Origin,Displacement without preventive evacuations reported,2024-05-13T10:56:18.909256Z,"Ukraine: 64 displacements (evacuated), 08 May - 08 May. According to the regional governor, 64 children were evacuated from Derhachi (Kharkiv) on May 8 due to military operations.",https://t.me/synegubov/9402,Conflict
147831.0,Ukraine,UKR,49.63932,37.331539,"[49.63932, 37.331539]",Recommended figure,Conflict,total,4,2024-05-08 00:00:00,2024-05-08 00:00:00,2024-05-08 00:00:00,2024,20827.0,Ukraine: International armed conflict (IAC)  - Countrywide - 2024,2024-01-01 00:00:00,2024-12-31 00:00:00,Unknown,Unknown,Unknown,Unknown,Regional Government,https://t.me/synegubov/9402,"Borivske, Shevchenkove Raion, Kharkiv Oblast, Ukraine","49.63932, 37.331539",County/City/town/Village/Woreda (ADM3),Origin,Displacement without preventive evacuations reported,2024-05-13T10:56:18.856263Z,"Ukraine: 4 displacements (evacuated), 08 May - 08 May. According to the regional governor, 4 children were evacuated from Borivske (Kharkiv) on May 8 due to military operations.",https://t.me/synegubov/9402,Conflict
147830.0,Ukraine,UKR,50.28587,35.98354,"[50.28587, 35.98354]",Recommended figure,Conflict,total,15,2024-05-08 00:00:00,2024-05-08 00:00:00,2024-05-08 00:00:00,2024,20827.0,Ukraine: International armed conflict (IAC)  - Countrywide - 2024,2024-01-01 00:00:00,2024-12-31 00:00:00,Unknown,Unknown,Unknown,Unknown,Regional Government,https://t.me/synegubov/9402,"Zolochiv, Zolochiv Raion, Kharkiv Oblast, Ukraine","50.28587, 35.98354",County/City/town/Village/Woreda (ADM3),Origin,Displacement without preventive evacuations reported,2024-05-13T10:56:18.791501Z,"Ukraine: 15 displacements (evacuated), 08 May - 08 May. According to the regional governor, 15 children were evacuated from Zlochiv (Kharkiv) on May 8 due to military operations.",https://t.me/synegubov/9402,Conflict
148120.0,Ukraine,UKR,47.96067,37.834438,"[47.96067, 37.834438]",Recommended figure,Conflict,total,506,2024-05-07 00:00:00,2024-05-07 00:00:00,2024-05-07 00:00:00,2024,22790.0,Ukraine: International armed conflict (IAC) - Donetsk - 2024,2024-01-01 00:00:00,2024-12-31 00:00:00,Unknown,Unknown,Unknown,Unknown,National Police of Ukraine,https://www.npu.gov.ua/news/zahynula-liudyna-shche-4-myrnykh-zhyteliv-donechchyny-poraneni-naslidky-ahresii-rosii-za-dobu,"Donetsk Oblast, Ukraine","47.96067, 37.834438",State/Region/Province (ADM1),Origin,Displacement without preventive evacuations reported,2024-05-15T13:23:27.088777Z,"Ukraine: 506 displacements (evacuated), 07 May - 07 May. According to the National Police of Ukraine, 506 people have been evacuated in Donetsk Oblast on 07 May due to military operations.",https://www.npu.gov.ua/news/zahynula-liudyna-shche-4-myrnykh-zhyteliv-donechchyny-poraneni-naslidky-ahresii-rosii-za-dobu,Conflict
147423.0,Ukraine,UKR,47.96067,37.834438,"[47.96067, 37.834438]",Recommended figure,Conflict,total,57,2024-05-06 00:00:00,2024-05-06 00:00:00,2024-05-06 00:00:00,2024,22790.0,Ukraine: International armed conflict (IAC) - Donetsk - 2024,2024-01-01 00:00:00,2024-12-31 00:00:00,Unknown,Unknown,Unknown,Unknown,National Police of Ukraine,https://www.npu.gov.ua/news/odna-liudyna-zahynula-ta-shestero-zaznaly-poranen-na-donechchyni-vnaslidok-rosiiskykh-atak,"Donetsk Oblast, Ukraine","47.96067, 37.834438",State/Region/Province (ADM1),Origin,Displacement without preventive evacuations reported,2024-05-06T11:58:38.972029Z,"Ukraine: 57 displacements (evacuated), 06 May - 06 May. According to the National Police of Ukraine, 57 people have been evacuated in Donetsk Oblast on 06 May due to military operations.",https://www.npu.gov.ua/news/odna-liudyna-zahynula-ta-shestero-zaznaly-poranen-na-donechchyni-vnaslidok-rosiiskykh-atak,Conflict
147422.0,Ukraine,UKR,47.96067,37.834438,"[47.96067, 37.834438]",Recommended figure,Conflict,total,120,2024-05-05 00:00:00,2024-05-05 00:00:00,2024-05-05 00:00:00,2024,22790.0,Ukraine: International armed conflict (IAC) - Donetsk - 2024,2024-01-01 00:00:00,2024-12-31 00:00:00,Unknown,Unknown,Unknown,Unknown,National Police of Ukraine,https://www.npu.gov.ua/news/vid-ruk-okupantiv-zahynuly-troie-myrnykh-zhyteliv-donechchyny-shche-dvoie-travmovani,"Donetsk Oblast, Ukraine","47.96067, 37.834438",State/Region/Province (ADM1),Origin,Displacement without preventive evacuations reported,2024-05-06T11:57:05.756036Z,"Ukraine: 120 displacements (evacuated), 05 May - 05 May. According to the National Police of Ukraine, 120 people have been evacuated in Donetsk Oblast on 05 May due to military operations.",https://www.npu.gov.ua/news/vid-ruk-okupantiv-zahynuly-troie-myrnykh-zhyteliv-donechchyny-shche-dvoie-travmovani,Conflict
147420.0,Ukraine,UKR,47.96067,37.834438,"[47.96067, 37.834438]",Recommended figure,Conflict,total,325,2024-05-04 00:00:00,2024-05-04 00:00:00,2024-05-04 00:00:00,2024,22790.0,Ukraine: International armed conflict (IAC) - Donetsk - 2024,2024-01-01 00:00:00,2024-12-31 00:00:00,Unknown,Unknown,Unknown,Unknown,National Police of Ukraine,https://www.npu.gov.ua/news/troie-meshkantsiv-donechchyny-zahynuly-ta-semero-zaznaly-poranen-vnaslidok-rosiiskykh-atak,"Donetsk Oblast, Ukraine","47.96067, 37.834438",State/Region/Province (ADM1),Origin,Displacement without preventive evacuations reported,2024-05-06T11:55:18.705570Z,"Ukraine: 325 displacements (evacuated), 04 May - 04 May. According to the National Police of Ukraine, 325 people have been evacuated in Donetsk Oblast on 04 May due to military operations.",https://www.npu.gov.ua/news/troie-meshkantsiv-donechchyny-zahynuly-ta-semero-zaznaly-poranen-vnaslidok-rosiiskykh-atak,Conflict
147400.0,Ukraine,UKR,50.006351,36.168079,"[50.006351, 36.168079]",Recommended figure,Conflict,total,5,2024-05-03 00:00:00,2024-05-03 00:00:00,2024-05-03 00:00:00,2024,20827.0,Ukraine: International armed conflict (IAC)  - Countrywide - 2024,2024-01-01 00:00:00,2024-12-31 00:00:00,Unknown,Unknown,Unknown,Unknown,National Police of Ukraine,https://www.npu.gov.ua/news/u-rezultati-obstrilu-kharkova-odna-zhinka-zahynula-dvoie-cholovikiv-travmovani-politsiia-zadokumentuvala-naslidky-vorozhoho-udaru,"Kholodnohirskiy Raion, Kharkiv, Kharkiv city rada, Kharkiv Oblast, Ukraine","50.006351, 36.168079",Point,Origin,Unknown,2024-05-06T09:46:59.452308Z,"Ukraine: 5 displacements (destroyed housing), 03 May - 03 May. According to the National Police of Ukraine, 2 homes were destroyed in the Kholodnohirsky district of Kharkiv on May 3 due to shelling.",https://www.npu.gov.ua/news/u-rezultati-obstrilu-kharkova-odna-zhinka-zahynula-dvoie-cholovikiv-travmovani-politsiia-zadokumentuvala-naslidky-vorozhoho-udaru,Conflict
147419.0,Ukraine,UKR,47.96067,37.834438,"[47.96067, 37.834438]",Recommended figure,Conflict,total,236,2024-05-03 00:00:00,2024-05-03 00:00:00,2024-05-03 00:00:00,2024,22790.0,Ukraine: International armed conflict (IAC) - Donetsk - 2024,2024-01-01 00:00:00,2024-12-31 00:00:00,Unknown,Unknown,Unknown,Unknown,National Police of Ukraine,https://www.npu.gov.ua/news/na-donechchyni-rosiiski-okupanty-vbyly-12-richnu-divchynku-ta-zhinku,"Donetsk Oblast, Ukraine","47.96067, 37.834438",State/Region/Province (ADM1),Origin,Displacement without preventive evacuations reported,2024-05-06T11:53:57.143753Z,"Ukraine: 236 displacements (evacuated), 03 May - 03 May. According to the National Police of Ukraine, 236 people have been evacuated in Donetsk Oblast on 03 May due to military operations.",https://www.npu.gov.ua/news/na-donechchyni-rosiiski-okupanty-vbyly-12-richnu-divchynku-ta-zhinku,Conflict
147417.0,Ukraine,UKR,47.96067,37.834438,"[47.96067, 37.834438]",Recommended figure,Conflict,total,338,2024-05-02 00:00:00,2024-05-02 00:00:00,2024-05-02 00:00:00,2024,22790.0,Ukraine: International armed conflict (IAC) - Donetsk - 2024,2024-01-01 00:00:00,2024-12-31 00:00:00,Unknown,Unknown,Unknown,Unknown,National Police of Ukraine,https://www.npu.gov.ua/news/chetvero-meshkantsiv-donechchyny-zahynuly-ta-visim-zaznaly-poranen-vnaslidok-rosiiskykh-obstriliv,"Donetsk Oblast, Ukraine","47.96067, 37.834438",State/Region/Province (ADM1),Origin,Displacement without preventive evacuations reported,2024-05-06T11:49:01.632995Z,"Ukraine: 338 displacements (evacuated), 02 May - 02 May. According to the National Police of Ukraine, 338 people have been evacuated in Donetsk Oblast on 02 May due to military operations.",https://www.npu.gov.ua/news/chetvero-meshkantsiv-donechchyny-zahynuly-ta-visim-zaznaly-poranen-vnaslidok-rosiiskykh-obstriliv,Conflict
147418.0,Ukraine,UKR,47.96067,37.834438,"[47.96067, 37.834438]",Recommended figure,Conflict,total,216,2024-05-01 00:00:00,2024-05-01 00:00:00,2024-05-01 00:00:00,2024,22790.0,Ukraine: International armed conflict (IAC) - Donetsk - 2024,2024-01-01 00:00:00,2024-12-31 00:00:00,Unknown,Unknown,Unknown,Unknown,National Police of Ukraine,https://www.npu.gov.ua/news/chetvero-meshkantsiv-donechchyny-zahynuly-ta-visim-zaznaly-poranen-vnaslidok-rosiiskykh-obstriliv,"Donetsk Oblast, Ukraine","47.96067, 37.834438",State/Region/Province (ADM1),Origin,Displacement without preventive evacuations reported,2024-05-06T11:49:01.698361Z,"Ukraine: 216 displacements (evacuated), 01 May - 01 May. According to the National Police of Ukraine, 338 people have been evacuated in Donetsk Oblast on 01 May due to military operations.",https://www.npu.gov.ua/news/chetvero-meshkantsiv-donechchyny-zahynuly-ta-visim-zaznaly-poranen-vnaslidok-rosiiskykh-obstriliv,Conflict
147411.0,Ukraine,UKR,47.14571,35.73764,"[47.14571, 35.73764]",Triangulation,Conflict,total,28,2024-05-01 00:00:00,2024-05-01 00:00:00,2024-05-01 00:00:00,2024,20827.0,Ukraine: International armed conflict (IAC)  - Countrywide - 2024,2024-01-01 00:00:00,2024-12-31 00:00:00,Unknown,Unknown,Unknown,Unknown,National Police of Ukraine,https://www.npu.gov.ua/news/za-dobu-zaporizki-slidchi-zadokumentuvaly-naslidky-368-vorozhykh-vluchan,"Zaporizhia Oblast, Ukraine","47.14571, 35.73764",State/Region/Province (ADM1),Origin,Unknown,2024-05-06T11:29:00.848193Z,"Ukraine: 28 displacements (destroyed housing), 01 May - 01 May. According to the National Police of Ukraine, 11 residential buildings were destroyed on May 1 due to military operations.",https://www.npu.gov.ua/news/za-dobu-zaporizki-slidchi-zadokumentuvaly-naslidky-368-vorozhykh-vluchan,Conflict
146779.0,Ukraine,UKR,47.96067,37.834438,"[47.96067, 37.834438]",Recommended figure,Conflict,total,74,2024-04-29 00:00:00,2024-04-29 00:00:00,2024-04-29 00:00:00,2024,22790.0,Ukraine: International armed conflict (IAC) - Donetsk - 2024,2024-01-01 00:00:00,2024-12-31 00:00:00,Unknown,Unknown,Unknown,Unknown,National Police of Ukraine,https://www.npu.gov.ua/news/donechchyna-pid-vohnem-za-dobu-rosiiany-poranyly-trokh-liudei,"Donetsk Oblast, Ukraine","47.96067, 37.834438",State/Region/Province (ADM1),Origin,Displacement without preventive evacuations reported,2024-04-29T09:41:46.489767Z,"Ukraine: 74 displacements (evacuated), 29 April - 29 April. According to the National Police of Ukraine, 74 people have been evacuated in Donetsk Oblast on 29 April due to military operations.",https://www.npu.gov.ua/news/donechchyna-pid-vohnem-za-dobu-rosiiany-poranyly-trokh-liudei,Conflict
147405.0,Ukraine,UKR,47.14571,35.73764,"[47.14571, 35.73764]",Recommended figure,Conflict,more than or equal to,5,2024-04-29 00:00:00,2024-04-29 00:00:00,2024-04-29 00:00:00,2024,20827.0,Ukraine: International armed conflict (IAC)  - Countrywide - 2024,2024-01-01 00:00:00,2024-12-31 00:00:00,Unknown,Unknown,Unknown,Unknown,National Police of Ukraine,https://www.npu.gov.ua/news/na-zaporizhzhi-politseiski-zadokumentuvaly-naslidky-254-vluchan-po-7-naselenykh-punktakh,"Zaporizhia Oblast, Ukraine","47.14571, 35.73764",State/Region/Province (ADM1),Origin,Unknown,2024-05-06T09:57:20.200561Z,"Ukraine: 5 displacements (destroyed housing), 29 April - 29 April. According to the National Police of Ukraine, residential buildings were destroyed in Zaporizhia Oblast on April 29 due to military operations.",https://www.npu.gov.ua/news/na-zaporizhzhi-politseiski-zadokumentuvaly-naslidky-254-vluchan-po-7-naselenykh-punktakh,Conflict
146778.0,Ukraine,UKR,47.96067,37.834438,"[47.96067, 37.834438]",Recommended figure,Conflict,total,126,2024-04-28 00:00:00,2024-04-28 00:00:00,2024-04-28 00:00:00,2024,22790.0,Ukraine: International armed conflict (IAC) - Donetsk - 2024,2024-01-01 00:00:00,2024-12-31 00:00:00,Unknown,Unknown,Unknown,Unknown,National Police of Ukraine,https://www.npu.gov.ua/news/dvoie-meshkantsiv-donechchyny-zaznaly-poranen-vnaslidok-rosiiskykh-bombarduvan,"Donetsk Oblast, Ukraine","47.96067, 37.834438",State/Region/Province (ADM1),Origin,Displacement without preventive evacuations reported,2024-04-29T09:40:12.087410Z,"Ukraine: 126 displacements (evacuated), 28 April - 28 April. According to the National Police of Ukraine, 126 people have been evacuated in Donetsk Oblast on 28 April due to military operations.",https://www.npu.gov.ua/news/dvoie-meshkantsiv-donechchyny-zaznaly-poranen-vnaslidok-rosiiskykh-bombarduvan,Conflict
146786.0,Ukraine,UKR,50.286591,36.95269,"[50.286591, 36.95269]",Recommended figure,Conflict,more than or equal to,2,2024-04-27 00:00:00,2024-04-27 00:00:00,2024-04-27 00:00:00,2024,20827.0,Ukraine: International armed conflict (IAC)  - Countrywide - 2024,2024-01-01 00:00:00,2024-12-31 00:00:00,Unknown,Unknown,Unknown,Unknown,State Emergency Service of Ukraine (SESU),https://t.me/dsns_telegram/27529,"Vovchansk, Vovchansk Raion, Kharkiv Oblast, Ukraine","50.286591, 36.95269",County/City/town/Village/Woreda (ADM3),Origin,Unknown,2024-04-29T10:01:06.601120Z,"Ukraine: 2 displacements (destroyed housing), 27 April - 27 April. According to the State Emergency Service of Ukraine (SESU), residential buildings were destroyed in Vovchansk on April 27 due to military operations.",https://t.me/dsns_telegram/27529,Conflict
146777.0,Ukraine,UKR,47.96067,37.834438,"[47.96067, 37.834438]",Recommended figure,Conflict,total,240,2024-04-27 00:00:00,2024-04-27 00:00:00,2024-04-27 00:00:00,2024,22790.0,Ukraine: International armed conflict (IAC) - Donetsk - 2024,2024-01-01 00:00:00,2024-12-31 00:00:00,Unknown,Unknown,Unknown,Unknown,National Police of Ukraine,https://www.npu.gov.ua/news/okupanty-atakuvaly-12-naselenykh-punktiv-donechchyny-poraneno-trokh-myrnykh-zhyteliv,"Donetsk Oblast, Ukraine","47.96067, 37.834438",State/Region/Province (ADM1),Origin,Displacement without preventive evacuations reported,2024-04-29T09:36:51.342997Z,"Ukraine: 240 displacements (evacuated), 27 April - 27 April. According to the National Police of Ukraine, 240 people have been evacuated in Donetsk Oblast on 27 April due to military operations.",https://www.npu.gov.ua/news/okupanty-atakuvaly-12-naselenykh-punktiv-donechchyny-poraneno-trokh-myrnykh-zhyteliv,Conflict
146782.0,Ukraine,UKR,50.107559,36.120831,"[50.107559, 36.120831]",Recommended figure,Conflict,more than or equal to,3,2024-04-27 00:00:00,2024-04-27 00:00:00,2024-04-27 00:00:00,2024,20827.0,Ukraine: International armed conflict (IAC)  - Countrywide - 2024,2024-01-01 00:00:00,2024-12-31 00:00:00,Unknown,Unknown,Unknown,Unknown,National Police of Ukraine,https://www.npu.gov.ua/news/protiahom-doby-rosiiany-obstriliuvaly-kharkiv-ta-oblast-z-riznykh-vydiv-ozbroiennia-ie-zahybli-i-poraneni-u-tomu-chysli-dity-slidchi-zadokumentuvaly-naslidky-voiennykh-zlochyniv,"Derhachi, Derhachi Raion, Kharkiv Oblast, Ukraine","50.107559, 36.120831",County/City/town/Village/Woreda (ADM3),Origin,Unknown,2024-04-29T09:47:17.276760Z,"Ukraine: 3 displacements (destroyed housing), 27 April - 27 April. According to the National Police of Ukraine, residential buildings were destroyed and damaged in Derhachi (Kharkiv Oblast) on April 27 due to military operations.",https://www.npu.gov.ua/news/protiahom-doby-rosiiany-obstriliuvaly-kharkiv-ta-oblast-z-riznykh-vydiv-ozbroiennia-ie-zahybli-i-poraneni-u-tomu-chysli-dity-slidchi-zadokumentuvaly-naslidky-voiennykh-zlochyniv,Conflict
146776.0,Ukraine,UKR,47.96067,37.834438,"[47.96067, 37.834438]",Recommended figure,Conflict,total,106,2024-04-26 00:00:00,2024-04-26 00:00:00,2024-04-26 00:00:00,2024,22790.0,Ukraine: International armed conflict (IAC) - Donetsk - 2024,2024-01-01 00:00:00,2024-12-31 00:00:00,Unknown,Unknown,Unknown,Unknown,National Police of Ukraine,https://www.npu.gov.ua/news/rosiiany-za-dobu-vbyly-piatokh-meshkantsiv-donechchyny-shche-visim-zaznaly-poranen,"Donetsk Oblast, Ukraine","47.96067, 37.834438",State/Region/Province (ADM1),Origin,Displacement without preventive evacuations reported,2024-04-29T09:35:28.374943Z,"Ukraine: 106 displacements (evacuated), 26 April - 26 April. According to the National Police of Ukraine, 106 people have been evacuated in Donetsk Oblast on 26 April due to military operations.",https://www.npu.gov.ua/news/rosiiany-za-dobu-vbyly-piatokh-meshkantsiv-donechchyny-shche-visim-zaznaly-poranen,Conflict
146785.0,Ukraine,UKR,52.016689,33.278831,"[52.016689, 33.278831]",Recommended figure,Conflict,total,3,2024-04-25 00:00:00,2024-04-25 00:00:00,2024-04-25 00:00:00,2024,20827.0,Ukraine: International armed conflict (IAC)  - Countrywide - 2024,2024-01-01 00:00:00,2024-12-31 00:00:00,Unknown,Unknown,Unknown,Unknown,National Police of Ukraine,https://www.npu.gov.ua/news/na-prykordonni-chernihivshchyny-rosiiskym-obstrilom-znyshcheno-pryvatnyi-budynok-politsiia-dokumentuie-voiennyi-zlochyn,"Новгород-Сіверський, Novhorod-Siverskyi City Council, Chernihiv Oblast, Ukraine","52.016689, 33.278831",County/City/town/Village/Woreda (ADM3),Origin,Unknown,2024-04-29T09:56:49.112926Z,"Ukraine: 3 displacements (destroyed housing), 25 April - 25 April. According to the National Police of Ukraine, 1 house was destroyed in one of the border villages in the Novhorod-Sivers'kyi district (Chernihiv Oblast) on April 25 due to military operations.",https://www.npu.gov.ua/news/na-prykordonni-chernihivshchyny-rosiiskym-obstrilom-znyshcheno-pryvatnyi-budynok-politsiia-dokumentuie-voiennyi-zlochyn,Conflict
146598.0,Ukraine,UKR,47.96067,37.834438,"[47.96067, 37.834438]",Recommended figure,Conflict,total,146,2024-04-25 00:00:00,2024-04-25 00:00:00,2024-04-25 00:00:00,2024,22790.0,Ukraine: International armed conflict (IAC) - Donetsk - 2024,2024-01-01 00:00:00,2024-12-31 00:00:00,Unknown,Unknown,Unknown,Unknown,National Police of Ukraine,https://www.npu.gov.ua/news/okupanty-za-dobu-poranyly-chotyrokh-meshkantsiv-donechchyny-politsiia-fiksuie-naslidky-obstriliv,"Donetsk Oblast, Ukraine","47.96067, 37.834438",State/Region/Province (ADM1),Origin,Displacement without preventive evacuations reported,2024-04-25T09:45:55.028307Z,"Ukraine: 146 displacements (evacuated), 25 April - 25 April. According to the National Police of Ukraine, 146 people have been evacuated in Donetsk Oblast on 25 April due to military operations.",https://www.npu.gov.ua/news/okupanty-za-dobu-poranyly-chotyrokh-meshkantsiv-donechchyny-politsiia-fiksuie-naslidky-obstriliv,Conflict
146788.0,Ukraine,UKR,46.969471,33.303101,"[46.969471, 33.303101]",Recommended figure,Conflict,total,1,2024-04-25 00:00:00,2024-04-24 00:00:00,2024-04-25 00:00:00,2024,20827.0,Ukraine: International armed conflict (IAC)  - Countrywide - 2024,2024-01-01 00:00:00,2024-12-31 00:00:00,Unknown,Unknown,Unknown,Unknown,State Emergency Service of Ukraine (SESU),https://t.me/dsns_telegram/27477,"Beryslav Raion, Kherson Oblast, Ukraine","46.969471, 33.303101",District/Zone/Department (ADM2),Origin,Unknown,2024-04-29T10:07:13.553180Z,"Ukraine: 1 displacement (multiple/other), 24 April - 25 April. According to the State Emergency Service of Ukraine (SESU), 1 person was evacuated in Beryslav Raion (Kherson Oblast) in the night of April 24 to 25 due to military operations.",https://t.me/dsns_telegram/27477,Conflict
146597.0,Ukraine,UKR,47.96067,37.834438,"[47.96067, 37.834438]",Recommended figure,Conflict,total,138,2024-04-24 00:00:00,2024-04-24 00:00:00,2024-04-24 00:00:00,2024,22790.0,Ukraine: International armed conflict (IAC) - Donetsk - 2024,2024-01-01 00:00:00,2024-12-31 00:00:00,Unknown,Unknown,Unknown,Unknown,National Police of Ukraine,https://www.npu.gov.ua/news/na-donechchyni-vnaslidok-rosiiskykh-atak-semero-liudei-zaznaly-poranen,"Donetsk Oblast, Ukraine","47.96067, 37.834438",State/Region/Province (ADM1),Origin,Displacement without preventive evacuations reported,2024-04-25T09:44:42.118161Z,"Ukraine: 138 displacements (evacuated), 24 April - 24 April. According to the National Police of Ukraine, 138 people have been evacuated in Donetsk Oblast on 24 April due to military operations.",https://www.npu.gov.ua/news/na-donechchyni-vnaslidok-rosiiskykh-atak-semero-liudei-zaznaly-poranen,Conflict
146596.0,Ukraine,UKR,47.665539,36.265678,"[47.665539, 36.265678]",Recommended figure,Conflict,total,1,2024-04-24 00:00:00,2024-04-24 00:00:00,2024-04-24 00:00:00,2024,20827.0,Ukraine: International armed conflict (IAC)  - Countrywide - 2024,2024-01-01 00:00:00,2024-12-31 00:00:00,Unknown,Unknown,Unknown,Unknown,National Police of Ukraine,https://www.npu.gov.ua/news/zaporizki-politseiski-evakuiuvaly-z-huliaipolia-malomobilnu-pensionerku,"Huliaipole, Huliaipole Raion, Zaporizhia Oblast, Ukraine","47.665539, 36.265678",County/City/town/Village/Woreda (ADM3),Origin,Displacement without preventive evacuations reported,2024-04-25T09:41:35.013210Z,"Ukraine: 1 displacement (evacuated), 24 April - 24 April. According to the National Police of Ukraine, 1 person was evacuated in Huliaipole on April 24 due to military operations.",https://www.npu.gov.ua/news/zaporizki-politseiski-evakuiuvaly-z-huliaipolia-malomobilnu-pensionerku,Conflict
146595.0,Ukraine,UKR,46.485889,30.683649,"[46.485889, 30.683649]",Recommended figure,Conflict,total,34,2024-04-23 00:00:00,2024-04-23 00:00:00,2024-04-23 00:00:00,2024,20827.0,Ukraine: International armed conflict (IAC)  - Countrywide - 2024,2024-01-01 00:00:00,2024-12-31 00:00:00,Unknown,Unknown,Unknown,Unknown,State Emergency Service of Ukraine (SESU),https://t.me/dsns_telegram/27385,"Odesa, Odesa Oblast, Ukraine","46.485889, 30.683649",County/City/town/Village/Woreda (ADM3),Origin,Displacement without preventive evacuations reported,2024-04-25T09:33:22.777076Z,"Ukraine: 34 displacements (evacuated), 23 April - 23 April. According to the State Emergency Service of Ukraine (SESU), 34 people were evacuated in Odesa on April 23 due to military operations.",https://t.me/dsns_telegram/27385,Conflict
146421.0,Ukraine,UKR,47.96067,37.834438,"[47.96067, 37.834438]",Recommended figure,Conflict,total,130,2024-04-23 00:00:00,2024-04-23 00:00:00,2024-04-23 00:00:00,2024,22790.0,Ukraine: International armed conflict (IAC) - Donetsk - 2024,2024-01-01 00:00:00,2024-12-31 00:00:00,Unknown,Unknown,Unknown,Unknown,National Police of Ukraine,https://www.npu.gov.ua/news/za-dobu-rosiia-vbyla-dvokh-myrnykh-zhyteliv-donechchyny-ta-odnoho-poranyla-politsiia-dokumentuie-voienni-zlochyny,"Donetsk Oblast, Ukraine","47.96067, 37.834438",State/Region/Province (ADM1),Origin,Displacement without preventive evacuations reported,2024-04-23T09:10:54.299005Z,"Ukraine: 130 displacements (evacuated), 23 April - 23 April. According to the National Police of Ukraine, 130 people have been evacuated in Donetsk Oblast on 23 April due to military operations.",https://www.npu.gov.ua/news/za-dobu-rosiia-vbyla-dvokh-myrnykh-zhyteliv-donechchyny-ta-odnoho-poranyla-politsiia-dokumentuie-voienni-zlochyny,Conflict
146420.0,Ukraine,UKR,47.96067,37.834438,"[47.96067, 37.834438]",Recommended figure,Conflict,total,112,2024-04-22 00:00:00,2024-04-22 00:00:00,2024-04-22 00:00:00,2024,22790.0,Ukraine: International armed conflict (IAC) - Donetsk - 2024,2024-01-01 00:00:00,2024-12-31 00:00:00,Unknown,Unknown,Unknown,Unknown,National Police of Ukraine,https://www.npu.gov.ua/news/zahynula-liudyna-shestero-zaznaly-poranen-naslidky-rosiiskykh-bombarduvan-donechchyny,"Donetsk Oblast, Ukraine","47.96067, 37.834438",State/Region/Province (ADM1),Origin,Displacement without preventive evacuations reported,2024-04-23T09:09:24.818728Z,"Ukraine: 112 displacements (evacuated), 22 April - 22 April. According to the National Police of Ukraine, 112 people have been evacuated in Donetsk Oblast on 22 April due to military operations.",https://www.npu.gov.ua/news/zahynula-liudyna-shestero-zaznaly-poranen-naslidky-rosiiskykh-bombarduvan-donechchyny,Conflict
146468.0,Ukraine,UKR,50.286591,36.95269,"[50.286591, 36.95269]",Recommended figure,Conflict,total,2,2024-04-21 00:00:00,2024-04-21 00:00:00,2024-04-21 00:00:00,2024,20827.0,Ukraine: International armed conflict (IAC)  - Countrywide - 2024,2024-01-01 00:00:00,2024-12-31 00:00:00,Unknown,Unknown,Unknown,Unknown,State Emergency Service of Ukraine (SESU),https://www.npu.gov.ua/news/pid-chas-obstrilu-vovchanska-zahynuv-cholovik-dvoie-liudei-poraneni-politsiia-dokumentuie-naslidky-zbroinoi-ahresii-rf,"Vovchansk, Vovchansk Raion, Kharkiv Oblast, Ukraine","50.286591, 36.95269",County/City/town/Village/Woreda (ADM3),Origin,Unknown,2024-04-23T10:04:30.482539Z,"Ukraine: 2 displacements, 21 April - 21 April. According to the National Police of Ukraine, 2 people were evacuated from a damaged building in Vovchansk on April 21 due to military operations.",https://www.npu.gov.ua/news/pid-chas-obstrilu-vovchanska-zahynuv-cholovik-dvoie-liudei-poraneni-politsiia-dokumentuie-naslidky-zbroinoi-ahresii-rf,Conflict
146419.0,Ukraine,UKR,47.96067,37.834438,"[47.96067, 37.834438]",Recommended figure,Conflict,total,74,2024-04-21 00:00:00,2024-04-21 00:00:00,2024-04-21 00:00:00,2024,22790.0,Ukraine: International armed conflict (IAC) - Donetsk - 2024,2024-01-01 00:00:00,2024-12-31 00:00:00,Unknown,Unknown,Unknown,Unknown,National Police of Ukraine,https://www.npu.gov.ua/news/rosiiski-viiska-obstrilialy-10-naselenykh-punktiv-donechchyny-poranyly-dvokh-myrnykh-zhyteliv,"Donetsk Oblast, Ukraine","47.96067, 37.834438",State/Region/Province (ADM1),Origin,Displacement without preventive evacuations reported,2024-04-23T09:08:14.170877Z,"Ukraine: 74 displacements (evacuated), 21 April - 21 April. According to the National Police of Ukraine, 74 people have been evacuated in Donetsk Oblast on 21 April due to military operations.",https://www.npu.gov.ua/news/rosiiski-viiska-obstrilialy-10-naselenykh-punktiv-donechchyny-poranyly-dvokh-myrnykh-zhyteliv,Conflict
146458.0,Ukraine,UKR,46.857632,33.488152,"[46.857632, 33.488152]",Recommended figure,Conflict,total,3,2024-04-21 00:00:00,2024-04-20 00:00:00,2024-04-21 00:00:00,2024,20827.0,Ukraine: International armed conflict (IAC)  - Countrywide - 2024,2024-01-01 00:00:00,2024-12-31 00:00:00,Unknown,Unknown,Unknown,Unknown,National Police of Ukraine,https://www.npu.gov.ua/news/vnaslidok-rosiiskykh-obstriliv-pravoberezhzhia-khersonshchyny-postrazhdaly-dvoie-politseiskykh-ta-litnia-zhinka,"Novoberyslav, Beryslav Raion, Kherson Oblast, Ukraine","46.857632, 33.488152",County/City/town/Village/Woreda (ADM3),Origin,Unknown,2024-04-23T09:56:50.286389Z,"Ukraine: 3 displacements (destroyed housing), 20 April - 21 April. According to the National Police of Ukraine, a house was destroyed in Novoberyslav (Kherson Oblast) between April 20 and 21 due to military operations.",https://www.npu.gov.ua/news/vnaslidok-rosiiskykh-obstriliv-pravoberezhzhia-khersonshchyny-postrazhdaly-dvoie-politseiskykh-ta-litnia-zhinka,Conflict
146453.0,Ukraine,UKR,49.83604,24.013741,"[49.83604, 24.013741]",Recommended figure,Conflict,total,3,2024-04-21 00:00:00,2024-04-20 00:00:00,2024-04-21 00:00:00,2024,20827.0,Ukraine: International armed conflict (IAC)  - Countrywide - 2024,2024-01-01 00:00:00,2024-12-31 00:00:00,Unknown,Unknown,Unknown,Unknown,National Police of Ukraine,https://www.npu.gov.ua/news/vnaslidok-rosiiskykh-obstriliv-pravoberezhzhia-khersonshchyny-postrazhdaly-dvoie-politseiskykh-ta-litnia-zhinka,"Lviv, Lviv City Council, Lviv Oblast, Ukraine","49.83604, 24.013741",County/City/town/Village/Woreda (ADM3),Origin,Unknown,2024-04-23T09:51:30.737163Z,"Ukraine: 3 displacements (destroyed housing), 20 April - 21 April. According to the National Police of Ukraine, a house was destroyed in Lviv between April 20 and 21 due to military operations.",https://www.npu.gov.ua/news/vnaslidok-rosiiskykh-obstriliv-pravoberezhzhia-khersonshchyny-postrazhdaly-dvoie-politseiskykh-ta-litnia-zhinka,Conflict
146463.0,Ukraine,UKR,47.14571,35.73764,"[47.14571, 35.73764]",Recommended figure,Conflict,more than or equal to,5,2024-04-21 00:00:00,2024-04-20 00:00:00,2024-04-21 00:00:00,2024,20827.0,Ukraine: International armed conflict (IAC)  - Countrywide - 2024,2024-01-01 00:00:00,2024-12-31 00:00:00,Unknown,Unknown,Unknown,Unknown,National Police of Ukraine,https://www.npu.gov.ua/news/na-zaporizhzhi-slidchi-zadokumentuvaly-naslidky-vorozhykh-vluchan-po-obiektakh-zhytlovoi-ta-promyslovoi-infrastruktury,"Zaporizhia Oblast, Ukraine","47.14571, 35.73764",State/Region/Province (ADM1),Origin,Unknown,2024-04-23T10:00:33.709444Z,"Ukraine: 5 displacements (destroyed housing), 20 April - 21 April. According to the National Police of Ukraine, houses were destroyed in Zaporizhia Oblast between 20 and 21 April due to military operations.",https://www.npu.gov.ua/news/na-zaporizhzhi-slidchi-zadokumentuvaly-naslidky-vorozhykh-vluchan-po-obiektakh-zhytlovoi-ta-promyslovoi-infrastruktury,Conflict
146446.0,Ukraine,UKR,46.485889,30.683649,"[46.485889, 30.683649]",Recommended figure,Conflict,total,3,2024-04-20 00:00:00,2024-04-20 00:00:00,2024-04-20 00:00:00,2024,20827.0,Ukraine: International armed conflict (IAC)  - Countrywide - 2024,2024-01-01 00:00:00,2024-12-31 00:00:00,Unknown,Unknown,Unknown,Unknown,National Police of Ukraine,https://www.npu.gov.ua/news/politseiski-dokumentuiut-naslidky-vorozhoho-raketnoho-udaru-po-odesi,"Odesa, Odesa Oblast, Ukraine","46.485889, 30.683649",County/City/town/Village/Woreda (ADM3),Origin,Unknown,2024-04-23T09:47:24.528704Z,"Ukraine: 3 displacements (destroyed housing), 20 April - 20 April. According to the National Police of Ukraine, a house was destroyed on April 20 in Odesa due to military operations.",https://www.npu.gov.ua/news/politseiski-dokumentuiut-naslidky-vorozhoho-raketnoho-udaru-po-odesi,Conflict
146416.0,Ukraine,UKR,47.96067,37.834438,"[47.96067, 37.834438]",Recommended figure,Conflict,total,139,2024-04-20 00:00:00,2024-04-20 00:00:00,2024-04-20 00:00:00,2024,22790.0,Ukraine: International armed conflict (IAC) - Donetsk - 2024,2024-01-01 00:00:00,2024-12-31 00:00:00,Unknown,Unknown,Unknown,Unknown,National Police of Ukraine,https://www.npu.gov.ua/news/chetvero-poranenykh-myrnykh-zhyteliv-za-dobu-politseiski-donechchyny-zadokumentuvaly-voienni-zlochyny-rosii,"Donetsk Oblast, Ukraine","47.96067, 37.834438",State/Region/Province (ADM1),Origin,Displacement without preventive evacuations reported,2024-04-23T09:06:35.850688Z,"Ukraine: 139 displacements (evacuated), 20 April - 20 April. According to the National Police of Ukraine, 139 people have been evacuated in Donetsk Oblast on 20 April due to military operations.",https://www.npu.gov.ua/news/chetvero-poranenykh-myrnykh-zhyteliv-za-dobu-politseiski-donechchyny-zadokumentuvaly-voienni-zlochyny-rosii,Conflict
146236.0,Ukraine,UKR,47.96067,37.834438,"[47.96067, 37.834438]",Recommended figure,Conflict,total,121,2024-04-19 00:00:00,2024-04-19 00:00:00,2024-04-19 00:00:00,2024,22790.0,Ukraine: International armed conflict (IAC) - Donetsk - 2024,2024-01-01 00:00:00,2024-12-31 00:00:00,Unknown,Unknown,Unknown,Unknown,National Police of Ukraine,https://www.npu.gov.ua/news/rosiiski-viiska-vbyly-4-zhyteliv-donechchyny-politseiski-dokumentuiut-naslidky-obstriliv,"Donetsk Oblast, Ukraine","47.96067, 37.834438",State/Region/Province (ADM1),Origin,Displacement without preventive evacuations reported,2024-04-19T15:06:34.874783Z,"Ukraine: 121 displacements (evacuated), 19 April - 19 April. According to the National Police of Ukraine, 121 people have been evacuated in Donetsk Oblast on 19 April due to military operations.",https://www.npu.gov.ua/news/rosiiski-viiska-vbyly-4-zhyteliv-donechchyny-politseiski-dokumentuiut-naslidky-obstriliv,Conflict
146234.0,Ukraine,UKR,48.465961,34.9594,"[48.465961, 34.9594]",Recommended figure,Conflict,more than or equal to,2,2024-04-19 00:00:00,2024-04-19 00:00:00,2024-04-19 00:00:00,2024,20827.0,Ukraine: International armed conflict (IAC)  - Countrywide - 2024,2024-01-01 00:00:00,2024-12-31 00:00:00,Unknown,Unknown,Unknown,Unknown,State Emergency Service of Ukraine (SESU),https://www.npu.gov.ua/news/vnaslidok-kombinovanoho-masovanoho-udaru-po-dnipropetrovskii-oblasti-zahynuly-ta-otrymaly-poranennia-liudy-politsiia-nadaie-dopomohu-postrazhdalym-ta-dokumentuie-rosiiski-zlochyny,"Dnipro, Dnipro Municipality, Dnipropetrovsk Oblast, Ukraine","48.465961, 34.9594",County/City/town/Village/Woreda (ADM3),Origin,Displacement without preventive evacuations reported,2024-04-19T14:57:35.525900Z,"Ukraine: 2 displacements (evacuated), 19 April - 19 April. According to the National Police of Ukraine, people were evacuated in Dnipro (Dnipropetrovsk Oblast) on April 19 due to military operations.",https://www.npu.gov.ua/news/vnaslidok-kombinovanoho-masovanoho-udaru-po-dnipropetrovskii-oblasti-zahynuly-ta-otrymaly-poranennia-liudy-politsiia-nadaie-dopomohu-postrazhdalym-ta-dokumentuie-rosiiski-zlochyny,Conflict
146237.0,Ukraine,UKR,47.96067,37.834438,"[47.96067, 37.834438]",Recommended figure,Conflict,total,127,2024-04-18 00:00:00,2024-04-18 00:00:00,2024-04-18 00:00:00,2024,22790.0,Ukraine: International armed conflict (IAC) - Donetsk - 2024,2024-01-01 00:00:00,2024-12-31 00:00:00,Unknown,Unknown,Unknown,Unknown,National Police of Ukraine,https://www.npu.gov.ua/news/rosiiski-viiska-vbyly-4-zhyteliv-donechchyny-politseiski-dokumentuiut-naslidky-obstriliv,"Donetsk Oblast, Ukraine","47.96067, 37.834438",State/Region/Province (ADM1),Origin,Displacement without preventive evacuations reported,2024-04-19T15:06:34.930846Z,"Ukraine: 127 displacements (evacuated), 18 April - 18 April. According to the National Police of Ukraine, 127 people have been evacuated in Donetsk Oblast on 18 April due to military operations.",https://www.npu.gov.ua/news/rosiiski-viiska-vbyly-4-zhyteliv-donechchyny-politseiski-dokumentuiut-naslidky-obstriliv,Conflict
146019.0,Ukraine,UKR,47.96067,37.834438,"[47.96067, 37.834438]",Recommended figure,Conflict,total,118,2024-04-17 00:00:00,2024-04-17 00:00:00,2024-04-17 00:00:00,2024,22790.0,Ukraine: International armed conflict (IAC) - Donetsk - 2024,2024-01-01 00:00:00,2024-12-31 00:00:00,Unknown,Unknown,Unknown,Unknown,National Police of Ukraine,https://www.npu.gov.ua/news/viiska-rf-obstrilialy-sim-naselenykh-punktiv-donechchyny-vbyly-myrnoho-zhytelia-politsiia-dokumentuie-voienni-zlochyny,"Donetsk Oblast, Ukraine","47.96067, 37.834438",State/Region/Province (ADM1),Origin,Displacement without preventive evacuations reported,2024-04-17T14:34:54.354228Z,"Ukraine: 118 displacements (evacuated), 17 April - 17 April. According to the National Police of Ukraine, 118 people have been evacuated in Donetsk Oblast on 17 April due to military operations.",https://www.npu.gov.ua/news/viiska-rf-obstrilialy-sim-naselenykh-punktiv-donechchyny-vbyly-myrnoho-zhytelia-politsiia-dokumentuie-voienni-zlochyny,Conflict
146017.0,Ukraine,UKR,47.96067,37.834438,"[47.96067, 37.834438]",Recommended figure,Conflict,total,115,2024-04-16 00:00:00,2024-04-16 00:00:00,2024-04-16 00:00:00,2024,22790.0,Ukraine: International armed conflict (IAC) - Donetsk - 2024,2024-01-01 00:00:00,2024-12-31 00:00:00,Unknown,Unknown,Unknown,Unknown,National Police of Ukraine,https://www.npu.gov.ua/news/rosiiska-armiia-atakuie-donechchynu-z-aviatsii-ta-artylerii-ie-zahybli-ta-poraneni,"Donetsk Oblast, Ukraine","47.96067, 37.834438",State/Region/Province (ADM1),Origin,Displacement without preventive evacuations reported,2024-04-17T14:33:26.882918Z,"Ukraine: 115 displacements (evacuated), 16 April - 16 April. According to the National Police of Ukraine, 115 people have been evacuated in Donetsk Oblast on 16 April due to military operations.",https://www.npu.gov.ua/news/rosiiska-armiia-atakuie-donechchynu-z-aviatsii-ta-artylerii-ie-zahybli-ta-poraneni,Conflict
145995.0,Ukraine,UKR,48.1007285,30.152795,"[48.1007285, 30.152794999999998]",Recommended figure,Conflict,total,25,2024-04-16 00:00:00,2024-04-16 00:00:00,2024-04-16 00:00:00,2024,20827.0,Ukraine: International armed conflict (IAC)  - Countrywide - 2024,2024-01-01 00:00:00,2024-12-31 00:00:00,Unknown,Unknown,Unknown,Unknown,State Emergency Service of Ukraine (SESU),https://t.me/dsns_telegram/27141,"Kherson Oblast, Ukraine; Khmelnytskyi Oblast, Ukraine","46.678699, 33.35677; 49.522758, 26.94882",State/Region/Province (ADM1); State/Region/Province (ADM1),Origin; Destination,Displacement without preventive evacuations reported,2024-04-17T13:55:00.033806Z,"Ukraine: 25 displacements (evacuated), 16 April - 16 April. According to the State Emergency Service of Ukraine (SESU), 25 people arrived in Khmelnytskyi Oblast from Kherson Oblast on April 16 due to military operations.",https://t.me/dsns_telegram/27141,Conflict
145987.0,Ukraine,UKR,47.444809,36.224838,"[47.444809, 36.224838]",Triangulation,Conflict,total,15,2024-04-16 00:00:00,2024-04-16 00:00:00,2024-04-16 00:00:00,2024,20827.0,Ukraine: International armed conflict (IAC)  - Countrywide - 2024,2024-01-01 00:00:00,2024-12-31 00:00:00,Unknown,Unknown,Unknown,Unknown,National Police of Ukraine,https://www.npu.gov.ua/news/za-dobu-voroh-zavdav-214-udariv-po-vosmy-naselenykh-punktakh-zaporizkoi-oblasti-naslidky-vluchan-zadokumentuvala-politsiia,"Polohy Raion, Zaporizhia Oblast, Ukraine","47.444809, 36.224838",District/Zone/Department (ADM2),Origin,Unknown,2024-04-17T13:48:19.468354Z,"Ukraine: 15 displacements (destroyed housing), 16 April - 16 April. According to the National Police of Ukraine, 6 houses were destroyed in Polohy Raion on April 16 due to military operations.",https://www.npu.gov.ua/news/za-dobu-voroh-zavdav-214-udariv-po-vosmy-naselenykh-punktakh-zaporizkoi-oblasti-naslidky-vluchan-zadokumentuvala-politsiia,Conflict
146016.0,Ukraine,UKR,47.96067,37.834438,"[47.96067, 37.834438]",Recommended figure,Conflict,total,59,2024-04-15 00:00:00,2024-04-15 00:00:00,2024-04-15 00:00:00,2024,22790.0,Ukraine: International armed conflict (IAC) - Donetsk - 2024,2024-01-01 00:00:00,2024-12-31 00:00:00,Unknown,Unknown,Unknown,Unknown,National Police of Ukraine,https://www.npu.gov.ua/news/zahynula-liudyna-shche-dvoie-meshkantsiv-donechchyny-zaznaly-poranen-politsiia-dokumentuie-voienni-zlochyny-rf,"Donetsk Oblast, Ukraine","47.96067, 37.834438",State/Region/Province (ADM1),Origin,Displacement without preventive evacuations reported,2024-04-17T14:32:02.833558Z,"Ukraine: 59 displacements (evacuated), 15 April - 15 April. According to the National Police of Ukraine, 59 people have been evacuated in Donetsk Oblast on 15 April due to military operations.",https://www.npu.gov.ua/news/zahynula-liudyna-shche-dvoie-meshkantsiv-donechchyny-zaznaly-poranen-politsiia-dokumentuie-voienni-zlochyny-rf,Conflict
146012.0,Ukraine,UKR,47.96067,37.834438,"[47.96067, 37.834438]",Recommended figure,Conflict,total,87,2024-04-14 00:00:00,2024-04-14 00:00:00,2024-04-14 00:00:00,2024,22790.0,Ukraine: International armed conflict (IAC) - Donetsk - 2024,2024-01-01 00:00:00,2024-12-31 00:00:00,Unknown,Unknown,Unknown,Unknown,National Police of Ukraine,https://www.npu.gov.ua/news/rosiiski-viiska-vbyly-trokh-meshkantsiv-donechchyny-ta-piatokh-poranyly-naslidky-zbroinoi-ahresii-za-dobu,"Donetsk Oblast, Ukraine","47.96067, 37.834438",State/Region/Province (ADM1),Origin,Displacement without preventive evacuations reported,2024-04-17T14:30:40.427788Z,"Ukraine: 87 displacements (evacuated), 14 April - 14 April. According to the National Police of Ukraine, 87 people have been evacuated in Donetsk Oblast on 14 April due to military operations.",https://www.npu.gov.ua/news/rosiiski-viiska-vbyly-trokh-meshkantsiv-donechchyny-ta-piatokh-poranyly-naslidky-zbroinoi-ahresii-za-dobu,Conflict
145981.0,Ukraine,UKR,51.237358,33.808262,"[51.237358, 33.808262]",Recommended figure,Conflict,more than or equal to,20,2024-04-13 00:00:00,2024-04-13 00:00:00,2024-04-13 00:00:00,2024,20827.0,Ukraine: International armed conflict (IAC)  - Countrywide - 2024,2024-01-01 00:00:00,2024-12-31 00:00:00,Unknown,Unknown,Unknown,Unknown,National Police of Ukraine,https://www.npu.gov.ua/news/na-sumshchyni-politseiski-zadokumentuvaly-naslidky-vorozhykh-atak-try-osoby-otrymaly-poranennia,"Sumy Oblast, Ukraine","51.237358, 33.808262",State/Region/Province (ADM1),Origin,Unknown,2024-04-17T13:36:34.661986Z,"Ukraine: 20 displacements (destroyed housing), 13 April - 13 April. According to the National Police of Ukraine, 8 houses were destroyed in Sumy Oblast on April 13 due to military operations.",https://www.npu.gov.ua/news/na-sumshchyni-politseiski-zadokumentuvaly-naslidky-vorozhykh-atak-try-osoby-otrymaly-poranennia,Conflict
146011.0,Ukraine,UKR,47.96067,37.834438,"[47.96067, 37.834438]",Recommended figure,Conflict,total,154,2024-04-13 00:00:00,2024-04-13 00:00:00,2024-04-13 00:00:00,2024,22790.0,Ukraine: International armed conflict (IAC) - Donetsk - 2024,2024-01-01 00:00:00,2024-12-31 00:00:00,Unknown,Unknown,Unknown,Unknown,National Police of Ukraine,https://www.npu.gov.ua/news/dvi-liudyny-zahynuly-visim-zaznaly-poranen-politsiia-donechchyny-dokumentuie-naslidky-rosiiskykh-atak,"Donetsk Oblast, Ukraine","47.96067, 37.834438",State/Region/Province (ADM1),Origin,Displacement without preventive evacuations reported,2024-04-17T14:29:28.074832Z,"Ukraine: 154 displacements (evacuated), 13 April - 13 April. According to the National Police of Ukraine, 154 people have been evacuated in Donetsk Oblast on 13 April due to military operations.",https://www.npu.gov.ua/news/dvi-liudyny-zahynuly-visim-zaznaly-poranen-politsiia-donechchyny-dokumentuie-naslidky-rosiiskykh-atak,Conflict
145997.0,Ukraine,UKR,47.96067,37.834438,"[47.96067, 37.834438]",Recommended figure,Conflict,total,151,2024-04-12 00:00:00,2024-04-12 00:00:00,2024-04-12 00:00:00,2024,22790.0,Ukraine: International armed conflict (IAC) - Donetsk - 2024,2024-01-01 00:00:00,2024-12-31 00:00:00,Unknown,Unknown,Unknown,Unknown,State Emergency Service of Ukraine (SESU),https://www.npu.gov.ua/news/okupanty-atakuvaly-12-naselenykh-punktiv-donechchyny-ie-poranenyi,"Donetsk Oblast, Ukraine","47.96067, 37.834438",State/Region/Province (ADM1),Origin,Displacement without preventive evacuations reported,2024-04-17T13:59:56.811952Z,"Ukraine: 151 displacements (evacuated), 12 April - 12 April. According to the National Police of Ukraine, 151 people have been evacuated in Donetsk Oblast on 12 April due to military operations.",https://www.npu.gov.ua/news/okupanty-atakuvaly-12-naselenykh-punktiv-donechchyny-ie-poranenyi,Conflict
145982.0,Ukraine,UKR,50.286591,36.95269,"[50.286591, 36.95269]",Recommended figure,Conflict,total,3,2024-04-12 00:00:00,2024-04-12 00:00:00,2024-04-12 00:00:00,2024,20827.0,Ukraine: International armed conflict (IAC)  - Countrywide - 2024,2024-01-01 00:00:00,2024-12-31 00:00:00,Unknown,Unknown,Unknown,Unknown,National Police of Ukraine,https://www.npu.gov.ua/news/okupanty-vbyly-cholovika-poranyly-11-tsyvilnykh-hromadian-slidchi-zadokumentuvaly-naslidky-vorozhykh-obstriliv-na-kharkivshchyni,"Vovchansk, Vovchansk Raion, Kharkiv Oblast, Ukraine","50.286591, 36.95269",County/City/town/Village/Woreda (ADM3),Origin,Unknown,2024-04-17T13:38:09.946963Z,"Ukraine: 3 displacements (destroyed housing), 12 April - 12 April. According to the National Police of Ukraine, 1 house was destroyed in Vovchansk on April 12 due to military operations.",https://www.npu.gov.ua/news/okupanty-vbyly-cholovika-poranyly-11-tsyvilnykh-hromadian-slidchi-zadokumentuvaly-naslidky-vorozhykh-obstriliv-na-kharkivshchyni,Conflict
145996.0,Ukraine,UKR,47.96067,37.834438,"[47.96067, 37.834438]",Recommended figure,Conflict,total,244,2024-04-11 00:00:00,2024-04-11 00:00:00,2024-04-11 00:00:00,2024,22790.0,Ukraine: International armed conflict (IAC) - Donetsk - 2024,2024-01-01 00:00:00,2024-12-31 00:00:00,Unknown,Unknown,Unknown,Unknown,National Police of Ukraine,https://www.npu.gov.ua/news/protiahom-doby-donechchyna-zaznala-1637-rosiiskykh-obstriliv-poraneno-dvokh-liudei,"Donetsk Oblast, Ukraine","47.96067, 37.834438",State/Region/Province (ADM1),Origin,Displacement without preventive evacuations reported,2024-04-17T13:58:23.672016Z,"Ukraine: 244 displacements (evacuated), 11 April - 11 April. According to the National Police of Ukraine, 244 people have been evacuated in Donetsk Oblast on 11 April due to military operations.",https://www.npu.gov.ua/news/protiahom-doby-donechchyna-zaznala-1637-rosiiskykh-obstriliv-poraneno-dvokh-liudei,Conflict
145978.0,Ukraine,UKR,49.520641,37.719601,"[49.520641, 37.719601]",Recommended figure,Conflict,total,5,2024-04-10 00:00:00,2024-04-10 00:00:00,2024-04-10 00:00:00,2024,20827.0,Ukraine: International armed conflict (IAC)  - Countrywide - 2024,2024-01-01 00:00:00,2024-12-31 00:00:00,Unknown,Unknown,Unknown,Unknown,State Emergency Service of Ukraine (SESU),https://www.npu.gov.ua/news/na-kharkivshchyni-slidchi-zadokumentuvaly-naslidky-voiennykh-zlochyniv,"Kruhliakivka, Kupiansk Raion, Kharkiv Oblast, Ukraine","49.520641, 37.719601",County/City/town/Village/Woreda (ADM3),Origin,Unknown,2024-04-17T13:26:37.508578Z,"Ukraine: 5 displacements (destroyed housing), 10 April - 10 April. According to the National Police of Ukraine, 2 houses were destroyed in Kruhliakivka (Kharkiv) on April 10 due to military operations.",https://www.npu.gov.ua/news/na-kharkivshchyni-slidchi-zadokumentuvaly-naslidky-voiennykh-zlochyniv,Conflict
145349.0,Ukraine,UKR,47.96067,37.834438,"[47.96067, 37.834438]",Recommended figure,Conflict,total,259,2024-04-10 00:00:00,2024-04-10 00:00:00,2024-04-10 00:00:00,2024,22790.0,Ukraine: International armed conflict (IAC) - Donetsk - 2024,2024-01-01 00:00:00,2024-12-31 00:00:00,Unknown,Unknown,Unknown,Unknown,National Police of Ukraine,https://www.npu.gov.ua/news/zahynula-liudyna-shche-deviat-myrnykh-zhyteliv-donechchyny-poraneni-naslidky-rosiiskoi-ahresii-za-dobu,"Donetsk Oblast, Ukraine","47.96067, 37.834438",State/Region/Province (ADM1),Origin,Displacement without preventive evacuations reported,2024-04-10T14:18:02.292197Z,"Ukraine: 259 displacements (evacuated), 10 April - 10 April. According to the National Police of Ukraine, 259 people have been evacuated in Donetsk Oblast on 10 April due to military operations.",https://www.npu.gov.ua/news/zahynula-liudyna-shche-deviat-myrnykh-zhyteliv-donechchyny-poraneni-naslidky-rosiiskoi-ahresii-za-dobu,Conflict
145977.0,Ukraine,UKR,50.056122,36.17062,"[50.056122, 36.17062]",Recommended figure,Conflict,total,3,2024-04-10 00:00:00,2024-04-10 00:00:00,2024-04-10 00:00:00,2024,20827.0,Ukraine: International armed conflict (IAC)  - Countrywide - 2024,2024-01-01 00:00:00,2024-12-31 00:00:00,Unknown,Unknown,Unknown,Unknown,State Emergency Service of Ukraine (SESU),https://www.npu.gov.ua/news/na-kharkivshchyni-slidchi-zadokumentuvaly-naslidky-voiennykh-zlochyniv,"Mala Danylіvka, Derhachi Raion, Kharkiv Oblast, Ukraine","50.056122, 36.17062",County/City/town/Village/Woreda (ADM3),Origin,Unknown,2024-04-17T13:25:51.861790Z,"Ukraine: 3 displacements (destroyed housing), 10 April - 10 April. According to the National Police of Ukraine, a house was destroyed in Mala Danylivka (Kharkiv) on April 10 due to military operations.",https://www.npu.gov.ua/news/na-kharkivshchyni-slidchi-zadokumentuvaly-naslidky-voiennykh-zlochyniv,Conflict
145348.0,Ukraine,UKR,46.83577,33.41674,"[46.83577, 33.41674]",Recommended figure,Conflict,total,3,2024-04-10 00:00:00,2024-04-10 00:00:00,2024-04-10 00:00:00,2024,20827.0,Ukraine: International armed conflict (IAC)  - Countrywide - 2024,2024-01-01 00:00:00,2024-12-31 00:00:00,Unknown,Unknown,Unknown,Unknown,National Police of Ukraine,https://www.npu.gov.ua/news/politsiia-zadokumentuvala-17-voiennykh-zlochyniv-rosiiskykh-okupantiv-proty-myrnoho-naselennia-khersonshchyny,"Beryslav, Beryslav Raion, Kherson Oblast, Ukraine","46.83577, 33.41674",County/City/town/Village/Woreda (ADM3),Origin,Unknown,2024-04-10T14:14:49.962970Z,"Ukraine: 3 displacements (destroyed housing), 10 April - 10 April. According to the National Police of Ukraine, 1 house was destroyed in Beryslav (Kherson Oblast) on April 10 due to military operations.",https://www.npu.gov.ua/news/politsiia-zadokumentuvala-17-voiennykh-zlochyniv-rosiiskykh-okupantiv-proty-myrnoho-naselennia-khersonshchyny,Conflict
145346.0,Ukraine,UKR,50.286591,36.95269,"[50.286591, 36.95269]",Recommended figure,Conflict,total,3,2024-04-09 00:00:00,2024-04-09 00:00:00,2024-04-09 00:00:00,2024,20827.0,Ukraine: International armed conflict (IAC)  - Countrywide - 2024,2024-01-01 00:00:00,2024-12-31 00:00:00,Unknown,Unknown,Unknown,Unknown,State Emergency Service of Ukraine (SESU),https://www.npu.gov.ua/news/v-rezultati-rosiiskykh-obstriliv-postrazhdaly-piatero-liudei-slidchi-zadokumentuvaly-naslidky-voiennykh-zlochyniv,"Vovchansk, Vovchansk Raion, Kharkiv Oblast, Ukraine","50.286591, 36.95269",County/City/town/Village/Woreda (ADM3),Origin,Unknown,2024-04-10T14:09:26.993843Z,"Ukraine: 3 displacements (destroyed housing), 09 April - 09 April. According to the National Police of Ukraine, a residential building was destroyed in Vovchansk on April 9 due to military operations.",https://www.npu.gov.ua/news/v-rezultati-rosiiskykh-obstriliv-postrazhdaly-piatero-liudei-slidchi-zadokumentuvaly-naslidky-voiennykh-zlochyniv,Conflict
145226.0,Ukraine,UKR,47.96067,37.834438,"[47.96067, 37.834438]",Recommended figure,Conflict,total,520,2024-04-09 00:00:00,2024-04-09 00:00:00,2024-04-09 00:00:00,2024,22790.0,Ukraine: International armed conflict (IAC) - Donetsk - 2024,2024-01-01 00:00:00,2024-12-31 00:00:00,Unknown,Unknown,Unknown,Unknown,National Police of Ukraine,https://www.npu.gov.ua/news/rosiiski-viiskovi-vbyly-liudynu-ta-piatokh-poranyly-politsiia-donechchyny-dokumentuie-naslidky-vluchan,"Donetsk Oblast, Ukraine","47.96067, 37.834438",State/Region/Province (ADM1),Origin,Displacement without preventive evacuations reported,2024-04-09T16:39:37.381616Z,"Ukraine: 520 displacements (evacuated), 09 April - 09 April. According to the National Police of Ukraine, 520 people have been evacuated in Donetsk Oblast on 09 April due to military operations.",https://www.npu.gov.ua/news/rosiiski-viiskovi-vbyly-liudynu-ta-piatokh-poranyly-politsiia-donechchyny-dokumentuie-naslidky-vluchan,Conflict
145223.0,Ukraine,UKR,47.96067,37.834438,"[47.96067, 37.834438]",Recommended figure,Conflict,total,400,2024-04-08 00:00:00,2024-04-08 00:00:00,2024-04-08 00:00:00,2024,22790.0,Ukraine: International armed conflict (IAC) - Donetsk - 2024,2024-01-01 00:00:00,2024-12-31 00:00:00,Unknown,Unknown,Unknown,Unknown,National Police of Ukraine,https://www.npu.gov.ua/news/na-donechchyni-vnaslidok-rosiiskykh-atak-odna-liudyna-zahynula-ta-odna-otrymala-poranennia,"Donetsk Oblast, Ukraine","47.96067, 37.834438",State/Region/Province (ADM1),Origin,Displacement without preventive evacuations reported,2024-04-09T16:37:35.874446Z,"Ukraine: 400 displacements (evacuated), 08 April - 08 April. According to the National Police of Ukraine, 400 people have been evacuated in Donetsk Oblast on 08 April due to military operations.",https://www.npu.gov.ua/news/na-donechchyni-vnaslidok-rosiiskykh-atak-odna-liudyna-zahynula-ta-odna-otrymala-poranennia,Conflict
145224.0,Ukraine,UKR,47.96067,37.834438,"[47.96067, 37.834438]",Recommended figure,Conflict,total,383,2024-04-07 00:00:00,2024-04-07 00:00:00,2024-04-07 00:00:00,2024,22790.0,Ukraine: International armed conflict (IAC) - Donetsk - 2024,2024-01-01 00:00:00,2024-12-31 00:00:00,Unknown,Unknown,Unknown,Unknown,National Police of Ukraine,https://www.npu.gov.ua/news/na-donechchyni-vnaslidok-rosiiskykh-atak-odna-liudyna-zahynula-ta-odna-otrymala-poranennia,"Donetsk Oblast, Ukraine","47.96067, 37.834438",State/Region/Province (ADM1),Origin,Displacement without preventive evacuations reported,2024-04-09T16:37:35.925179Z,"Ukraine: 383 displacements (evacuated), 07 April - 07 April. According to the National Police of Ukraine, 383 people have been evacuated in Donetsk Oblast on 07 April due to military operations.",https://www.npu.gov.ua/news/na-donechchyni-vnaslidok-rosiiskykh-atak-odna-liudyna-zahynula-ta-odna-otrymala-poranennia,Conflict
145219.0,Ukraine,UKR,47.96067,37.834438,"[47.96067, 37.834438]",Recommended figure,Conflict,total,437,2024-04-06 00:00:00,2024-04-06 00:00:00,2024-04-06 00:00:00,2024,22790.0,Ukraine: International armed conflict (IAC) - Donetsk - 2024,2024-01-01 00:00:00,2024-12-31 00:00:00,Unknown,Unknown,Unknown,Unknown,National Police of Ukraine,https://www.npu.gov.ua/news/voroh-atakuvav-13-naselenykh-punktiv-donechchyny-poraneno-sim-myrnykh-zhyteliv,"Donetsk Oblast, Ukraine","47.96067, 37.834438",State/Region/Province (ADM1),Origin,Displacement without preventive evacuations reported,2024-04-09T16:33:54.372507Z,"Ukraine: 437 displacements (evacuated), 06 April - 06 April. According to the National Police of Ukraine, 437 people have been evacuated in Donetsk Oblast on 06 April due to military operations.",https://www.npu.gov.ua/news/voroh-atakuvav-13-naselenykh-punktiv-donechchyny-poraneno-sim-myrnykh-zhyteliv,Conflict
145209.0,Ukraine,UKR,50.08519,35.20105,"[50.08519, 35.20105]",Recommended figure,Conflict,total,5,2024-04-05 00:00:00,2024-04-05 00:00:00,2024-04-05 00:00:00,2024,20827.0,Ukraine: International armed conflict (IAC)  - Countrywide - 2024,2024-01-01 00:00:00,2024-12-31 00:00:00,Unknown,Unknown,Unknown,Unknown,National Police of Ukraine,https://www.npu.gov.ua/news/rosiiski-okupanty-prodovzhuiut-obstrily-kharkivshchyny-odyn-cholovik-zahynuv-shche-dvoie-poraneni-slidchi-zadokumentuvaly-naslidky-voiennykh-zlochyniv,"Cherneschyna, Krasnokutsk Raion, Kharkiv Oblast, Ukraine","50.08519, 35.20105",County/City/town/Village/Woreda (ADM3),Origin,Unknown,2024-04-09T15:57:47.060786Z,"Ukraine: 5 displacements (destroyed housing), 05 April - 05 April. According to the National Police of Ukraine, 2 houses were destroyed in Cherneschyna (Kharkiv Oblast) on April 5 due to military operations.",https://www.npu.gov.ua/news/rosiiski-okupanty-prodovzhuiut-obstrily-kharkivshchyny-odyn-cholovik-zahynuv-shche-dvoie-poraneni-slidchi-zadokumentuvaly-naslidky-voiennykh-zlochyniv,Conflict
145210.0,Ukraine,UKR,49.495609,36.663502,"[49.495609, 36.663502]",Recommended figure,Conflict,total,3,2024-04-05 00:00:00,2024-04-05 00:00:00,2024-04-05 00:00:00,2024,20827.0,Ukraine: International armed conflict (IAC)  - Countrywide - 2024,2024-01-01 00:00:00,2024-12-31 00:00:00,Unknown,Unknown,Unknown,Unknown,National Police of Ukraine,https://www.npu.gov.ua/news/rosiiski-okupanty-prodovzhuiut-obstrily-kharkivshchyny-odyn-cholovik-zahynuv-shche-dvoie-poraneni-slidchi-zadokumentuvaly-naslidky-voiennykh-zlochyniv,"Kharkiv Oblast, Ukraine","49.495609, 36.663502",State/Region/Province (ADM1),Origin,Unknown,2024-04-09T15:57:47.242358Z,"Ukraine: 3 displacements (destroyed housing), 05 April - 05 April. According to the National Police of Ukraine, a house was destroyed in Gatishche (Kharkiv Oblast) on April 5 due to military operations.",https://www.npu.gov.ua/news/rosiiski-okupanty-prodovzhuiut-obstrily-kharkivshchyny-odyn-cholovik-zahynuv-shche-dvoie-poraneni-slidchi-zadokumentuvaly-naslidky-voiennykh-zlochyniv,Conflict
145215.0,Ukraine,UKR,47.96067,37.834438,"[47.96067, 37.834438]",Recommended figure,Conflict,total,394,2024-04-05 00:00:00,2024-04-05 00:00:00,2024-04-05 00:00:00,2024,22790.0,Ukraine: International armed conflict (IAC) - Donetsk - 2024,2024-01-01 00:00:00,2024-12-31 00:00:00,Unknown,Unknown,Unknown,Unknown,National Police of Ukraine,https://www.npu.gov.ua/news/dvi-liudyny-zahynuly-9-otrymaly-poranennia-politsiia-donechchyny-dokumentuie-naslidky-rosiiskykh-bombarduvan,"Donetsk Oblast, Ukraine","47.96067, 37.834438",State/Region/Province (ADM1),Origin,Displacement without preventive evacuations reported,2024-04-09T16:29:25.535337Z,"Ukraine: 394 displacements (evacuated), 05 April - 05 April. According to the National Police of Ukraine, 394 people have been evacuated in Donetsk Oblast on 05 April due to military operations.",https://www.npu.gov.ua/news/dvi-liudyny-zahynuly-9-otrymaly-poranennia-politsiia-donechchyny-dokumentuie-naslidky-rosiiskykh-bombarduvan,Conflict
145214.0,Ukraine,UKR,47.96067,37.834438,"[47.96067, 37.834438]",Recommended figure,Conflict,total,346,2024-04-04 00:00:00,2024-04-04 00:00:00,2024-04-04 00:00:00,2024,22790.0,Ukraine: International armed conflict (IAC) - Donetsk - 2024,2024-01-01 00:00:00,2024-12-31 00:00:00,Unknown,Unknown,Unknown,Unknown,National Police of Ukraine,https://www.npu.gov.ua/news/rosiiski-viiska-obstrilialy-6-naselenykh-punktiv-donechchyny-poperedno-bez-postrazhdalykh,"Donetsk Oblast, Ukraine","47.96067, 37.834438",State/Region/Province (ADM1),Origin,Displacement without preventive evacuations reported,2024-04-09T16:28:02.643199Z,"Ukraine: 346 displacements (evacuated), 04 April - 04 April. According to the National Police of Ukraine, 346 people have been evacuated in Donetsk Oblast on 04 April due to military operations.",https://www.npu.gov.ua/news/rosiiski-viiska-obstrilialy-6-naselenykh-punktiv-donechchyny-poperedno-bez-postrazhdalykh,Conflict
145213.0,Ukraine,UKR,47.96067,37.834438,"[47.96067, 37.834438]",Recommended figure,Conflict,total,381,2024-04-03 00:00:00,2024-04-03 00:00:00,2024-04-03 00:00:00,2024,22790.0,Ukraine: International armed conflict (IAC) - Donetsk - 2024,2024-01-01 00:00:00,2024-12-31 00:00:00,Unknown,Unknown,Unknown,Unknown,National Police of Ukraine,https://www.npu.gov.ua/news/troie-myrnykh-zhyteliv-donechchyny-zaznaly-poranen-vnaslidok-rosiiskykh-atak,"Donetsk Oblast, Ukraine","47.96067, 37.834438",State/Region/Province (ADM1),Origin,Displacement without preventive evacuations reported,2024-04-09T16:26:56.069424Z,"Ukraine: 381 displacements (evacuated), 03 April - 03 April. According to the National Police of Ukraine, 381 people have been evacuated in Donetsk Oblast on 03 April due to military operations.",https://www.npu.gov.ua/news/troie-myrnykh-zhyteliv-donechchyny-zaznaly-poranen-vnaslidok-rosiiskykh-atak,Conflict
143717.0,Ukraine,UKR,47.96067,37.834438,"[47.96067, 37.834438]",Recommended figure,Conflict,total,355,2024-04-02 00:00:00,2024-04-02 00:00:00,2024-04-02 00:00:00,2024,22790.0,Ukraine: International armed conflict (IAC) - Donetsk - 2024,2024-01-01 00:00:00,2024-12-31 00:00:00,Unknown,Unknown,Unknown,Unknown,National Police of Ukraine,https://dn.npu.gov.ua/news/rosiiski-viiska-obstrilialy-10-naselenykh-punktiv-donechchyny-politsiia-zadokumentuvala-naslidky-vorozhykh-atak,"Donetsk Oblast, Ukraine","47.96067, 37.834438",State/Region/Province (ADM1),Origin,Displacement without preventive evacuations reported,2024-04-02T12:09:54.820271Z,"Ukraine: 355 displacements (evacuated), 02 April - 02 April. According to the National Police of Ukraine, 355 people have been evacuated in Donetsk Oblast on 02 April due to military operations.",https://dn.npu.gov.ua/news/rosiiski-viiska-obstrilialy-10-naselenykh-punktiv-donechchyny-politsiia-zadokumentuvala-naslidky-vorozhykh-atak,Conflict
145190.0,Ukraine,UKR,50.138599,35.523251,"[50.138599, 35.523251]",Recommended figure,Conflict,total,20,2024-04-02 00:00:00,2024-04-02 00:00:00,2024-04-02 00:00:00,2024,20827.0,Ukraine: International armed conflict (IAC)  - Countrywide - 2024,2024-01-01 00:00:00,2024-12-31 00:00:00,Unknown,Unknown,Unknown,Unknown,National Police of Ukraine,https://www.npu.gov.ua/news/rosiiany-vbyly-tsyvilnoho-cholovika-ta-dytynu-slidchi-zadokumentuvaly-naslidky-voiennykh-zlochyniv-za-dobu,"Bohodukhiv Raion, Kharkiv Oblast, Ukraine","50.138599, 35.523251",District/Zone/Department (ADM2),Origin,Unknown,2024-04-09T15:45:51.527219Z,"Ukraine: 20 displacements (destroyed housing), 02 April - 02 April. According to the National Police of Ukraine, 8 homes were destroyed in he village of Ivashki, Bogodukhiv district due to military operations on 02 April.",https://www.npu.gov.ua/news/rosiiany-vbyly-tsyvilnoho-cholovika-ta-dytynu-slidchi-zadokumentuvaly-naslidky-voiennykh-zlochyniv-za-dobu,Conflict
143705.0,Ukraine,UKR,46.75045,32.951981,"[46.75045, 32.951981]",Recommended figure,Conflict,total,3,2024-04-02 00:00:00,2024-04-02 00:00:00,2024-04-02 00:00:00,2024,20827.0,Ukraine: International armed conflict (IAC)  - Countrywide - 2024,2024-01-01 00:00:00,2024-12-31 00:00:00,Unknown,Unknown,Unknown,Unknown,National Police of Ukraine,https://www.npu.gov.ua/news/politsiia-zadokumentuvala-18-voiennykh-zlochyniv-armii-rf-na-khersonshchyni,"Tokarivka, Bilozerka Raion, Kherson Oblast, Ukraine","46.75045, 32.951981",County/City/town/Village/Woreda (ADM3),Origin,Unknown,2024-04-02T11:51:38.931160Z,"Ukraine: 3 displacements (destroyed housing), 02 April - 02 April. According to the National Police of Ukraine, a house was destroyed in Tokarivka (Kherson Oblast) on April 2 due to military operations.",https://www.npu.gov.ua/news/politsiia-zadokumentuvala-18-voiennykh-zlochyniv-armii-rf-na-khersonshchyni,Conflict
143706.0,Ukraine,UKR,47.14571,35.73764,"[47.14571, 35.73764]",Recommended figure,Conflict,more than or equal to,3,2024-04-01 00:00:00,2024-04-01 00:00:00,2024-04-01 00:00:00,2024,20827.0,Ukraine: International armed conflict (IAC)  - Countrywide - 2024,2024-01-01 00:00:00,2024-12-31 00:00:00,Unknown,Unknown,Unknown,Unknown,National Police of Ukraine,https://www.npu.gov.ua/news/na-zaporizhzhi-politseiski-zadokumentuvaly-naslidky-353-vorozhykh-vluchan,"Zaporizhia Oblast, Ukraine","47.14571, 35.73764",State/Region/Province (ADM1),Origin,Unknown,2024-04-02T11:54:35.822027Z,"Ukraine: 3 displacements (destroyed housing), 01 April - 01 April. According to the National Police of Ukraine, residential buildings were destroyed and damaged in settlements on the frontline in the Zaporizhia region on April 1 due to military operations.",https://www.npu.gov.ua/news/na-zaporizhzhi-politseiski-zadokumentuvaly-naslidky-353-vorozhykh-vluchan,Conflict
143716.0,Ukraine,UKR,47.96067,37.834438,"[47.96067, 37.834438]",Recommended figure,Conflict,total,382,2024-04-01 00:00:00,2024-04-01 00:00:00,2024-04-01 00:00:00,2024,22790.0,Ukraine: International armed conflict (IAC) - Donetsk - 2024,2024-01-01 00:00:00,2024-12-31 00:00:00,Unknown,Unknown,Unknown,Unknown,National Police of Ukraine,https://www.npu.gov.ua/news/okupanty-atakuvaly-7-naselenykh-punktiv-donechchyny-poranyly-trokh-liudei-sered-nykh-dytyna,"Donetsk Oblast, Ukraine","47.96067, 37.834438",State/Region/Province (ADM1),Origin,Displacement without preventive evacuations reported,2024-04-02T12:08:42.854773Z,"Ukraine: 382 displacements (evacuated), 01 April - 01 April. According to the National Police of Ukraine, 382 people have been evacuated in Donetsk Oblast on 01 April due to military operations.",https://www.npu.gov.ua/news/okupanty-atakuvaly-7-naselenykh-punktiv-donechchyny-poranyly-trokh-liudei-sered-nykh-dytyna,Conflict
143715.0,Ukraine,UKR,47.96067,37.834438,"[47.96067, 37.834438]",Recommended figure,Conflict,total,584,2024-03-31 00:00:00,2024-03-31 00:00:00,2024-03-31 00:00:00,2024,22790.0,Ukraine: International armed conflict (IAC) - Donetsk - 2024,2024-01-01 00:00:00,2024-12-31 00:00:00,Unknown,Unknown,Unknown,Unknown,National Police of Ukraine,https://www.npu.gov.ua/news/dvi-liudyny-zahynulo-piatero-zaznaly-poranen-politsiia-donechchyny-zibrala-dokazy-voiennykh-zlochyniv-rf,"Donetsk Oblast, Ukraine","47.96067, 37.834438",State/Region/Province (ADM1),Origin,Displacement without preventive evacuations reported,2024-04-02T12:07:36.000762Z,"Ukraine: 584 displacements (evacuated), 31 March - 31 March. According to the National Police of Ukraine, 584 people have been evacuated in Donetsk Oblast on 31 March due to military operations.",https://www.npu.gov.ua/news/dvi-liudyny-zahynulo-piatero-zaznaly-poranen-politsiia-donechchyny-zibrala-dokazy-voiennykh-zlochyniv-rf,Conflict
